"","Region","Site","Survey_Date","Season","Vert_Transect_Dist_m","Quad_Dist_m","Quad_TH_m","Dead_Barnacles","Acorn_Barnacle_Balanus_Chthamalus","California_Mussel_M._californianus","Angled_Unicorn_Whelk_A._spirata","Dark_Unicorn_Whelk_M._lugubris","As_Count","Mex_Count","Mex_Status","As_Status","Mex_Present","As_Present","As_Log_Trans","Mex_Log_Trans","Avg_Lat","Prop_LiveBarn","Mussel_Prop"
"1","SoCal","Swami's",2022-04-15,"Spring",13,0,1.35,1,3,0,0,0,0,0,"Expanded","Historic",0,0,0,0,33.03537,0.75,0
"2","SoCal","Swami's",2022-04-15,"Spring",13,6.82,1.1,1,0,8,0,0,0,0,"Expanded","Historic",0,0,0,0,33.03537,0,0.08
"3","SoCal","Swami's",2022-04-15,"Spring",13,7.32,0.85,0,0,2,0,0,0,0,"Expanded","Historic",0,0,0,0,33.03537,NA,0.02
"4","SoCal","Swami's",2022-04-15,"Spring",13,16.81,0.6,0,0,3,0,0,0,0,"Expanded","Historic",0,0,0,0,33.03537,NA,0.03
"5","SoCal","Swami's",2022-04-15,"Spring",12,0,1.34,0,0.25,0,0,0,0,0,"Expanded","Historic",0,0,0,0,33.03537,1,0
"6","SoCal","Swami's",2022-04-15,"Spring",12,6.91,1.09,0,0,0,0,0,0,0,"Expanded","Historic",0,0,0,0,33.03537,NA,0
"7","SoCal","Swami's",2022-04-15,"Spring",12,19.54,0.84,0,0,4,0,0,0,0,"Expanded","Historic",0,0,0,0,33.03537,NA,0.04
"8","SoCal","Swami's",2022-04-15,"Spring",9,0,1.36,0,0,0,0,0,0,0,"Expanded","Historic",0,0,0,0,33.03537,NA,0
"9","SoCal","Swami's",2022-04-15,"Spring",9,6.34,1.11,0,12,17,0,0,0,0,"Expanded","Historic",0,0,0,0,33.03537,1,0.17
"10","SoCal","Swami's",2022-04-15,"Spring",9,19.22,0.86,0,0,0,0,0,0,0,"Expanded","Historic",0,0,0,0,33.03537,NA,0
"11","SoCal","Swami's",2022-04-15,"Spring",8,0,0.89,0,0,0,0,0,0,0,"Expanded","Historic",0,0,0,0,33.03537,NA,0
"12","SoCal","Swami's",2022-04-15,"Spring",1,0,1.31,0,15,15,0,0,0,0,"Expanded","Historic",0,0,0,0,33.03537,1,0.15
"13","SoCal","Swami's",2022-04-15,"Spring",1,9.88,1.06,0,2,8,0,2,0,1,"Expanded","Historic",1,0,0,0.693147180559945,33.03537,1,0.08
"14","SoCal","Swami's",2022-04-15,"Spring",1,10.23,0.81,0,0,0,0,0,0,0,"Expanded","Historic",0,0,0,0,33.03537,NA,0
"15","SoCal","Heisler Park",2022-04-13,"Spring",16,0,1.92,0.1,12,0,0,0,0,0,"Expanded","Historic",0,0,0,0,33.542376,0.991735537190083,0
"16","SoCal","Heisler Park",2022-04-13,"Spring",16,0.95,1.67,18,38,0,0,0,0,0,"Expanded","Historic",0,0,0,0,33.542376,0.678571428571429,0
"17","SoCal","Heisler Park",2022-04-13,"Spring",16,3.64,1.42,0.1,1,23,0,0,0,0,"Expanded","Historic",0,0,0,0,33.542376,0.909090909090909,0.23
"18","SoCal","Heisler Park",2022-04-13,"Spring",16,4.78,1.17,1,10,0.5,0,0,0,0,"Expanded","Historic",0,0,0,0,33.542376,0.909090909090909,0.005
"19","SoCal","Heisler Park",2022-04-13,"Spring",16,5.21,0.92,1,0.7,16,0,0,0,0,"Expanded","Historic",0,0,0,0,33.542376,0.411764705882353,0.16
"20","SoCal","Heisler Park",2022-04-13,"Spring",16,5.77,0.67,0,1,22,0,0,0,0,"Expanded","Historic",0,0,0,0,33.542376,1,0.22
"21","SoCal","Heisler Park",2022-04-13,"Spring",16,6.61,0.42,0,0,0,0,0,0,0,"Expanded","Historic",0,0,0,0,33.542376,NA,0
"22","SoCal","Heisler Park",2022-04-13,"Spring",16,9.36,0.17,0,13,0,0,0,0,0,"Expanded","Historic",0,0,0,0,33.542376,1,0
"23","SoCal","Heisler Park",2022-04-13,"Spring",6,0,1.86,0.1,15,0,0,0,0,0,"Expanded","Historic",0,0,0,0,33.542376,0.993377483443709,0
"24","SoCal","Heisler Park",2022-04-13,"Spring",6,0.66,1.61,2,7,0,0,0,0,0,"Expanded","Historic",0,0,0,0,33.542376,0.777777777777778,0
"25","SoCal","Heisler Park",2022-04-13,"Spring",6,2.33,1.36,0,2,0,0,0,0,0,"Expanded","Historic",0,0,0,0,33.542376,1,0
"26","SoCal","Heisler Park",2022-04-13,"Spring",6,3,1.11,0,0,0,0,0,0,0,"Expanded","Historic",0,0,0,0,33.542376,NA,0
"27","SoCal","Heisler Park",2022-04-13,"Spring",6,3.66,0.86,0,0.1,0,0,0,0,0,"Expanded","Historic",0,0,0,0,33.542376,1,0
"28","SoCal","Heisler Park",2022-04-13,"Spring",6,4.01,0.61,0,0.1,0,0,0,0,0,"Expanded","Historic",0,0,0,0,33.542376,1,0
"29","SoCal","Heisler Park",2022-04-13,"Spring",14,0,2.01,5,50,0,0,0,0,0,"Expanded","Historic",0,0,0,0,33.542376,0.909090909090909,0
"30","SoCal","Heisler Park",2022-04-13,"Spring",14,0.45,1.76,3,20,0,0,0,0,0,"Expanded","Historic",0,0,0,0,33.542376,0.869565217391304,0
"31","SoCal","Heisler Park",2022-04-13,"Spring",14,1.89,1.51,0.7,4,0,0,0,0,0,"Expanded","Historic",0,0,0,0,33.542376,0.851063829787234,0
"32","SoCal","Heisler Park",2022-04-13,"Spring",14,5.25,1.26,0.2,0,20,0,0,0,0,"Expanded","Historic",0,0,0,0,33.542376,0,0.2
"33","SoCal","Heisler Park",2022-04-13,"Spring",14,5.89,1.01,0.5,1,30,0,0,0,0,"Expanded","Historic",0,0,0,0,33.542376,0.666666666666667,0.3
"34","SoCal","Heisler Park",2022-04-13,"Spring",14,7.33,0.76,0,0,0,0,0,0,0,"Expanded","Historic",0,0,0,0,33.542376,NA,0
"35","SoCal","Heisler Park",2022-04-13,"Spring",14,8.43,0.51,0.1,0.1,0,0,0,0,0,"Expanded","Historic",0,0,0,0,33.542376,0.5,0
"36","SoCal","Heisler Park",2022-04-13,"Spring",7,0,1.71,0,0.5,0,0,0,0,0,"Expanded","Historic",0,0,0,0,33.542376,1,0
"37","SoCal","Heisler Park",2022-04-13,"Spring",7,1.05,1.46,8,13,0,0,0,0,0,"Expanded","Historic",0,0,0,0,33.542376,0.619047619047619,0
"38","SoCal","Heisler Park",2022-04-13,"Spring",7,2.49,1.21,0.1,5,0,0,0,0,0,"Expanded","Historic",0,0,0,0,33.542376,0.980392156862745,0
"39","SoCal","Heisler Park",2022-04-13,"Spring",7,3.65,0.96,0,0.3,5,0,0,0,0,"Expanded","Historic",0,0,0,0,33.542376,1,0.05
"40","SoCal","Heisler Park",2022-04-13,"Spring",7,4.9,0.71,0,0,0,0,0,0,0,"Expanded","Historic",0,0,0,0,33.542376,NA,0
"41","SoCal","Heisler Park",2022-04-13,"Spring",7,5.25,0.46,0,0,0,0,0,0,0,"Expanded","Historic",0,0,0,0,33.542376,NA,0
"42","SoCal","Heisler Park",2022-04-13,"Spring",4,0,1.79,3,16,0,0,0,0,0,"Expanded","Historic",0,0,0,0,33.542376,0.842105263157895,0
"43","SoCal","Heisler Park",2022-04-13,"Spring",4,0.75,1.54,1,21,0,0,0,0,0,"Expanded","Historic",0,0,0,0,33.542376,0.954545454545455,0
"44","SoCal","Heisler Park",2022-04-13,"Spring",4,1.44,1.29,0,0,1,0,0,0,0,"Expanded","Historic",0,0,0,0,33.542376,NA,0.01
"45","SoCal","Heisler Park",2022-04-13,"Spring",4,2.31,1.04,0,0,0,0,0,0,0,"Expanded","Historic",0,0,0,0,33.542376,NA,0
"46","SoCal","Heisler Park",2022-04-13,"Spring",4,2.72,0.79,0,0,0,0,0,0,0,"Expanded","Historic",0,0,0,0,33.542376,NA,0
"47","SoCal","Shaw's Cove",2022-04-20,"Spring",18,0,1.28,24,26,17,0,0,0,0,"NA","Historic",0,0,0,0,33.544744,0.52,0.17
"48","SoCal","Shaw's Cove",2022-04-20,"Spring",18,4.09,1.03,2,43,100,0,0,0,0,"NA","Historic",0,0,0,0,33.544744,0.955555555555556,1
"49","SoCal","Shaw's Cove",2022-04-20,"Spring",18,7.39,0.78,0.7,2,8,0,0,0,0,"NA","Historic",0,0,0,0,33.544744,0.740740740740741,0.08
"50","SoCal","Shaw's Cove",2022-04-20,"Spring",18,8,0.53,0,1,24,0,0,0,0,"NA","Historic",0,0,0,0,33.544744,1,0.24
"51","SoCal","Shaw's Cove",2022-04-20,"Spring",18,9.05,0.28,0,0,0,0,0,0,0,"NA","Historic",0,0,0,0,33.544744,NA,0
"52","SoCal","Shaw's Cove",2022-04-20,"Spring",17,0,1.22,2,2,12,0,0,0,0,"NA","Historic",0,0,0,0,33.544744,0.5,0.12
"53","SoCal","Shaw's Cove",2022-04-20,"Spring",17,4,0.97,1,25,75,0,0,0,0,"NA","Historic",0,0,0,0,33.544744,0.961538461538462,0.75
"54","SoCal","Shaw's Cove",2022-04-20,"Spring",17,6.75,0.72,1,10,40,0,0,0,0,"NA","Historic",0,0,0,0,33.544744,0.909090909090909,0.4
"55","SoCal","Shaw's Cove",2022-04-20,"Spring",17,7.73,0.47,0,0,9,0,0,0,0,"NA","Historic",0,0,0,0,33.544744,NA,0.09
"56","SoCal","Shaw's Cove",2022-04-20,"Spring",17,8.33,0.22,0,0,5,0,0,0,0,"NA","Historic",0,0,0,0,33.544744,NA,0.05
"57","SoCal","Shaw's Cove",2022-04-20,"Spring",15,0,1.01,0,0,0,0,0,0,0,"NA","Historic",0,0,0,0,33.544744,NA,0
"58","SoCal","Shaw's Cove",2022-04-20,"Spring",15,4.33,0.76,3,20,97,0,0,0,0,"NA","Historic",0,0,0,0,33.544744,0.869565217391304,0.97
"59","SoCal","Shaw's Cove",2022-04-20,"Spring",15,7.51,0.51,0,0.8,48,1,0,1,0,"NA","Historic",0,1,0.693147180559945,0,33.544744,1,0.48
"60","SoCal","Shaw's Cove",2022-04-20,"Spring",15,8.22,0.26,0,0,6,0,0,0,0,"NA","Historic",0,0,0,0,33.544744,NA,0.06
"61","SoCal","Shaw's Cove",2022-04-20,"Spring",13,0,1.36,17,42,31,0,0,0,0,"NA","Historic",0,0,0,0,33.544744,0.711864406779661,0.31
"62","SoCal","Shaw's Cove",2022-04-20,"Spring",13,4.64,1.11,0,10,92,0,0,0,0,"NA","Historic",0,0,0,0,33.544744,1,0.92
"63","SoCal","Shaw's Cove",2022-04-20,"Spring",13,5.55,0.86,0.7,9,53,0,0,0,0,"NA","Historic",0,0,0,0,33.544744,0.927835051546392,0.53
"64","SoCal","Shaw's Cove",2022-04-20,"Spring",13,6.13,0.61,0.1,7,19,0,0,0,0,"NA","Historic",0,0,0,0,33.544744,0.985915492957746,0.19
"65","SoCal","Shaw's Cove",2022-04-20,"Spring",13,7.55,0.36,1,0,12,0,0,0,0,"NA","Historic",0,0,0,0,33.544744,0,0.12
"66","SoCal","Shaw's Cove",2022-04-20,"Spring",13,9.4,0.11,0,0,3,0,0,0,0,"NA","Historic",0,0,0,0,33.544744,NA,0.03
"67","SoCal","Shaw's Cove",2022-04-20,"Spring",8,0,1.33,10,46,9,0,0,0,0,"NA","Historic",0,0,0,0,33.544744,0.821428571428571,0.09
"68","SoCal","Shaw's Cove",2022-04-20,"Spring",8,2.83,1.08,1,37,89,0,0,0,0,"NA","Historic",0,0,0,0,33.544744,0.973684210526316,0.89
"69","SoCal","Shaw's Cove",2022-04-20,"Spring",8,8.15,0.83,0.2,13,38,2,0,1,0,"NA","Historic",0,1,0.693147180559945,0,33.544744,0.984848484848485,0.38
"70","SoCal","Shaw's Cove",2022-04-20,"Spring",8,9.85,0.58,0,0.5,10,0,0,0,0,"NA","Historic",0,0,0,0,33.544744,1,0.1
"71","SoCal","Shaw's Cove",2022-04-20,"Spring",8,10.43,0.33,0,0,0,0,0,0,0,"NA","Historic",0,0,0,0,33.544744,NA,0
"72","SoCal","Victoria Beach",2022-04-19,"Spring",24,0,1.92,0,0,35,0,0,0,0,"Expanded","Historic",0,0,0,0,33.519642,NA,0.35
"73","SoCal","Victoria Beach",2022-04-19,"Spring",24,1.04,1.67,0,10,66,0,3,0,1,"Expanded","Historic",1,0,0,0.693147180559945,33.519642,1,0.66
"74","SoCal","Victoria Beach",2022-04-19,"Spring",24,1.54,1.42,0,6,100,0,0,0,0,"Expanded","Historic",0,0,0,0,33.519642,1,1
"75","SoCal","Victoria Beach",2022-04-19,"Spring",24,1.87,1.17,0,6,100,0,0,0,0,"Expanded","Historic",0,0,0,0,33.519642,1,1
"76","SoCal","Victoria Beach",2022-04-19,"Spring",24,2.15,0.92,0,8,100,0,0,0,0,"Expanded","Historic",0,0,0,0,33.519642,1,1
"77","SoCal","Victoria Beach",2022-04-19,"Spring",24,2.72,0.67,0,7,98,0,0,0,0,"Expanded","Historic",0,0,0,0,33.519642,1,0.98
"78","SoCal","Victoria Beach",2022-04-19,"Spring",24,3.65,0.42,0,7,73,0.5,0,1,0,"Expanded","Historic",0,1,0.693147180559945,0,33.519642,1,0.73
"79","SoCal","Victoria Beach",2022-04-19,"Spring",12,0,1.54,0,30,95,0,0,0,0,"Expanded","Historic",0,0,0,0,33.519642,1,0.95
"80","SoCal","Victoria Beach",2022-04-19,"Spring",12,3.7,1.04,0.1,2,76,1,2,2,1,"Expanded","Historic",1,1,1.09861228866811,0.693147180559945,33.519642,0.952380952380952,0.76
"81","SoCal","Victoria Beach",2022-04-19,"Spring",10,0,1.43,4,30,95,0.1,1,0,1,"Expanded","Historic",1,1,0,0.693147180559945,33.519642,0.882352941176471,0.95
"82","SoCal","Victoria Beach",2022-04-19,"Spring",10,1.84,1.18,4,80,100,0,0,0,1,"Expanded","Historic",0,0,0,0.693147180559945,33.519642,0.952380952380952,1
"83","SoCal","Victoria Beach",2022-04-19,"Spring",10,2.4,0.93,4,10,100,0.1,1,1,1,"Expanded","Historic",1,1,0.693147180559945,0.693147180559945,33.519642,0.714285714285714,1
"84","SoCal","Victoria Beach",2022-04-19,"Spring",10,3.3,0.68,0,4,90,1,0,4,0,"Expanded","Historic",0,1,1.6094379124341,0,33.519642,1,0.9
"85","SoCal","Victoria Beach",2022-04-19,"Spring",13,0,1.57,2,14,97,0,0,0,0,"Expanded","Historic",0,0,0,0,33.519642,0.875,0.97
"86","SoCal","Victoria Beach",2022-04-19,"Spring",13,1.63,1.32,3,15,98,1,0,1,0,"Expanded","Historic",0,1,0.693147180559945,0,33.519642,0.833333333333333,0.98
"87","SoCal","Victoria Beach",2022-04-19,"Spring",13,3.84,1.07,1,10,75,2,2,3,2,"Expanded","Historic",1,1,1.38629436111989,1.09861228866811,33.519642,0.909090909090909,0.75
"88","SoCal","Victoria Beach",2022-04-19,"Spring",13,6.43,0.82,0,10,100,0,0,0,0,"Expanded","Historic",0,0,0,0,33.519642,1,1
"89","SoCal","Victoria Beach",2022-04-19,"Spring",13,9.04,0.57,0,0,100,0,0,0,0,"Expanded","Historic",0,0,0,0,33.519642,NA,1
"90","SoCal","Victoria Beach",2022-04-19,"Spring",5,0,1.46,1,3,53,0,0,0,0,"Expanded","Historic",0,0,0,0,33.519642,0.75,0.53
"91","SoCal","Victoria Beach",2022-04-19,"Spring",5,1.1,1.21,0,43,68,0,0,0,0,"Expanded","Historic",0,0,0,0,33.519642,1,0.68
"92","SoCal","Victoria Beach",2022-04-19,"Spring",5,1.56,0.96,0,22,78,0,0,0,0,"Expanded","Historic",0,0,0,0,33.519642,1,0.78
"93","SoCal","Victoria Beach",2022-04-19,"Spring",5,1.81,0.71,0,5,89,0,0,0,0,"Expanded","Historic",0,0,0,0,33.519642,1,0.89
"94","SoCal","Victoria Beach",2022-04-19,"Spring",5,2.15,0.46,0,12,87,0,0,0,0,"Expanded","Historic",0,0,0,0,33.519642,1,0.87
"95","SoCal","Victoria Beach",2022-04-19,"Spring",5,2.4,0.21,0,14,36,0,0,0,0,"Expanded","Historic",0,0,0,0,33.519642,1,0.36
"96","SoCal","Crystal Cove",2022-04-21,"Spring",23,0,0.97,0.2,3,10,0,0,0,0,"NA","Historic",0,0,0,0,33.568624,0.9375,0.1
"97","SoCal","Crystal Cove",2022-04-21,"Spring",23,2.11,0.72,0,0.1,0,0,0,0,0,"NA","Historic",0,0,0,0,33.568624,1,0
"98","SoCal","Crystal Cove",2022-04-21,"Spring",23,14.5,0.47,0,0,0,0,0,0,0,"NA","Historic",0,0,0,0,33.568624,NA,0
"99","SoCal","Crystal Cove",2022-04-21,"Spring",23,18.61,0.22,0,0,0,0,0,0,0,"NA","Historic",0,0,0,0,33.568624,NA,0
"100","SoCal","Crystal Cove",2022-04-21,"Spring",23,18.75,-0.03,0,0,0,0,0,0,0,"NA","Historic",0,0,0,0,33.568624,NA,0
"101","SoCal","Crystal Cove",2022-04-21,"Spring",22,0,1.38,0.5,23,60,0,0,0,0,"NA","Historic",0,0,0,0,33.568624,0.978723404255319,0.6
"102","SoCal","Crystal Cove",2022-04-21,"Spring",22,1.45,1.13,10,30,0,0,0,0,0,"NA","Historic",0,0,0,0,33.568624,0.75,0
"103","SoCal","Crystal Cove",2022-04-21,"Spring",22,2.7,0.88,0,35,0,0,0,0,0,"NA","Historic",0,0,0,0,33.568624,1,0
"104","SoCal","Crystal Cove",2022-04-21,"Spring",22,4.14,0.63,0.5,6,0,0,0,0,0,"NA","Historic",0,0,0,0,33.568624,0.923076923076923,0
"105","SoCal","Crystal Cove",2022-04-21,"Spring",14,0,1.4,6,45,6,0,0,0,0,"NA","Historic",0,0,0,0,33.568624,0.882352941176471,0.06
"106","SoCal","Crystal Cove",2022-04-21,"Spring",14,0.65,1.15,0.1,2,20,0,0,0,0,"NA","Historic",0,0,0,0,33.568624,0.952380952380952,0.2
"107","SoCal","Crystal Cove",2022-04-21,"Spring",14,3.16,0.9,0.5,2,0,0,0,0,0,"NA","Historic",0,0,0,0,33.568624,0.8,0
"108","SoCal","Crystal Cove",2022-04-21,"Spring",14,15.9,0.65,0,0,0,0,0,0,0,"NA","Historic",0,0,0,0,33.568624,NA,0
"109","SoCal","Crystal Cove",2022-04-21,"Spring",8,0,2.05,7,75,1,0,0,0,0,"NA","Historic",0,0,0,0,33.568624,0.914634146341463,0.01
"110","SoCal","Crystal Cove",2022-04-21,"Spring",8,0.75,1.8,7,0,1,0,0,0,0,"NA","Historic",0,0,0,0,33.568624,0,0.01
"111","SoCal","Crystal Cove",2022-04-21,"Spring",8,1,1.55,3,0,40,0,0,0,0,"NA","Historic",0,0,0,0,33.568624,0,0.4
"112","SoCal","Crystal Cove",2022-04-21,"Spring",8,1.53,1.3,8,20,25,0,0,0,0,"NA","Historic",0,0,0,0,33.568624,0.714285714285714,0.25
"113","SoCal","Crystal Cove",2022-04-21,"Spring",8,2,1.05,1,2,12,0,0,0,0,"NA","Historic",0,0,0,0,33.568624,0.666666666666667,0.12
"114","SoCal","Crystal Cove",2022-04-21,"Spring",8,12.56,0.8,0,0,0,0,0,0,0,"NA","Historic",0,0,0,0,33.568624,NA,0
"115","SoCal","Crystal Cove",2022-04-21,"Spring",1,0,1.4,20,20,25,0,0,0,0,"NA","Historic",0,0,0,0,33.568624,0.5,0.25
"116","SoCal","Crystal Cove",2022-04-21,"Spring",1,1.18,1.15,2,3,55,0.2,0,1,0,"NA","Historic",0,1,0.693147180559945,0,33.568624,0.6,0.55
"117","SoCal","Crystal Cove",2022-04-21,"Spring",1,1.9,0.9,1,0,25,0.2,0,1,0,"NA","Historic",0,1,0.693147180559945,0,33.568624,0,0.25
"118","SoCal","Crystal Cove",2022-04-21,"Spring",1,2.46,0.65,0.2,0.2,4,0,0,0,0,"NA","Historic",0,0,0,0,33.568624,0.5,0.04
"119","SoCal","Crystal Cove",2022-04-21,"Spring",1,3.7,0.4,0.1,0.1,0,0,0,0,0,"NA","Historic",0,0,0,0,33.568624,0.5,0
"120","SoCal","Crystal Cove",2022-04-21,"Spring",1,14,0.15,0.1,0.3,0,0,0,0,0,"NA","Historic",0,0,0,0,33.568624,0.75,0
"121","SoCal","Crystal Cove",2022-04-21,"Spring",1,24.7,-0.1,0,0,0,0,0,0,0,"NA","Historic",0,0,0,0,33.568624,NA,0
"122","Baja","Saldamando",2022-05-20,"Spring",13,0,1.28,0.2,2,0,0,0,0,0,"Historic","Historic",0,0,0,0,31.928424,0.909090909090909,0
"123","Baja","Saldamando",2022-05-20,"Spring",13,0.63,1.03,0.1,4,0,0,0,0,0,"Historic","Historic",0,0,0,0,31.928424,0.975609756097561,0
"124","Baja","Saldamando",2022-05-20,"Spring",13,11.79,0.78,0,10,6,0,0,0,0,"Historic","Historic",0,0,0,0,31.928424,1,0.06
"125","Baja","Saldamando",2022-05-20,"Spring",13,12.48,0.53,0,0,0,3,2,3,1,"Historic","Historic",1,1,1.38629436111989,0.693147180559945,31.928424,NA,0
"126","Baja","Saldamando",2022-05-20,"Spring",18,1.9,1.2,2,48,0,0,0,0,0,"Historic","Historic",0,0,0,0,31.928424,0.96,0
"127","Baja","Saldamando",2022-05-20,"Spring",18,2.43,0.95,0,47,0,0,1,0,1,"Historic","Historic",1,0,0,0.693147180559945,31.928424,1,0
"128","Baja","Saldamando",2022-05-20,"Spring",18,12.09,0.7,0,0,31,3,12,14,12,"Historic","Historic",1,1,2.70805020110221,2.56494935746154,31.928424,NA,0.31
"129","Baja","Saldamando",2022-05-20,"Spring",17,0,0.84,0,4,0,0,0,0,0,"Historic","Historic",0,0,0,0,31.928424,1,0
"130","Baja","Saldamando",2022-05-20,"Spring",17,8.5,0.59,0,80,0,0,3,0,1,"Historic","Historic",1,0,0,0.693147180559945,31.928424,1,0
"131","Baja","Saldamando",2022-05-20,"Spring",17,11.4,0.34,0,20,0,0,0,0,0,"Historic","Historic",0,0,0,0,31.928424,1,0
"132","Baja","Saldamando",2022-05-20,"Spring",22,0,0.72,0,0,0,0,0,0,0,"Historic","Historic",0,0,0,0,31.928424,NA,0
"133","Baja","Saldamando",2022-05-20,"Spring",22,10.7,0.47,0,21,0,0.2,0,1,0,"Historic","Historic",0,1,0.693147180559945,0,31.928424,1,0
"134","Baja","Saldamando",2022-05-20,"Spring",16,3.8,1.2,3,20,0,0,1,0,3,"Historic","Historic",1,0,0,1.38629436111989,31.928424,0.869565217391304,0
"135","Baja","Saldamando",2022-05-20,"Spring",16,12.6,0.95,0,1,2,0.5,0,2,0,"Historic","Historic",0,1,1.09861228866811,0,31.928424,1,0.02
"136","Baja","San Miguel",2022-05-19,"Spring",16,0,1.3,18,2,0,0,0,0,0,"Historic","Historic",0,0,0,0,31.901838,0.1,0
"137","Baja","San Miguel",2022-05-19,"Spring",16,0.73,1.05,0,85,0,0,9,0,8,"Historic","Historic",1,0,0,2.19722457733622,31.901838,1,0
"138","Baja","San Miguel",2022-05-19,"Spring",16,1.22,0.8,5,25,0,0,2,0,3,"Historic","Historic",1,0,0,1.38629436111989,31.901838,0.833333333333333,0
"139","Baja","San Miguel",2022-05-19,"Spring",16,5.38,0.55,0.1,24,0,0,0,0,0,"Historic","Historic",0,0,0,0,31.901838,0.995850622406639,0
"140","Baja","San Miguel",2022-05-19,"Spring",16,18.94,0.3,0,0,0,0,0,0,0,"Historic","Historic",0,0,0,0,31.901838,NA,0
"141","Baja","San Miguel",2022-05-19,"Spring",16,21.66,0.05,0,0,0,0,0,0,0,"Historic","Historic",0,0,0,0,31.901838,NA,0
"142","Baja","San Miguel",2022-05-19,"Spring",7,0,1.22,0,0.1,0,0,0,0,0,"Historic","Historic",0,0,0,0,31.901838,1,0
"143","Baja","San Miguel",2022-05-19,"Spring",7,0.56,0.97,0,0,0,0,0,0,0,"Historic","Historic",0,0,0,0,31.901838,NA,0
"144","Baja","San Miguel",2022-05-19,"Spring",7,4.24,0.72,5,7,0,0,0,0,0,"Historic","Historic",0,0,0,0,31.901838,0.583333333333333,0
"145","Baja","San Miguel",2022-05-19,"Spring",7,7.36,0.47,0,56,0,0,0,0,0,"Historic","Historic",0,0,0,0,31.901838,1,0
"146","Baja","San Miguel",2022-05-19,"Spring",7,14.48,0.22,0,0,0,0,0,0,0,"Historic","Historic",0,0,0,0,31.901838,NA,0
"147","Baja","San Miguel",2022-05-19,"Spring",7,18.57,-0.03,0,0,0,0,0,0,0,"Historic","Historic",0,0,0,0,31.901838,NA,0
"148","Baja","San Miguel",2022-05-19,"Spring",17,0,1.28,0,35,0,0,0,0,0,"Historic","Historic",0,0,0,0,31.901838,1,0
"149","Baja","San Miguel",2022-05-19,"Spring",17,0.45,1.03,0,16,0,0,4,0,2,"Historic","Historic",1,0,0,1.09861228866811,31.901838,1,0
"150","Baja","San Miguel",2022-05-19,"Spring",17,1.35,0.78,0,0,0,0,0,0,0,"Historic","Historic",0,0,0,0,31.901838,NA,0
"151","Baja","San Miguel",2022-05-19,"Spring",17,2.15,0.53,0,12,0,0,0,0,0,"Historic","Historic",0,0,0,0,31.901838,1,0
"152","Baja","San Miguel",2022-05-19,"Spring",17,2.8,0.28,0,0,0,0,0,0,0,"Historic","Historic",0,0,0,0,31.901838,NA,0
"153","Baja","San Miguel",2022-05-19,"Spring",17,3.75,0.03,0,25,0,0,0,0,0,"Historic","Historic",0,0,0,0,31.901838,1,0
"154","Baja","San Miguel",2022-05-19,"Spring",17,5.4,-0.22,0,25,0,0,0,0,0,"Historic","Historic",0,0,0,0,31.901838,1,0
"155","Baja","San Miguel",2022-05-19,"Spring",17,19.2,-0.47,0,8,0,0,0,0,0,"Historic","Historic",0,0,0,0,31.901838,1,0
"156","Baja","San Miguel",2022-05-19,"Spring",21,2.8,1.51,30,50,0,0,3,0,4,"Historic","Historic",1,0,0,1.6094379124341,31.901838,0.625,0
"157","Baja","San Miguel",2022-05-19,"Spring",21,3.19,1.26,40,50,0,0,0,0,0,"Historic","Historic",0,0,0,0,31.901838,0.555555555555556,0
"158","Baja","San Miguel",2022-05-19,"Spring",21,3.45,1.01,20,80,0,0,0,0,0,"Historic","Historic",0,0,0,0,31.901838,0.8,0
"159","Baja","San Miguel",2022-05-19,"Spring",21,3.79,0.76,0,50,0,0,0,0,0,"Historic","Historic",0,0,0,0,31.901838,1,0
"160","Baja","San Miguel",2022-05-19,"Spring",21,7.05,0.51,0,60,0,0,0,0,0,"Historic","Historic",0,0,0,0,31.901838,1,0
"161","Baja","San Miguel",2022-05-19,"Spring",21,23.5,0.26,0,0.2,0,0,0,0,0,"Historic","Historic",0,0,0,0,31.901838,1,0
"162","Baja","San Miguel",2022-05-19,"Spring",22,0,1.16,20,30,0,0,2,0,4,"Historic","Historic",1,0,0,1.6094379124341,31.901838,0.6,0
"163","Baja","San Miguel",2022-05-19,"Spring",22,0.63,0.91,0,85,0,0,0,0,0,"Historic","Historic",0,0,0,0,31.901838,1,0
"164","Baja","San Miguel",2022-05-19,"Spring",22,4,0.66,0.1,20,0,0,0,0,0,"Historic","Historic",0,0,0,0,31.901838,0.99502487562189,0
"165","Baja","San Miguel",2022-05-19,"Spring",22,24,0.41,0,0,0,0,0,0,0,"Historic","Historic",0,0,0,0,31.901838,NA,0
"166","Baja","Punta Morro",2022-05-22,"Spring",2,0,0.86,8,94,0,0,0,0,0,"Historic","Historic",0,0,0,0,31.8615,0.92156862745098,0
"167","Baja","Punta Morro",2022-05-22,"Spring",2,0.54,0.61,16,45,0,0,0,0,0,"Historic","Historic",0,0,0,0,31.8615,0.737704918032787,0
"168","Baja","Punta Morro",2022-05-22,"Spring",2,1.9,0.36,0.3,62,0,0,0,0,0,"Historic","Historic",0,0,0,0,31.8615,0.995184590690209,0
"169","Baja","Punta Morro",2022-05-22,"Spring",2,3.23,0.11,0,3,0,0,0,0,0,"Historic","Historic",0,0,0,0,31.8615,1,0
"170","Baja","Punta Morro",2022-05-22,"Spring",2,22.52,-0.14,0,5,0,0,0,0,0,"Historic","Historic",0,0,0,0,31.8615,1,0
"171","Baja","Punta Morro",2022-05-22,"Spring",2,23.3,-0.39,0,0,0,0,0,0,0,"Historic","Historic",0,0,0,0,31.8615,NA,0
"172","Baja","Punta Morro",2022-05-22,"Spring",3,0,0.77,12,41,0,0,0,0,0,"Historic","Historic",0,0,0,0,31.8615,0.773584905660377,0
"173","Baja","Punta Morro",2022-05-22,"Spring",3,22.5,0.52,0,36,0,0,0,0,0,"Historic","Historic",0,0,0,0,31.8615,1,0
"174","Baja","Punta Morro",2022-05-22,"Spring",3,23.37,0.27,0,2,0,0,0,0,0,"Historic","Historic",0,0,0,0,31.8615,1,0
"175","Baja","Punta Morro",2022-05-22,"Spring",11,0,0.88,0,90,0,0,1,0,1,"Historic","Historic",1,0,0,0.693147180559945,31.8615,1,0
"176","Baja","Punta Morro",2022-05-22,"Spring",11,1.95,0.63,0,60,0,0,1,0,1,"Historic","Historic",1,0,0,0.693147180559945,31.8615,1,0
"177","Baja","Punta Morro",2022-05-22,"Spring",11,9.4,0.38,0,12,0,0,0,0,0,"Historic","Historic",0,0,0,0,31.8615,1,0
"178","Baja","Punta Morro",2022-05-22,"Spring",11,25.15,0.13,0,0,0,0,0,0,0,"Historic","Historic",0,0,0,0,31.8615,NA,0
"179","Baja","Punta Morro",2022-05-22,"Spring",10,0,1.1,2,93,0,0,0,0,0,"Historic","Historic",0,0,0,0,31.8615,0.978947368421053,0
"180","Baja","Punta Morro",2022-05-22,"Spring",10,0.9,0.85,0,35,0,0,7,0,12,"Historic","Historic",1,0,0,2.56494935746154,31.8615,1,0
"181","Baja","Punta Morro",2022-05-22,"Spring",10,2.38,0.6,19,71,0,0,40,0,113,"Historic","Historic",1,0,0,4.7361984483945,31.8615,0.788888888888889,0
"182","Baja","Punta Morro",2022-05-22,"Spring",10,21.6,0.35,0,0,0,0,0,0,0,"Historic","Historic",0,0,0,0,31.8615,NA,0
"183","Baja","Punta Morro",2022-05-22,"Spring",19,0,0.93,1,93,0,0,0.5,0,1,"Historic","Historic",1,0,0,0.693147180559945,31.8615,0.98936170212766,0
"184","Baja","Punta Morro",2022-05-22,"Spring",19,0.4,0.68,1,85,0,0,1,0,2,"Historic","Historic",1,0,0,1.09861228866811,31.8615,0.988372093023256,0
"185","Baja","Punta Morro",2022-05-22,"Spring",19,0.69,0.43,0.5,32,0,0,0,0,0,"Historic","Historic",0,0,0,0,31.8615,0.984615384615385,0
"186","Baja","Punta Morro",2022-05-22,"Spring",19,2.63,0.18,0.1,38,0,0,0,0,0,"Historic","Historic",0,0,0,0,31.8615,0.997375328083989,0
"187","Baja","Punta Morro",2022-05-22,"Spring",19,4.5,-0.07,0.1,8,0,0,0,0,0,"Historic","Historic",0,0,0,0,31.8615,0.987654320987654,0
"188","Baja","Campo Kennedy",2022-05-21,"Spring",3,0,1.17,0,10,0,0,0,0,0,"Historic","Historic",0,0,0,0,31.702572,1,0
"189","Baja","Campo Kennedy",2022-05-21,"Spring",3,1.2,0.92,0,50,0,0,0,0,0,"Historic","Historic",0,0,0,0,31.702572,1,0
"190","Baja","Campo Kennedy",2022-05-21,"Spring",3,3,0.67,0,80,0,0,0,0,0,"Historic","Historic",0,0,0,0,31.702572,1,0
"191","Baja","Campo Kennedy",2022-05-21,"Spring",3,4.5,0.42,0,50,2,0,0,0,0,"Historic","Historic",0,0,0,0,31.702572,1,0.02
"192","Baja","Campo Kennedy",2022-05-21,"Spring",3,5.66,0.17,0,0,0,3,0,2,0,"Historic","Historic",0,1,1.09861228866811,0,31.702572,NA,0
"193","Baja","Campo Kennedy",2022-05-21,"Spring",7,0,1.1,15,20,0,0,0,0,0,"Historic","Historic",0,0,0,0,31.702572,0.571428571428571,0
"194","Baja","Campo Kennedy",2022-05-21,"Spring",7,2.1,0.85,30,25,0,0,0,0,0,"Historic","Historic",0,0,0,0,31.702572,0.454545454545455,0
"195","Baja","Campo Kennedy",2022-05-21,"Spring",7,3.25,0.6,0.5,35,0,0,0,0,0,"Historic","Historic",0,0,0,0,31.702572,0.985915492957746,0
"196","Baja","Campo Kennedy",2022-05-21,"Spring",7,5.6,0.35,0,0,0,0,0,0,0,"Historic","Historic",0,0,0,0,31.702572,NA,0
"197","Baja","Campo Kennedy",2022-05-21,"Spring",7,5.95,0.1,0.5,1,5,0,0,0,0,"Historic","Historic",0,0,0,0,31.702572,0.666666666666667,0.05
"198","Baja","Campo Kennedy",2022-05-21,"Spring",16,0,1.5,0.1,14,0,0,0,0,0,"Historic","Historic",0,0,0,0,31.702572,0.99290780141844,0
"199","Baja","Campo Kennedy",2022-05-21,"Spring",16,0.75,1.25,1,6,0,0,0,0,0,"Historic","Historic",0,0,0,0,31.702572,0.857142857142857,0
"200","Baja","Campo Kennedy",2022-05-21,"Spring",16,1.2,1,2,90,0,0,0,0,0,"Historic","Historic",0,0,0,0,31.702572,0.978260869565217,0
"201","Baja","Campo Kennedy",2022-05-21,"Spring",16,1.48,0.75,3,55,0,0,0,0,0,"Historic","Historic",0,0,0,0,31.702572,0.948275862068966,0
"202","Baja","Campo Kennedy",2022-05-21,"Spring",16,2.67,0.5,0.2,35,0,0,0,0,0,"Historic","Historic",0,0,0,0,31.702572,0.994318181818182,0
"203","Baja","Campo Kennedy",2022-05-21,"Spring",16,5,0.25,4,0,0.1,0,0,0,0,"Historic","Historic",0,0,0,0,31.702572,0,0.001
"204","Baja","Campo Kennedy",2022-05-21,"Spring",8,0.2,1.2,5,12,0,0,2,0,1,"Historic","Historic",1,0,0,0.693147180559945,31.702572,0.705882352941177,0
"205","Baja","Campo Kennedy",2022-05-21,"Spring",8,2.33,0.95,15,60,0,0,0,0,0,"Historic","Historic",0,0,0,0,31.702572,0.8,0
"206","Baja","Campo Kennedy",2022-05-21,"Spring",8,4.36,0.7,0.3,19,2,0,0,0,0,"Historic","Historic",0,0,0,0,31.702572,0.984455958549223,0.02
"207","Baja","Campo Kennedy",2022-05-21,"Spring",8,4.14,0.45,5,17,0,0,0,0,0,"Historic","Historic",0,0,0,0,31.702572,0.772727272727273,0
"208","Baja","Campo Kennedy",2022-05-21,"Spring",8,5.33,0.2,0,0,0.1,0,0,0,0,"Historic","Historic",0,0,0,0,31.702572,NA,0.001
"209","Baja","Campo Kennedy",2022-05-21,"Spring",10,0,0.95,15,12,1,0,0,0,0,"Historic","Historic",0,0,0,0,31.702572,0.444444444444444,0.01
"210","Baja","Campo Kennedy",2022-05-21,"Spring",10,2.54,0.7,14,63,0,0,0,0,0,"Historic","Historic",0,0,0,0,31.702572,0.818181818181818,0
"211","Baja","Campo Kennedy",2022-05-21,"Spring",10,3.6,0.45,7,40,0,0,0,0,0,"Historic","Historic",0,0,0,0,31.702572,0.851063829787234,0
"212","Baja","Campo Kennedy",2022-05-21,"Spring",10,4.18,0.2,0,2,0,0,0,0,0,"Historic","Historic",0,0,0,0,31.702572,1,0
"213","Baja","La Chorera Norte",2022-05-24,"Spring",9,0,1.26,0,25,0,0,0,0,0,"Historic","Historic",0,0,0,0,30.474696,1,0
"214","Baja","La Chorera Norte",2022-05-24,"Spring",9,1.21,1.01,0,30,0,0,4,0,12,"Historic","Historic",1,0,0,2.56494935746154,30.474696,1,0
"215","Baja","La Chorera Norte",2022-05-24,"Spring",9,1.6,0.76,15,0,0,0,0.5,0,1,"Historic","Historic",1,0,0,0.693147180559945,30.474696,0,0
"216","Baja","La Chorera Norte",2022-05-24,"Spring",9,3.1,0.51,0,0,0,0,0.5,0,1,"Historic","Historic",1,0,0,0.693147180559945,30.474696,NA,0
"217","Baja","La Chorera Norte",2022-05-24,"Spring",9,6.59,0.26,0,30,0,0,0.1,0,1,"Historic","Historic",1,0,0,0.693147180559945,30.474696,1,0
"218","Baja","La Chorera Norte",2022-05-24,"Spring",8,0,1.35,0,25,0,0,0.5,0,1,"Historic","Historic",1,0,0,0.693147180559945,30.474696,1,0
"219","Baja","La Chorera Norte",2022-05-24,"Spring",8,2.4,1.1,0,40,1,0,0,0,0,"Historic","Historic",0,0,0,0,30.474696,1,0.01
"220","Baja","La Chorera Norte",2022-05-24,"Spring",8,4.51,0.85,0,45,0,0,0.5,0,1,"Historic","Historic",1,0,0,0.693147180559945,30.474696,1,0
"221","Baja","La Chorera Norte",2022-05-24,"Spring",8,5.67,0.6,0,5,0,0,0.5,0,1,"Historic","Historic",1,0,0,0.693147180559945,30.474696,1,0
"222","Baja","La Chorera Norte",2022-05-24,"Spring",8,8.58,0.35,0.1,97,0,0,1,0,2,"Historic","Historic",1,0,0,1.09861228866811,30.474696,0.998970133882595,0
"223","Baja","La Chorera Norte",2022-05-24,"Spring",13,0,1.69,0,40,0,0,0,0,0,"Historic","Historic",0,0,0,0,30.474696,1,0
"224","Baja","La Chorera Norte",2022-05-24,"Spring",13,0.4,1.44,0,80,0,0,8,0,15,"Historic","Historic",1,0,0,2.77258872223978,30.474696,1,0
"225","Baja","La Chorera Norte",2022-05-24,"Spring",13,0.69,1.19,80,0,0,0,4,0,12,"Historic","Historic",1,0,0,2.56494935746154,30.474696,0,0
"226","Baja","La Chorera Norte",2022-05-24,"Spring",13,1,0.94,0,40,0,0,1,0,2,"Historic","Historic",1,0,0,1.09861228866811,30.474696,1,0
"227","Baja","La Chorera Norte",2022-05-24,"Spring",13,1.85,0.69,0,50,0,0,1,0,3,"Historic","Historic",1,0,0,1.38629436111989,30.474696,1,0
"228","Baja","La Chorera Norte",2022-05-24,"Spring",13,6.3,0.44,0,20,0,0,12,0,20,"Historic","Historic",1,0,0,3.04452243772342,30.474696,1,0
"229","Baja","La Chorera Norte",2022-05-24,"Spring",11,0,1.46,1,18,0,0,0,0,0,"Historic","Historic",0,0,0,0,30.474696,0.947368421052632,0
"230","Baja","La Chorera Norte",2022-05-24,"Spring",11,0.5,1.21,0,31,0,0,1,0,1,"Historic","Historic",1,0,0,0.693147180559945,30.474696,1,0
"231","Baja","La Chorera Norte",2022-05-24,"Spring",11,0.78,0.96,0,48,0,0,4,0,4,"Historic","Historic",1,0,0,1.6094379124341,30.474696,1,0
"232","Baja","La Chorera Norte",2022-05-24,"Spring",11,2.5,0.71,2,34,0,0,0,0,0,"Historic","Historic",0,0,0,0,30.474696,0.944444444444444,0
"233","Baja","La Chorera Norte",2022-05-24,"Spring",11,5.92,0.46,0.3,87,0,0,3,1,3,"Historic","Historic",1,0,0.693147180559945,1.38629436111989,30.474696,0.996563573883162,0
"234","Baja","La Chorera Norte",2022-05-24,"Spring",11,7.05,0.21,0,24,0,0,0,0,0,"Historic","Historic",0,0,0,0,30.474696,1,0
"235","Baja","La Chorera Norte",2022-05-24,"Spring",2,3.9,1.82,0,28,0,0,0,0,0,"Historic","Historic",0,0,0,0,30.474696,1,0
"236","Baja","La Chorera Norte",2022-05-24,"Spring",2,5,1.57,0,9,0,0,0,0,0,"Historic","Historic",0,0,0,0,30.474696,1,0
"237","Baja","La Chorera Norte",2022-05-24,"Spring",2,5.55,1.32,3,20,0,0,1,0,1,"Historic","Historic",1,0,0,0.693147180559945,30.474696,0.869565217391304,0
"238","Baja","La Chorera Norte",2022-05-24,"Spring",2,6.14,1.07,0,15,2,0,2,0,3,"Historic","Historic",1,0,0,1.38629436111989,30.474696,1,0.02
"239","Baja","La Chorera Norte",2022-05-24,"Spring",2,7.13,0.82,0,13,0,0,1,0,1,"Historic","Historic",1,0,0,0.693147180559945,30.474696,1,0
"240","Baja","La Chorera Norte",2022-05-24,"Spring",2,7.95,0.57,0,92,0,0,5,0,4,"Historic","Historic",1,0,0,1.6094379124341,30.474696,1,0
"241","Baja","La Chorera Norte",2022-05-24,"Spring",2,10.1,0.32,0.3,38,0,0,0,0,0,"Historic","Historic",0,0,0,0,30.474696,0.992167101827676,0
"242","Baja","La Chorera",2022-05-23,"Spring",1,0,1.64,0,3,0,0,1,0,1,"Historic","Historic",1,0,0,0.693147180559945,30.45955,1,0
"243","Baja","La Chorera",2022-05-23,"Spring",1,0.6,1.39,0.2,19,0,0,0,0,0,"Historic","Historic",0,0,0,0,30.45955,0.989583333333333,0
"244","Baja","La Chorera",2022-05-23,"Spring",1,5.06,1.14,0,0,0,0,0,0,3,"Historic","Historic",0,0,0,1.38629436111989,30.45955,NA,0
"245","Baja","La Chorera",2022-05-23,"Spring",1,11.31,0.89,0.1,12,0,0,0,0,0,"Historic","Historic",0,0,0,0,30.45955,0.991735537190083,0
"246","Baja","La Chorera",2022-05-23,"Spring",1,15.52,0.64,0,5,3,0,0,0,0,"Historic","Historic",0,0,0,0,30.45955,1,0.03
"247","Baja","La Chorera",2022-05-23,"Spring",1,19,0.39,0,0,0,0,0,0,0,"Historic","Historic",0,0,0,0,30.45955,NA,0
"248","Baja","La Chorera",2022-05-23,"Spring",7,0,1.99,0,0,0,0,0,0,0,"Historic","Historic",0,0,0,0,30.45955,NA,0
"249","Baja","La Chorera",2022-05-23,"Spring",7,1.34,1.74,0,2,0,0,0,0,0,"Historic","Historic",0,0,0,0,30.45955,1,0
"250","Baja","La Chorera",2022-05-23,"Spring",7,2.96,1.49,0,2,0,0,0,0,0,"Historic","Historic",0,0,0,0,30.45955,1,0
"251","Baja","La Chorera",2022-05-23,"Spring",7,3.7,1.24,0,50,0,0,5,0,6,"Historic","Historic",1,0,0,1.94591014905531,30.45955,1,0
"252","Baja","La Chorera",2022-05-23,"Spring",7,9.9,0.99,0,30,8,0,5,0,6,"Historic","Historic",1,0,0,1.94591014905531,30.45955,1,0.08
"253","Baja","La Chorera",2022-05-23,"Spring",7,13.6,0.74,0,5,20,0,3,0,2,"Historic","Historic",1,0,0,1.09861228866811,30.45955,1,0.2
"254","Baja","La Chorera",2022-05-23,"Spring",7,15,0.49,0,0,0,0,0,0,0,"Historic","Historic",0,0,0,0,30.45955,NA,0
"255","Baja","La Chorera",2022-05-23,"Spring",7,16.6,0.24,0,0,0,0,0,0,0,"Historic","Historic",0,0,0,0,30.45955,NA,0
"256","Baja","La Chorera",2022-05-23,"Spring",2,0,1.44,0,7,0,0,1,0,2,"Historic","Historic",1,0,0,1.09861228866811,30.45955,1,0
"257","Baja","La Chorera",2022-05-23,"Spring",2,5.19,1.19,0,1,0,0,1,0,1,"Historic","Historic",1,0,0,0.693147180559945,30.45955,1,0
"258","Baja","La Chorera",2022-05-23,"Spring",2,11.55,0.94,0,30,0,0,1,0,2,"Historic","Historic",1,0,0,1.09861228866811,30.45955,1,0
"259","Baja","La Chorera",2022-05-23,"Spring",2,13.68,0.69,0,0,0,0,0,0,0,"Historic","Historic",0,0,0,0,30.45955,NA,0
"260","Baja","La Chorera",2022-05-23,"Spring",17,0,1.61,0,0,0.1,1,0.5,1,1,"Historic","Historic",1,1,0.693147180559945,0.693147180559945,30.45955,NA,0.001
"261","Baja","La Chorera",2022-05-23,"Spring",17,1.1,1.36,0,5,0,0,1,0,1,"Historic","Historic",1,0,0,0.693147180559945,30.45955,1,0
"262","Baja","La Chorera",2022-05-23,"Spring",17,7.8,1.11,0,20,0,0,1,0,1,"Historic","Historic",1,0,0,0.693147180559945,30.45955,1,0
"263","Baja","La Chorera",2022-05-23,"Spring",17,9.46,0.86,0,0,1,0,0,0,0,"Historic","Historic",0,0,0,0,30.45955,NA,0.01
"264","Baja","La Chorera",2022-05-23,"Spring",17,11.1,0.61,0,0,0,0,0,0,0,"Historic","Historic",0,0,0,0,30.45955,NA,0
"265","Baja","La Chorera",2022-05-23,"Spring",17,14.1,0.36,0,0,0,0,0,0,0,"Historic","Historic",0,0,0,0,30.45955,NA,0
"266","Baja","La Chorera",2022-05-23,"Spring",18,0,1.89,0,12,0,0,1,0,1,"Historic","Historic",1,0,0,0.693147180559945,30.45955,1,0
"267","Baja","La Chorera",2022-05-23,"Spring",18,0.59,1.64,1,8,0,0,0,0,0,"Historic","Historic",0,0,0,0,30.45955,0.888888888888889,0
"268","Baja","La Chorera",2022-05-23,"Spring",18,1.16,1.39,0,9,0,0,0,0,0,"Historic","Historic",0,0,0,0,30.45955,1,0
"269","Baja","La Chorera",2022-05-23,"Spring",18,1.93,1.14,0,0,0,0,0,0,0,"Historic","Historic",0,0,0,0,30.45955,NA,0
"270","Baja","La Chorera",2022-05-23,"Spring",18,6.79,0.89,0,0,0,0,2,0,2,"Historic","Historic",1,0,0,1.09861228866811,30.45955,NA,0
"271","Baja","La Chorera",2022-05-23,"Spring",18,10.4,0.64,0,0,0,0,2,1,2,"Historic","Historic",1,0,0.693147180559945,1.09861228866811,30.45955,NA,0
"272","Baja","La Chorera",2022-05-23,"Spring",18,12.3,0.39,0,0,0,0,0,0,0,"Historic","Historic",0,0,0,0,30.45955,NA,0
"273","NorCal","Mendocino North",2022-06-18,"Spring",23,0,1.22,0,58,1,0,0,0,0,"NA","Expanded",0,0,0,0,40.39692,1,0.01
"274","NorCal","Mendocino North",2022-06-18,"Spring",23,0.53,0.97,0,29,0,0,0,0,0,"NA","Expanded",0,0,0,0,40.39692,1,0
"275","NorCal","Mendocino North",2022-06-18,"Spring",23,11.3,0.72,1,15,0,0,0,0,0,"NA","Expanded",0,0,0,0,40.39692,0.9375,0
"276","NorCal","Mendocino North",2022-06-18,"Spring",23,17.73,0.47,0.2,1,0,0,0,0,0,"NA","Expanded",0,0,0,0,40.39692,0.833333333333333,0
"277","NorCal","Mendocino North",2022-06-18,"Spring",25,0,1.59,10,59,0,0,0,0,0,"NA","Expanded",0,0,0,0,40.39692,0.855072463768116,0
"278","NorCal","Mendocino North",2022-06-18,"Spring",25,0.41,1.34,2,75,0,0,0,0,0,"NA","Expanded",0,0,0,0,40.39692,0.974025974025974,0
"279","NorCal","Mendocino North",2022-06-18,"Spring",25,0.75,1.09,6,85,0,0,0,0,0,"NA","Expanded",0,0,0,0,40.39692,0.934065934065934,0
"280","NorCal","Mendocino North",2022-06-18,"Spring",25,1.03,0.84,3,54,0,0,0,0,0,"NA","Expanded",0,0,0,0,40.39692,0.947368421052632,0
"281","NorCal","Mendocino North",2022-06-18,"Spring",25,4.74,0.59,14,0,0,0,0,0,0,"NA","Expanded",0,0,0,0,40.39692,0,0
"282","NorCal","Mendocino North",2022-06-18,"Spring",25,10.47,0.34,0,0,0,0,0,0,0,"NA","Expanded",0,0,0,0,40.39692,NA,0
"283","NorCal","Mendocino North",2022-06-18,"Spring",14,0,1.78,2,57,0.5,0,0,0,0,"NA","Expanded",0,0,0,0,40.39692,0.966101694915254,0.005
"284","NorCal","Mendocino North",2022-06-18,"Spring",14,0.53,1.53,2,48,3,0,0,0,0,"NA","Expanded",0,0,0,0,40.39692,0.96,0.03
"285","NorCal","Mendocino North",2022-06-18,"Spring",14,15.26,1.28,2,5,0,0,0,0,0,"NA","Expanded",0,0,0,0,40.39692,0.714285714285714,0
"286","NorCal","Mendocino North",2022-06-18,"Spring",14,16.09,1.03,2,40,0,0,0,0,0,"NA","Expanded",0,0,0,0,40.39692,0.952380952380952,0
"287","NorCal","Mendocino North",2022-06-18,"Spring",14,21.4,0.78,2,12,0,0,0,0,0,"NA","Expanded",0,0,0,0,40.39692,0.857142857142857,0
"288","NorCal","Mendocino North",2022-06-18,"Spring",14,23.89,0.53,0,8,0,0,0,0,0,"NA","Expanded",0,0,0,0,40.39692,1,0
"289","NorCal","Mendocino North",2022-06-18,"Spring",15,0,1.41,2,53,2,0,0,0,0,"NA","Expanded",0,0,0,0,40.39692,0.963636363636364,0.02
"290","NorCal","Mendocino North",2022-06-18,"Spring",15,0.45,1.16,4,14,1,0,0,0,0,"NA","Expanded",0,0,0,0,40.39692,0.777777777777778,0.01
"291","NorCal","Mendocino North",2022-06-18,"Spring",15,0.85,0.91,2,16,0,0,0,0,0,"NA","Expanded",0,0,0,0,40.39692,0.888888888888889,0
"292","NorCal","Mendocino North",2022-06-18,"Spring",15,1.16,0.66,3,23,0,0,0,0,0,"NA","Expanded",0,0,0,0,40.39692,0.884615384615385,0
"293","NorCal","Mendocino North",2022-06-18,"Spring",15,6.35,0.41,0,0,0,0,0,0,0,"NA","Expanded",0,0,0,0,40.39692,NA,0
"294","NorCal","Mendocino North",2022-06-18,"Spring",0,0,1.51,1,70,5,0,0,0,0,"NA","Expanded",0,0,0,0,40.39692,0.985915492957746,0.05
"295","NorCal","Mendocino North",2022-06-18,"Spring",0,0.65,1.26,2,29,2,0,0,0,0,"NA","Expanded",0,0,0,0,40.39692,0.935483870967742,0.02
"296","NorCal","Mendocino North",2022-06-18,"Spring",0,1,1.01,4,23,0,0,0,0,0,"NA","Expanded",0,0,0,0,40.39692,0.851851851851852,0
"297","NorCal","Mendocino North",2022-06-18,"Spring",0,1.45,0.76,6,14,0,0,0,0,0,"NA","Expanded",0,0,0,0,40.39692,0.7,0
"298","NorCal","Mendocino North",2022-06-18,"Spring",0,6.8,0.51,3,11,0,0,0,0,0,"NA","Expanded",0,0,0,0,40.39692,0.785714285714286,0
"299","NorCal","Mendocino South",2022-06-19,"Spring",7,1.1,1.29,0.5,23,0.1,0,0,0,0,"NA","Expanded",0,0,0,0,40.395224,0.978723404255319,0.001
"300","NorCal","Mendocino South",2022-06-19,"Spring",7,2.02,1.04,1,12,0,0,0,0,0,"NA","Expanded",0,0,0,0,40.395224,0.923076923076923,0
"301","NorCal","Mendocino South",2022-06-19,"Spring",7,6.51,0.79,0.5,48,0,0,0,0,0,"NA","Expanded",0,0,0,0,40.395224,0.989690721649485,0
"302","NorCal","Mendocino South",2022-06-19,"Spring",7,14.7,0.54,0,0,0,0,0,0,0,"NA","Expanded",0,0,0,0,40.395224,NA,0
"303","NorCal","Mendocino South",2022-06-19,"Spring",8,0,1.6,0.7,43,7,0,0,0,0,"NA","Expanded",0,0,0,0,40.395224,0.983981693363844,0.07
"304","NorCal","Mendocino South",2022-06-19,"Spring",8,0.71,1.35,1,54,0,0,0,0,0,"NA","Expanded",0,0,0,0,40.395224,0.981818181818182,0
"305","NorCal","Mendocino South",2022-06-19,"Spring",8,4.75,1.1,1,22,3,0,0,0,0,"NA","Expanded",0,0,0,0,40.395224,0.956521739130435,0.03
"306","NorCal","Mendocino South",2022-06-19,"Spring",8,5.05,0.85,3,24,0,0,0,0,0,"NA","Expanded",0,0,0,0,40.395224,0.888888888888889,0
"307","NorCal","Mendocino South",2022-06-19,"Spring",8,15.34,0.6,5,17,0,3,0,2,0,"NA","Expanded",0,1,1.09861228866811,0,40.395224,0.772727272727273,0
"308","NorCal","Mendocino South",2022-06-19,"Spring",10,0,1.97,2,40,14,0,0,0,0,"NA","Expanded",0,0,0,0,40.395224,0.952380952380952,0.14
"309","NorCal","Mendocino South",2022-06-19,"Spring",10,0.83,1.72,3,54,1,0,0,0,0,"NA","Expanded",0,0,0,0,40.395224,0.947368421052632,0.01
"310","NorCal","Mendocino South",2022-06-19,"Spring",10,1.13,1.47,2,54,0,0,0,0,0,"NA","Expanded",0,0,0,0,40.395224,0.964285714285714,0
"311","NorCal","Mendocino South",2022-06-19,"Spring",10,1.48,1.22,5,35,0.7,0,0,0,0,"NA","Expanded",0,0,0,0,40.395224,0.875,0.007
"312","NorCal","Mendocino South",2022-06-19,"Spring",10,3.96,0.97,4,34,0,0,0,0,0,"NA","Expanded",0,0,0,0,40.395224,0.894736842105263,0
"313","NorCal","Mendocino South",2022-06-19,"Spring",10,8.36,0.72,0.1,5,0,0,0,0,0,"NA","Expanded",0,0,0,0,40.395224,0.980392156862745,0
"314","NorCal","Mendocino South",2022-06-19,"Spring",9,0,1.94,0,27,0,0,0,0,0,"NA","Expanded",0,0,0,0,40.395224,1,0
"315","NorCal","Mendocino South",2022-06-19,"Spring",9,1.39,1.69,2,63,0.5,0,0,0,0,"NA","Expanded",0,0,0,0,40.395224,0.969230769230769,0.005
"316","NorCal","Mendocino South",2022-06-19,"Spring",9,1.63,1.44,3,43,1,0,0,0,0,"NA","Expanded",0,0,0,0,40.395224,0.934782608695652,0.01
"317","NorCal","Mendocino South",2022-06-19,"Spring",9,1.89,1.19,4,47,0,0,0,0,0,"NA","Expanded",0,0,0,0,40.395224,0.92156862745098,0
"318","NorCal","Mendocino South",2022-06-19,"Spring",9,11.85,0.94,0.8,51,0,0,0,0,0,"NA","Expanded",0,0,0,0,40.395224,0.984555984555985,0
"319","NorCal","Mendocino South",2022-06-19,"Spring",9,14.9,0.69,2,28,0,0,0,0,0,"NA","Expanded",0,0,0,0,40.395224,0.933333333333333,0
"320","NorCal","Mendocino South",2022-06-19,"Spring",24,0,1.18,1,33,0,0,0,0,0,"NA","Expanded",0,0,0,0,40.395224,0.970588235294118,0
"321","NorCal","Mendocino South",2022-06-19,"Spring",24,0.41,0.93,0.3,2,0,0,0,0,0,"NA","Expanded",0,0,0,0,40.395224,0.869565217391304,0
"322","NorCal","Mendocino South",2022-06-19,"Spring",24,0.75,0.68,0.1,2,0,0,0,0,0,"NA","Expanded",0,0,0,0,40.395224,0.952380952380952,0
"323","NorCal","Mendocino South",2022-06-19,"Spring",24,10.84,0.43,0.2,2,0,0,0,0,0,"NA","Expanded",0,0,0,0,40.395224,0.909090909090909,0
"324","NorCal","Moat Creek",2022-06-17,"Spring",2,0,1.88,1,2,0,0,0,0,0,"NA","NA",0,0,0,0,38.881234,0.666666666666667,0
"325","NorCal","Moat Creek",2022-06-17,"Spring",2,1.23,1.63,3,1,5,0,0,0,0,"NA","NA",0,0,0,0,38.881234,0.25,0.05
"326","NorCal","Moat Creek",2022-06-17,"Spring",2,3.19,1.38,2,4,0,0,0,0,0,"NA","NA",0,0,0,0,38.881234,0.666666666666667,0
"327","NorCal","Moat Creek",2022-06-17,"Spring",2,12.65,1.13,1,3,0,0,0,0,0,"NA","NA",0,0,0,0,38.881234,0.75,0
"328","NorCal","Moat Creek",2022-06-17,"Spring",2,14.27,0.88,0,0,0,0,0,0,0,"NA","NA",0,0,0,0,38.881234,NA,0
"329","NorCal","Moat Creek",2022-06-17,"Spring",2,14.71,0.63,0,0,0,0,0,0,0,"NA","NA",0,0,0,0,38.881234,NA,0
"330","NorCal","Moat Creek",2022-06-17,"Spring",2,16.17,0.38,0,0,0,0,0,0,0,"NA","NA",0,0,0,0,38.881234,NA,0
"331","NorCal","Moat Creek",2022-06-17,"Spring",3,0,1.8,2,0.9,0,0,0,0,0,"NA","NA",0,0,0,0,38.881234,0.310344827586207,0
"332","NorCal","Moat Creek",2022-06-17,"Spring",3,1.22,1.55,0.2,4,0,0,0,0,0,"NA","NA",0,0,0,0,38.881234,0.952380952380952,0
"333","NorCal","Moat Creek",2022-06-17,"Spring",3,2.82,1.3,0.2,1,0,0,0,0,0,"NA","NA",0,0,0,0,38.881234,0.833333333333333,0
"334","NorCal","Moat Creek",2022-06-17,"Spring",3,3.84,1.05,80.9,31,0,0,0,0,0,"NA","NA",0,0,0,0,38.881234,0.277033065236819,0
"335","NorCal","Moat Creek",2022-06-17,"Spring",3,4.29,0.8,0.3,22,0,0,0,0,0,"NA","NA",0,0,0,0,38.881234,0.986547085201794,0
"336","NorCal","Moat Creek",2022-06-17,"Spring",3,9.32,0.55,0,0,0,0,0,0,0,"NA","NA",0,0,0,0,38.881234,NA,0
"337","NorCal","Moat Creek",2022-06-17,"Spring",3,16.75,0.3,0,0,0,0,0,0,0,"NA","NA",0,0,0,0,38.881234,NA,0
"338","NorCal","Moat Creek",2022-06-17,"Spring",13,0,1.77,1,3,0,0,0,0,0,"NA","NA",0,0,0,0,38.881234,0.75,0
"339","NorCal","Moat Creek",2022-06-17,"Spring",13,0.94,1.52,1,4,0,0,0,0,0,"NA","NA",0,0,0,0,38.881234,0.8,0
"340","NorCal","Moat Creek",2022-06-17,"Spring",13,1.29,1.27,0,4,0,0,0,0,0,"NA","NA",0,0,0,0,38.881234,1,0
"341","NorCal","Moat Creek",2022-06-17,"Spring",13,4.75,1.02,0.1,0.2,0,0,0,0,0,"NA","NA",0,0,0,0,38.881234,0.666666666666667,0
"342","NorCal","Moat Creek",2022-06-17,"Spring",13,9.42,0.77,0.5,1,0,0,0,0,0,"NA","NA",0,0,0,0,38.881234,0.666666666666667,0
"343","NorCal","Moat Creek",2022-06-17,"Spring",13,23.05,0.52,0,0,0,0,0,0,0,"NA","NA",0,0,0,0,38.881234,NA,0
"344","NorCal","Moat Creek",2022-06-17,"Spring",13,24.4,0.27,0,0,0,0,0,0,0,"NA","NA",0,0,0,0,38.881234,NA,0
"345","NorCal","Moat Creek",2022-06-17,"Spring",24,0,1.96,0.1,0.5,0,0,0,0,0,"NA","NA",0,0,0,0,38.881234,0.833333333333333,0
"346","NorCal","Moat Creek",2022-06-17,"Spring",24,1.09,1.71,0.5,1,0,0,0,0,0,"NA","NA",0,0,0,0,38.881234,0.666666666666667,0
"347","NorCal","Moat Creek",2022-06-17,"Spring",24,4.71,1.46,1,2,0,0,0,0,0,"NA","NA",0,0,0,0,38.881234,0.666666666666667,0
"348","NorCal","Moat Creek",2022-06-17,"Spring",24,7.33,1.21,3,0,0,0,0,0,0,"NA","NA",0,0,0,0,38.881234,0,0
"349","NorCal","Moat Creek",2022-06-17,"Spring",24,19.24,0.96,2,4,0,0,0,0,0,"NA","NA",0,0,0,0,38.881234,0.666666666666667,0
"350","NorCal","Moat Creek",2022-06-17,"Spring",24,21.5,0.71,0,0,0,0,0,0,0,"NA","NA",0,0,0,0,38.881234,NA,0
"351","NorCal","Moat Creek",2022-06-17,"Spring",24,22.2,0.46,0,0,0,0,0,0,0,"NA","NA",0,0,0,0,38.881234,NA,0
"352","NorCal","Moat Creek",2022-06-17,"Spring",25,0,1.91,0.1,0.3,0,0,0,0,0,"NA","NA",0,0,0,0,38.881234,0.75,0
"353","NorCal","Moat Creek",2022-06-17,"Spring",25,0.94,1.66,0.2,3,0,0,0,0,0,"NA","NA",0,0,0,0,38.881234,0.9375,0
"354","NorCal","Moat Creek",2022-06-17,"Spring",25,1.57,1.41,0.1,0.5,0,0,0,0,0,"NA","NA",0,0,0,0,38.881234,0.833333333333333,0
"355","NorCal","Moat Creek",2022-06-17,"Spring",25,6.4,1.16,0,0,0,0,0,0,0,"NA","NA",0,0,0,0,38.881234,NA,0
"356","NorCal","Moat Creek",2022-06-17,"Spring",25,7.83,0.91,0.5,1,0,0,0,0,0,"NA","NA",0,0,0,0,38.881234,0.666666666666667,0
"357","NorCal","Moat Creek",2022-06-17,"Spring",25,18.58,0.66,0,0,0,0,0,0,0,"NA","NA",0,0,0,0,38.881234,NA,0
"358","NorCal","Moat Creek",2022-06-17,"Spring",25,20,0.41,0,0,0,0,0,0,0,"NA","NA",0,0,0,0,38.881234,NA,0
"359","NorCal","Dillon Beach",2022-06-15,"Spring",3,0,2.08,12,56,30,0,0,0,0,"NA","Historic",0,0,0,0,38.257394,0.823529411764706,0.3
"360","NorCal","Dillon Beach",2022-06-15,"Spring",3,0.57,1.83,18,35,100,0,0,0,0,"NA","Historic",0,0,0,0,38.257394,0.660377358490566,1
"361","NorCal","Dillon Beach",2022-06-15,"Spring",3,0.94,1.58,20,50,52,0,0,0,0,"NA","Historic",0,0,0,0,38.257394,0.714285714285714,0.52
"362","NorCal","Dillon Beach",2022-06-15,"Spring",3,1.24,1.33,40,95,0.5,0,0,0,0,"NA","Historic",0,0,0,0,38.257394,0.703703703703704,0.005
"363","NorCal","Dillon Beach",2022-06-15,"Spring",3,5.12,1.08,35,84,1,4,0,4,0,"NA","Historic",0,1,1.6094379124341,0,38.257394,0.705882352941177,0.01
"364","NorCal","Dillon Beach",2022-06-15,"Spring",3,18.24,0.83,0,0,0,0,0,0,0,"NA","Historic",0,0,0,0,38.257394,NA,0
"365","NorCal","Dillon Beach",2022-06-15,"Spring",3,20.8,0.58,0,0,0,0,0,0,0,"NA","Historic",0,0,0,0,38.257394,NA,0
"366","NorCal","Dillon Beach",2022-06-15,"Spring",0,0,1.95,3,40,0,0,0,0,0,"NA","Historic",0,0,0,0,38.257394,0.930232558139535,0
"367","NorCal","Dillon Beach",2022-06-15,"Spring",0,0.46,1.7,15,70,0.1,0,0,0,0,"NA","Historic",0,0,0,0,38.257394,0.823529411764706,0.001
"368","NorCal","Dillon Beach",2022-06-15,"Spring",0,0.73,1.45,40,40,0.5,0,0,0,0,"NA","Historic",0,0,0,0,38.257394,0.5,0.005
"369","NorCal","Dillon Beach",2022-06-15,"Spring",0,1.01,1.2,50,30,4,0,0,0,0,"NA","Historic",0,0,0,0,38.257394,0.375,0.04
"370","NorCal","Dillon Beach",2022-06-15,"Spring",0,7.45,0.95,3,25,0,5,0,7,0,"NA","Historic",0,1,2.07944154167984,0,38.257394,0.892857142857143,0
"371","NorCal","Dillon Beach",2022-06-15,"Spring",0,13.7,0.7,25,5,0,8,0,9,0,"NA","Historic",0,1,2.30258509299405,0,38.257394,0.166666666666667,0
"372","NorCal","Dillon Beach",2022-06-15,"Spring",0,14.73,0.45,10,8,0,0,0,0,0,"NA","Historic",0,0,0,0,38.257394,0.444444444444444,0
"373","NorCal","Dillon Beach",2022-06-15,"Spring",0,20.1,0.2,0,0,0,1,0,1,0,"NA","Historic",0,1,0.693147180559945,0,38.257394,NA,0
"374","NorCal","Dillon Beach",2022-06-15,"Spring",13,0,1.81,25,80,8,0,0,0,0,"NA","Historic",0,0,0,0,38.257394,0.761904761904762,0.08
"375","NorCal","Dillon Beach",2022-06-15,"Spring",13,3.57,1.56,6,15,100,0,0,0,0,"NA","Historic",0,0,0,0,38.257394,0.714285714285714,1
"376","NorCal","Dillon Beach",2022-06-15,"Spring",13,4.18,1.31,30,70,40,0,0,0,0,"NA","Historic",0,0,0,0,38.257394,0.7,0.4
"377","NorCal","Dillon Beach",2022-06-15,"Spring",13,4.38,1.06,20,75,0.4,0.5,0,1,0,"NA","Historic",0,1,0.693147180559945,0,38.257394,0.789473684210526,0.004
"378","NorCal","Dillon Beach",2022-06-15,"Spring",13,5.45,0.81,3,22,0,1,0,2,0,"NA","Historic",0,1,1.09861228866811,0,38.257394,0.88,0
"379","NorCal","Dillon Beach",2022-06-15,"Spring",13,16.01,0.56,4,5,0,0,0,0,0,"NA","Historic",0,0,0,0,38.257394,0.555555555555556,0
"380","NorCal","Dillon Beach",2022-06-15,"Spring",14,3.8,1.93,11,57,53,0,0,0,0,"NA","Historic",0,0,0,0,38.257394,0.838235294117647,0.53
"381","NorCal","Dillon Beach",2022-06-15,"Spring",14,4.16,1.68,1,4,87,0,0,0,0,"NA","Historic",0,0,0,0,38.257394,0.8,0.87
"382","NorCal","Dillon Beach",2022-06-15,"Spring",14,4.44,1.43,1,2,95,0,0,0,0,"NA","Historic",0,0,0,0,38.257394,0.666666666666667,0.95
"383","NorCal","Dillon Beach",2022-06-15,"Spring",14,4.9,1.18,6,15,92,0,0,0,0,"NA","Historic",0,0,0,0,38.257394,0.714285714285714,0.92
"384","NorCal","Dillon Beach",2022-06-15,"Spring",14,5.29,0.93,8,21,6,11,0,11,0,"NA","Historic",0,1,2.484906649788,0,38.257394,0.724137931034483,0.06
"385","NorCal","Dillon Beach",2022-06-15,"Spring",14,11.51,0.68,0,0,0,0,0,0,0,"NA","Historic",0,0,0,0,38.257394,NA,0
"386","NorCal","Dillon Beach",2022-06-15,"Spring",14,15.16,0.43,2,1,0,5,0,3,0,"NA","Historic",0,1,1.38629436111989,0,38.257394,0.333333333333333,0
"387","NorCal","Dillon Beach",2022-06-15,"Spring",14,17.74,0.18,0,0,0,0,0,0,0,"NA","Historic",0,0,0,0,38.257394,NA,0
"388","NorCal","Dillon Beach",2022-06-15,"Spring",21,4.85,0.94,6,86,0,6,0,4,0,"NA","Historic",0,1,1.6094379124341,0,38.257394,0.934782608695652,0
"389","NorCal","Dillon Beach",2022-06-15,"Spring",21,5.51,0.69,3,14,0,4,0,3,0,"NA","Historic",0,1,1.38629436111989,0,38.257394,0.823529411764706,0
"390","NorCal","Dillon Beach",2022-06-15,"Spring",21,10.65,0.44,0,1,0,0,0,0,0,"NA","Historic",0,0,0,0,38.257394,1,0
"391","NorCal","Dillon Beach",2022-06-15,"Spring",21,21.1,0.19,0,0,0,0,0,0,0,"NA","Historic",0,0,0,0,38.257394,NA,0
"392","NorCal","Dillon Beach",2022-06-15,"Spring",21,22.8,-0.06,0,0,0,0,0,0,0,"NA","Historic",0,0,0,0,38.257394,NA,0
"393","NorCal","Sea Ranch",2022-06-16,"Spring",6,2.15,2.31,3,42,6,0,0,0,0,"NA","NA",0,0,0,0,38.724852,0.933333333333333,0.06
"394","NorCal","Sea Ranch",2022-06-16,"Spring",6,3.2,2.06,3,42,25,0,0,0,0,"NA","NA",0,0,0,0,38.724852,0.933333333333333,0.25
"395","NorCal","Sea Ranch",2022-06-16,"Spring",6,4.75,1.81,1,8,80,0,0,0,0,"NA","NA",0,0,0,0,38.724852,0.888888888888889,0.8
"396","NorCal","Sea Ranch",2022-06-16,"Spring",6,5.11,1.56,4,60,6,0,0,0,0,"NA","NA",0,0,0,0,38.724852,0.9375,0.06
"397","NorCal","Sea Ranch",2022-06-16,"Spring",6,5.43,1.31,8,52,14,0,0,0,0,"NA","NA",0,0,0,0,38.724852,0.866666666666667,0.14
"398","NorCal","Sea Ranch",2022-06-16,"Spring",6,6.57,1.06,3,5,73,0,0,0,0,"NA","NA",0,0,0,0,38.724852,0.625,0.73
"399","NorCal","Sea Ranch",2022-06-16,"Spring",6,7,0.81,0,0,0,0,0,0,0,"NA","NA",0,0,0,0,38.724852,NA,0
"400","NorCal","Sea Ranch",2022-06-16,"Spring",12,0,2.71,1,6,0,0,0,0,0,"NA","NA",0,0,0,0,38.724852,0.857142857142857,0
"401","NorCal","Sea Ranch",2022-06-16,"Spring",12,0.47,2.46,2,7,16,0,0,0,0,"NA","NA",0,0,0,0,38.724852,0.777777777777778,0.16
"402","NorCal","Sea Ranch",2022-06-16,"Spring",12,0.98,2.21,0,1,45,0,0,0,0,"NA","NA",0,0,0,0,38.724852,1,0.45
"403","NorCal","Sea Ranch",2022-06-16,"Spring",12,1.55,1.96,1,3,65,0,0,0,0,"NA","NA",0,0,0,0,38.724852,0.75,0.65
"404","NorCal","Sea Ranch",2022-06-16,"Spring",12,1.98,1.71,2,25,80,0,0,0,0,"NA","NA",0,0,0,0,38.724852,0.925925925925926,0.8
"405","NorCal","Sea Ranch",2022-06-16,"Spring",12,2.31,1.46,3,60,18,0,0,0,0,"NA","NA",0,0,0,0,38.724852,0.952380952380952,0.18
"406","NorCal","Sea Ranch",2022-06-16,"Spring",12,3.5,1.21,2,14,98,0,0,0,0,"NA","NA",0,0,0,0,38.724852,0.875,0.98
"407","NorCal","Sea Ranch",2022-06-16,"Spring",12,4.89,0.96,0,0,0,0,0,0,0,"NA","NA",0,0,0,0,38.724852,NA,0
"408","NorCal","Sea Ranch",2022-06-16,"Spring",12,5.23,0.71,0,0,0,0,0,0,0,"NA","NA",0,0,0,0,38.724852,NA,0
"409","NorCal","Sea Ranch",2022-06-16,"Spring",12,5.66,0.46,0,0,0,0,0,0,0,"NA","NA",0,0,0,0,38.724852,NA,0
"410","NorCal","Sea Ranch",2022-06-16,"Spring",12,7.15,0.21,0,0,0,0,0,0,0,"NA","NA",0,0,0,0,38.724852,NA,0
"411","NorCal","Sea Ranch",2022-06-16,"Spring",20,0,2.24,1,6,0,0,0,0,0,"NA","NA",0,0,0,0,38.724852,0.857142857142857,0
"412","NorCal","Sea Ranch",2022-06-16,"Spring",20,0.42,1.99,2,9,4,0,0,0,0,"NA","NA",0,0,0,0,38.724852,0.818181818181818,0.04
"413","NorCal","Sea Ranch",2022-06-16,"Spring",20,0.94,1.74,0.5,5,24,0,0,0,0,"NA","NA",0,0,0,0,38.724852,0.909090909090909,0.24
"414","NorCal","Sea Ranch",2022-06-16,"Spring",20,2.79,1.49,1,4,37,0,0,0,0,"NA","NA",0,0,0,0,38.724852,0.8,0.37
"415","NorCal","Sea Ranch",2022-06-16,"Spring",20,3.45,1.24,2,6,86,0,0,0,0,"NA","NA",0,0,0,0,38.724852,0.75,0.86
"416","NorCal","Sea Ranch",2022-06-16,"Spring",20,4.14,0.99,0,0,1,0,0,0,0,"NA","NA",0,0,0,0,38.724852,NA,0.01
"417","NorCal","Sea Ranch",2022-06-16,"Spring",20,4.53,0.74,0,0,0,0,0,0,0,"NA","NA",0,0,0,0,38.724852,NA,0
"418","NorCal","Sea Ranch",2022-06-16,"Spring",20,5.78,0.49,0,0,0,0,0,0,0,"NA","NA",0,0,0,0,38.724852,NA,0
"419","NorCal","Sea Ranch",2022-06-16,"Spring",20,6.34,0.24,0,0,0.5,0,0,0,0,"NA","NA",0,0,0,0,38.724852,NA,0.005
"420","NorCal","Sea Ranch",2022-06-16,"Spring",23,0,2.45,0,1,0,0,0,0,0,"NA","NA",0,0,0,0,38.724852,1,0
"421","NorCal","Sea Ranch",2022-06-16,"Spring",23,0.79,2.2,4,21,0,0,0,0,0,"NA","NA",0,0,0,0,38.724852,0.84,0
"422","NorCal","Sea Ranch",2022-06-16,"Spring",23,1.61,1.95,1,11,0,0,0,0,0,"NA","NA",0,0,0,0,38.724852,0.916666666666667,0
"423","NorCal","Sea Ranch",2022-06-16,"Spring",23,2.25,1.7,2,7,0,0,0,0,0,"NA","NA",0,0,0,0,38.724852,0.777777777777778,0
"424","NorCal","Sea Ranch",2022-06-16,"Spring",23,2.75,1.45,3,8,0,0,0,0,0,"NA","NA",0,0,0,0,38.724852,0.727272727272727,0
"425","NorCal","Sea Ranch",2022-06-16,"Spring",23,3.03,1.2,3,9,0,0,0,0,0,"NA","NA",0,0,0,0,38.724852,0.75,0
"426","NorCal","Sea Ranch",2022-06-16,"Spring",23,3.35,0.95,0.2,8,0,0,0,0,0,"NA","NA",0,0,0,0,38.724852,0.975609756097561,0
"427","NorCal","Sea Ranch",2022-06-16,"Spring",23,3.61,0.7,0,0,0,0,0,0,0,"NA","NA",0,0,0,0,38.724852,NA,0
"428","NorCal","Sea Ranch",2022-06-16,"Spring",25,0,2.56,0,4,0,0,0,0,0,"NA","NA",0,0,0,0,38.724852,1,0
"429","NorCal","Sea Ranch",2022-06-16,"Spring",25,0.89,2.31,0.1,12,0,0,0,0,0,"NA","NA",0,0,0,0,38.724852,0.991735537190083,0
"430","NorCal","Sea Ranch",2022-06-16,"Spring",25,1.36,2.06,0.7,21,0,0,0,0,0,"NA","NA",0,0,0,0,38.724852,0.967741935483871,0
"431","NorCal","Sea Ranch",2022-06-16,"Spring",25,1.84,1.81,2,10,0,0,0,0,0,"NA","NA",0,0,0,0,38.724852,0.833333333333333,0
"432","NorCal","Sea Ranch",2022-06-16,"Spring",25,2.09,1.56,2,8,0,0,0,0,0,"NA","NA",0,0,0,0,38.724852,0.8,0
"433","NorCal","Sea Ranch",2022-06-16,"Spring",25,2.39,1.31,0,2,0,0,0,0,0,"NA","NA",0,0,0,0,38.724852,1,0
"434","NorCal","Sea Ranch",2022-06-16,"Spring",25,2.7,1.06,0,0,0,0,0,0,0,"NA","NA",0,0,0,0,38.724852,NA,0
"435","NorCal","Sea Ranch",2022-06-16,"Spring",25,2.95,0.81,0,0,0,0,0,0,0,"NA","NA",0,0,0,0,38.724852,NA,0
"436","NorCal","Mussel Rock",2022-06-20,"Spring",9,0,1.81,5,10,97,0,0,0,0,"NA","NA",0,0,0,0,40.34744,0.666666666666667,0.97
"437","NorCal","Mussel Rock",2022-06-20,"Spring",9,0.9,1.56,5,5,100,0,0,0,0,"NA","NA",0,0,0,0,40.34744,0.5,1
"438","NorCal","Mussel Rock",2022-06-20,"Spring",9,1.2,1.31,5,7,65,0,0,0,0,"NA","NA",0,0,0,0,40.34744,0.583333333333333,0.65
"439","NorCal","Mussel Rock",2022-06-20,"Spring",9,1.5,1.06,1,2,1,0,0,0,0,"NA","NA",0,0,0,0,40.34744,0.666666666666667,0.01
"440","NorCal","Mussel Rock",2022-06-20,"Spring",9,2.69,0.81,0,1,2,0,0,0,0,"NA","NA",0,0,0,0,40.34744,1,0.02
"441","NorCal","Mussel Rock",2022-06-20,"Spring",11,0,1.84,0.5,9,100,0,0,0,0,"NA","NA",0,0,0,0,40.34744,0.947368421052632,1
"442","NorCal","Mussel Rock",2022-06-20,"Spring",11,2.22,1.59,10,28,3,0,0,0,0,"NA","NA",0,0,0,0,40.34744,0.736842105263158,0.03
"443","NorCal","Mussel Rock",2022-06-20,"Spring",11,2.48,1.34,2,15,0.8,0,0,0,0,"NA","NA",0,0,0,0,40.34744,0.882352941176471,0.008
"444","NorCal","Mussel Rock",2022-06-20,"Spring",11,2.73,1.09,4,6,1,0,0,0,0,"NA","NA",0,0,0,0,40.34744,0.6,0.01
"445","NorCal","Mussel Rock",2022-06-20,"Spring",11,3.75,0.84,0,0,0,0,0,0,0,"NA","NA",0,0,0,0,40.34744,NA,0
"446","NorCal","Mussel Rock",2022-06-20,"Spring",10,0,1.85,10,16,45,0,0,0,0,"NA","NA",0,0,0,0,40.34744,0.615384615384615,0.45
"447","NorCal","Mussel Rock",2022-06-20,"Spring",10,1.6,1.6,10,35,0.5,0,0,0,0,"NA","NA",0,0,0,0,40.34744,0.777777777777778,0.005
"448","NorCal","Mussel Rock",2022-06-20,"Spring",10,1.81,1.35,10,17,2,0,0,0,0,"NA","NA",0,0,0,0,40.34744,0.62962962962963,0.02
"449","NorCal","Mussel Rock",2022-06-20,"Spring",10,2.04,1.1,0.2,3,2,0,0,0,0,"NA","NA",0,0,0,0,40.34744,0.9375,0.02
"450","NorCal","Mussel Rock",2022-06-20,"Spring",10,2.35,0.85,0.1,8,2,0,0,0,0,"NA","NA",0,0,0,0,40.34744,0.987654320987654,0.02
"451","NorCal","Mussel Rock",2022-06-20,"Spring",18,0,1.49,1,4,98,0,0,0,0,"NA","NA",0,0,0,0,40.34744,0.8,0.98
"452","NorCal","Mussel Rock",2022-06-20,"Spring",18,0.32,1.24,3,12,79,0,0,0,0,"NA","NA",0,0,0,0,40.34744,0.8,0.79
"453","NorCal","Mussel Rock",2022-06-20,"Spring",18,1.37,0.99,0.1,21,0.8,0,0,0,0,"NA","NA",0,0,0,0,40.34744,0.995260663507109,0.008
"454","NorCal","Mussel Rock",2022-06-20,"Spring",18,1.75,0.74,0,2,0,0,0,0,0,"NA","NA",0,0,0,0,40.34744,1,0
"455","NorCal","Mussel Rock",2022-06-20,"Spring",13,0,1.96,0.7,10,71,0,0,0,0,"NA","NA",0,0,0,0,40.34744,0.934579439252337,0.71
"456","NorCal","Mussel Rock",2022-06-20,"Spring",13,2,1.71,1,19,100,0,0,0,0,"NA","NA",0,0,0,0,40.34744,0.95,1
"457","NorCal","Mussel Rock",2022-06-20,"Spring",13,2.58,1.46,0.8,24,3,0,0,0,0,"NA","NA",0,0,0,0,40.34744,0.967741935483871,0.03
"458","NorCal","Mussel Rock",2022-06-20,"Spring",13,3.1,1.21,0.1,21,1,0,0,0,0,"NA","NA",0,0,0,0,40.34744,0.995260663507109,0.01
"459","NorCal","Mussel Rock",2022-06-20,"Spring",13,3.41,0.96,0,6,2,0,0,0,0,"NA","NA",0,0,0,0,40.34744,1,0.02
"460","NorCal","Mussel Rock",2022-06-20,"Spring",13,3.72,0.71,0,0,2,0,0,0,0,"NA","NA",0,0,0,0,40.34744,NA,0.02
"461","SoCal","Cabrillo",2022-04-24,"Spring",1,0,0.93,0.5,7,0,0,0,0,0,"Expanded","Historic",0,0,0,0,32.667772,0.933333333333333,0
"462","SoCal","Cabrillo",2022-04-24,"Spring",1,1.11,0.68,3,5,0,0,3,0,2,"Expanded","Historic",1,0,0,1.09861228866811,32.667772,0.625,0
"463","SoCal","Cabrillo",2022-04-24,"Spring",1,1.35,0.43,0,0,0,0,0,0,0,"Expanded","Historic",0,0,0,0,32.667772,NA,0
"464","SoCal","Cabrillo",2022-04-24,"Spring",1,5.38,0.18,0,0,0,0,0,0,0,"Expanded","Historic",0,0,0,0,32.667772,NA,0
"465","SoCal","Cabrillo",2022-04-24,"Spring",1,7.03,-0.07,0,0,0,0,4,0,2,"Expanded","Historic",1,0,0,1.09861228866811,32.667772,NA,0
"466","SoCal","Cabrillo",2022-04-24,"Spring",2,0,1,0.1,1,0,0,0,0,0,"Expanded","Historic",0,0,0,0,32.667772,0.909090909090909,0
"467","SoCal","Cabrillo",2022-04-24,"Spring",2,0.58,0.75,0,0,0,0,0,0,0,"Expanded","Historic",0,0,0,0,32.667772,NA,0
"468","SoCal","Cabrillo",2022-04-24,"Spring",2,1.37,0.5,0,0,0,0,0,0,0,"Expanded","Historic",0,0,0,0,32.667772,NA,0
"469","SoCal","Cabrillo",2022-04-24,"Spring",2,4.95,0.25,0,0,0,0,2,0,2,"Expanded","Historic",1,0,0,1.09861228866811,32.667772,NA,0
"470","SoCal","Cabrillo",2022-04-24,"Spring",5,0,1.32,0,2,0,0,0,0,0,"Expanded","Historic",0,0,0,0,32.667772,1,0
"471","SoCal","Cabrillo",2022-04-24,"Spring",5,0.59,1.07,0,1,0,0,0,0,0,"Expanded","Historic",0,0,0,0,32.667772,1,0
"472","SoCal","Cabrillo",2022-04-24,"Spring",5,0.99,0.82,0.1,1,0,0,3,0,1,"Expanded","Historic",1,0,0,0.693147180559945,32.667772,0.909090909090909,0
"473","SoCal","Cabrillo",2022-04-24,"Spring",5,1.3,0.57,0,0,0,0,0,0,0,"Expanded","Historic",0,0,0,0,32.667772,NA,0
"474","SoCal","Cabrillo",2022-04-24,"Spring",5,1.72,0.32,0,0,0,0,0,0,0,"Expanded","Historic",0,0,0,0,32.667772,NA,0
"475","SoCal","Cabrillo",2022-04-24,"Spring",5,3.69,0.07,0,0,0,0,0,0,0,"Expanded","Historic",0,0,0,0,32.667772,NA,0
"476","SoCal","Cabrillo",2022-04-24,"Spring",23,0,0.78,1,25,0,0,0,0,0,"Expanded","Historic",0,0,0,0,32.667772,0.961538461538462,0
"477","SoCal","Cabrillo",2022-04-24,"Spring",23,0.53,0.53,0.1,10,0,0,1,0,1,"Expanded","Historic",1,0,0,0.693147180559945,32.667772,0.99009900990099,0
"478","SoCal","Cabrillo",2022-04-24,"Spring",23,1.19,0.28,0,0,0,0,2,0,2,"Expanded","Historic",1,0,0,1.09861228866811,32.667772,NA,0
"479","SoCal","Cabrillo",2022-04-24,"Spring",24,0,0.6,0.3,0.5,0,0,0,0,0,"Expanded","Historic",0,0,0,0,32.667772,0.625,0
"480","SoCal","Cabrillo",2022-04-24,"Spring",24,0.44,0.35,0.5,3,0,0,0,0,0,"Expanded","Historic",0,0,0,0,32.667772,0.857142857142857,0
"481","SoCal","Cabrillo",2022-04-24,"Spring",24,2.34,0.1,0,0,0,0,0,0,0,"Expanded","Historic",0,0,0,0,32.667772,NA,0
"482","SoCal","Scripps",2022-04-27,"Spring",2,0,2.25,4,14,6,0,0,0,0,"Expanded","Historic",0,0,0,0,32.871304,0.777777777777778,0.06
"483","SoCal","Scripps",2022-04-27,"Spring",2,0.46,2,2,16,2,0,0,0,0,"Expanded","Historic",0,0,0,0,32.871304,0.888888888888889,0.02
"484","SoCal","Scripps",2022-04-27,"Spring",2,0.79,1.75,2,9,6,0,3,0,3,"Expanded","Historic",1,0,0,1.38629436111989,32.871304,0.818181818181818,0.06
"485","SoCal","Scripps",2022-04-27,"Spring",2,1.24,1.5,0,0,26,0,0,0,0,"Expanded","Historic",0,0,0,0,32.871304,NA,0.26
"486","SoCal","Scripps",2022-04-27,"Spring",2,1.65,1.25,0,0,14,0,0,0,0,"Expanded","Historic",0,0,0,0,32.871304,NA,0.14
"487","SoCal","Scripps",2022-04-27,"Spring",2,1.96,1,0,0,9,0,0,0,0,"Expanded","Historic",0,0,0,0,32.871304,NA,0.09
"488","SoCal","Scripps",2022-04-27,"Spring",2,2.47,0.75,0,1,1,0,0,0,0,"Expanded","Historic",0,0,0,0,32.871304,1,0.01
"489","SoCal","Scripps",2022-04-27,"Spring",2,3.86,0.5,0,24,0,0,0,0,0,"Expanded","Historic",0,0,0,0,32.871304,1,0
"490","SoCal","Scripps",2022-04-27,"Spring",2,6.05,0.25,0,0,0,2,0,2,0,"Expanded","Historic",0,1,1.09861228866811,0,32.871304,NA,0
"491","SoCal","Scripps",2022-04-27,"Spring",10,0,1.3,1,69,2,0,0,0,0,"Expanded","Historic",0,0,0,0,32.871304,0.985714285714286,0.02
"492","SoCal","Scripps",2022-04-27,"Spring",10,1.45,1.05,0,3,0,0,0,0,0,"Expanded","Historic",0,0,0,0,32.871304,1,0
"493","SoCal","Scripps",2022-04-27,"Spring",10,1.78,0.8,1,8,28,0,0,0,0,"Expanded","Historic",0,0,0,0,32.871304,0.888888888888889,0.28
"494","SoCal","Scripps",2022-04-27,"Spring",10,4.22,0.55,0,17,0,0,0,0,0,"Expanded","Historic",0,0,0,0,32.871304,1,0
"495","SoCal","Scripps",2022-04-27,"Spring",10,15.95,0.3,5,63,0,0,0,0,0,"Expanded","Historic",0,0,0,0,32.871304,0.926470588235294,0
"496","SoCal","Scripps",2022-04-27,"Spring",11,0,1.39,0.5,18,0,0,0,0,0,"Expanded","Historic",0,0,0,0,32.871304,0.972972972972973,0
"497","SoCal","Scripps",2022-04-27,"Spring",11,0.81,1.14,0,3,20,0,0,0,0,"Expanded","Historic",0,0,0,0,32.871304,1,0.2
"498","SoCal","Scripps",2022-04-27,"Spring",11,1.35,0.89,2,19,22,0,0,0,0,"Expanded","Historic",0,0,0,0,32.871304,0.904761904761905,0.22
"499","SoCal","Scripps",2022-04-27,"Spring",11,12.82,0.64,0,24,0,0,0,0,0,"Expanded","Historic",0,0,0,0,32.871304,1,0
"500","SoCal","Scripps",2022-04-27,"Spring",11,19.32,0.39,0,0,0,0,0,2,0,"Expanded","Historic",0,0,1.09861228866811,0,32.871304,NA,0
"501","SoCal","Scripps",2022-04-27,"Spring",21,0,2.06,4,85,0.5,0,0,0,0,"Expanded","Historic",0,0,0,0,32.871304,0.955056179775281,0.005
"502","SoCal","Scripps",2022-04-27,"Spring",21,0.52,1.81,5,40,12,0,0,0,0,"Expanded","Historic",0,0,0,0,32.871304,0.888888888888889,0.12
"503","SoCal","Scripps",2022-04-27,"Spring",21,0.75,1.56,25,75,0,0,0,0,0,"Expanded","Historic",0,0,0,0,32.871304,0.75,0
"504","SoCal","Scripps",2022-04-27,"Spring",21,1.5,1.31,0.5,1,8,0,0,0,0,"Expanded","Historic",0,0,0,0,32.871304,0.666666666666667,0.08
"505","SoCal","Scripps",2022-04-27,"Spring",21,1.91,1.06,1,3,14,0,0,0,0,"Expanded","Historic",0,0,0,0,32.871304,0.75,0.14
"506","SoCal","Scripps",2022-04-27,"Spring",21,2.16,0.81,20,40,5,0,0,0,0,"Expanded","Historic",0,0,0,0,32.871304,0.666666666666667,0.05
"507","SoCal","Scripps",2022-04-27,"Spring",21,2.5,0.56,20,70,0,0,0,0,0,"Expanded","Historic",0,0,0,0,32.871304,0.777777777777778,0
"508","SoCal","Scripps",2022-04-27,"Spring",21,8.25,0.31,0,0,0,0,0,0,0,"Expanded","Historic",0,0,0,0,32.871304,NA,0
"509","SoCal","Scripps",2022-04-27,"Spring",19,0,1.58,3,85,0,0,0,0,0,"Expanded","Historic",0,0,0,0,32.871304,0.965909090909091,0
"510","SoCal","Scripps",2022-04-27,"Spring",19,0.66,1.33,0.5,8,10,0,0,0,0,"Expanded","Historic",0,0,0,0,32.871304,0.941176470588235,0.1
"511","SoCal","Scripps",2022-04-27,"Spring",19,1.06,1.08,0.2,8,10,0,0,0,0,"Expanded","Historic",0,0,0,0,32.871304,0.975609756097561,0.1
"512","SoCal","Scripps",2022-04-27,"Spring",19,1.53,0.83,0.5,35,3,0,0,0,0,"Expanded","Historic",0,0,0,0,32.871304,0.985915492957746,0.03
"513","SoCal","Scripps",2022-04-27,"Spring",19,6.07,0.58,4,35,0.5,0,0,0,0,"Expanded","Historic",0,0,0,0,32.871304,0.897435897435897,0.005
"514","SoCal","Scripps",2022-04-27,"Spring",19,6.89,0.33,0.1,10,0,0,0,0,0,"Expanded","Historic",0,0,0,0,32.871304,0.99009900990099,0
"515","SoCal","Cardiff",2022-04-23,"Spring",10,0,1.35,0,0,48,0,0,0,0,"Expanded","Historic",0,0,0,0,32.999924,NA,0.48
"516","SoCal","Cardiff",2022-04-23,"Spring",10,0.56,1.1,0,0,11,0,0,0,0,"Expanded","Historic",0,0,0,0,32.999924,NA,0.11
"517","SoCal","Cardiff",2022-04-23,"Spring",10,0.81,0.85,0,0,0,0,0,0,0,"Expanded","Historic",0,0,0,0,32.999924,NA,0
"518","SoCal","Cardiff",2022-04-23,"Spring",10,1.06,0.6,0,0,0,0,0,0,0,"Expanded","Historic",0,0,0,0,32.999924,NA,0
"519","SoCal","Cardiff",2022-04-23,"Spring",11,0,1.29,0,0,38,0,0,0,0,"Expanded","Historic",0,0,0,0,32.999924,NA,0.38
"520","SoCal","Cardiff",2022-04-23,"Spring",11,0.57,1.04,0,0,4,0,0,0,0,"Expanded","Historic",0,0,0,0,32.999924,NA,0.04
"521","SoCal","Cardiff",2022-04-23,"Spring",11,0.84,0.79,0,0,0,0,0,0,0,"Expanded","Historic",0,0,0,0,32.999924,NA,0
"522","SoCal","Cardiff",2022-04-23,"Spring",13,0,1.32,0,2,33,0,0,0,0,"Expanded","Historic",0,0,0,0,32.999924,1,0.33
"523","SoCal","Cardiff",2022-04-23,"Spring",13,0.46,1.07,0,0,0,0,0,0,0,"Expanded","Historic",0,0,0,0,32.999924,NA,0
"524","SoCal","Cardiff",2022-04-23,"Spring",13,0.73,0.82,0,0,0,0,0,0,0,"Expanded","Historic",0,0,0,0,32.999924,NA,0
"525","SoCal","Cardiff",2022-04-23,"Spring",13,1.85,0.57,0,0,0,0,0,0,0,"Expanded","Historic",0,0,0,0,32.999924,NA,0
"526","SoCal","Cardiff",2022-04-23,"Spring",18,0,0.94,0,0,4,0,0,0,0,"Expanded","Historic",0,0,0,0,32.999924,NA,0.04
"527","SoCal","Cardiff",2022-04-23,"Spring",18,0.89,0.69,0,0,0,0,0,0,0,"Expanded","Historic",0,0,0,0,32.999924,NA,0
"528","SoCal","Cardiff",2022-04-23,"Spring",18,3.66,0.44,0,0,0,0,0,0,0,"Expanded","Historic",0,0,0,0,32.999924,NA,0
"529","SoCal","Cardiff",2022-04-23,"Spring",25,0,1.35,0,0,73,0,0,0,0,"Expanded","Historic",0,0,0,0,32.999924,NA,0.73
"530","SoCal","Cardiff",2022-04-23,"Spring",25,0.48,1.1,0,0,4,0,0,0,0,"Expanded","Historic",0,0,0,0,32.999924,NA,0.04
"531","SoCal","Cardiff",2022-04-23,"Spring",25,1.1,0.85,0,0,0,0,0,0,0,"Expanded","Historic",0,0,0,0,32.999924,NA,0
"532","SoCal","Cardiff",2022-04-23,"Spring",25,1.56,0.6,0,0,0,0,0,0,0,"Expanded","Historic",0,0,0,0,32.999924,NA,0
"533","SoCal","Cardiff",2022-04-23,"Spring",25,2.12,0.35,0,0,4,0,0,0,0,"Expanded","Historic",0,0,0,0,32.999924,NA,0.04
"534","SoCal","Dana Point",2022-04-25,"Spring",18,0,1.6,9,66,4,0,0,0,0,"Expanded","Historic",0,0,0,0,33.459808,0.88,0.04
"535","SoCal","Dana Point",2022-04-25,"Spring",18,1.84,1.35,12,11,52,0,0,0,0,"Expanded","Historic",0,0,0,0,33.459808,0.478260869565217,0.52
"536","SoCal","Dana Point",2022-04-25,"Spring",18,2.5,1.1,5,15,93,0,0,0,0,"Expanded","Historic",0,0,0,0,33.459808,0.75,0.93
"537","SoCal","Dana Point",2022-04-25,"Spring",18,2.91,0.85,3,11,100,0,0,0,0,"Expanded","Historic",0,0,0,0,33.459808,0.785714285714286,1
"538","SoCal","Dana Point",2022-04-25,"Spring",18,3.37,0.6,0.1,9,15,0,0,0,0,"Expanded","Historic",0,0,0,0,33.459808,0.989010989010989,0.15
"539","SoCal","Dana Point",2022-04-25,"Spring",18,3.66,0.35,0,0,1,0,0,0,0,"Expanded","Historic",0,0,0,0,33.459808,NA,0.01
"540","SoCal","Dana Point",2022-04-25,"Spring",18,5.89,0.1,0,0,0,0,0,0,0,"Expanded","Historic",0,0,0,0,33.459808,NA,0
"541","SoCal","Dana Point",2022-04-25,"Spring",20,0,1.5,12,73,0,0,0,0,0,"Expanded","Historic",0,0,0,0,33.459808,0.858823529411765,0
"542","SoCal","Dana Point",2022-04-25,"Spring",20,1.4,1.25,22,17,34,0,0,0,0,"Expanded","Historic",0,0,0,0,33.459808,0.435897435897436,0.34
"543","SoCal","Dana Point",2022-04-25,"Spring",20,2.17,1,0,3,100,0,0,0,0,"Expanded","Historic",0,0,0,0,33.459808,1,1
"544","SoCal","Dana Point",2022-04-25,"Spring",20,2.74,0.75,8,5,15,0,0,0,0,"Expanded","Historic",0,0,0,0,33.459808,0.384615384615385,0.15
"545","SoCal","Dana Point",2022-04-25,"Spring",20,3.91,0.5,0,0,0,0,0,0,0,"Expanded","Historic",0,0,0,0,33.459808,NA,0
"546","SoCal","Dana Point",2022-04-25,"Spring",20,7,0.25,0,0,0,0,0,0,0,"Expanded","Historic",0,0,0,0,33.459808,NA,0
"547","SoCal","Dana Point",2022-04-25,"Spring",0,0,0.9,0.7,2,100,0,0,0,0,"Expanded","Historic",0,0,0,0,33.459808,0.740740740740741,1
"548","SoCal","Dana Point",2022-04-25,"Spring",0,0.81,0.65,0,0.5,0,0,0,0,0,"Expanded","Historic",0,0,0,0,33.459808,1,0
"549","SoCal","Dana Point",2022-04-25,"Spring",0,2.5,0.4,0,1,0,0,0,0,0,"Expanded","Historic",0,0,0,0,33.459808,1,0
"550","SoCal","Dana Point",2022-04-25,"Spring",17,0,1.52,6,94,1,0,0,0,0,"Expanded","Historic",0,0,0,0,33.459808,0.94,0.01
"551","SoCal","Dana Point",2022-04-25,"Spring",17,1.73,1.27,5,88,96,0,0,0,0,"Expanded","Historic",0,0,0,0,33.459808,0.946236559139785,0.96
"552","SoCal","Dana Point",2022-04-25,"Spring",17,2.69,1.02,0,2,97,0,0,0,0,"Expanded","Historic",0,0,0,0,33.459808,1,0.97
"553","SoCal","Dana Point",2022-04-25,"Spring",17,4.12,0.77,1,4,99,0,0,0,0,"Expanded","Historic",0,0,0,0,33.459808,0.8,0.99
"554","SoCal","Dana Point",2022-04-25,"Spring",17,4.9,0.52,2,6,50,0,0,0,0,"Expanded","Historic",0,0,0,0,33.459808,0.75,0.5
"555","SoCal","Dana Point",2022-04-25,"Spring",17,5.25,0.27,0.1,0.1,0,0,0,0,0,"Expanded","Historic",0,0,0,0,33.459808,0.5,0
"556","SoCal","Dana Point",2022-04-25,"Spring",17,5.52,0.02,0,0,0,0,0,0,0,"Expanded","Historic",0,0,0,0,33.459808,NA,0
"557","SoCal","Dana Point",2022-04-25,"Spring",8,0,0.87,0,20,100,0,0,0,0,"Expanded","Historic",0,0,0,0,33.459808,1,1
"558","SoCal","Dana Point",2022-04-25,"Spring",8,1.34,0.62,0,20,87,0,0,0,0,"Expanded","Historic",0,0,0,0,33.459808,1,0.87
"559","SoCal","Dana Point",2022-04-25,"Spring",8,1.97,0.37,0,5,0,0,0,0,0,"Expanded","Historic",0,0,0,0,33.459808,1,0
"560","SoCal","Dana Point",2022-04-25,"Spring",8,2.3,0.12,0,5,0,0,0,0,0,"Expanded","Historic",0,0,0,0,33.459808,1,0
"561","SoCal","Little Corona",2022-04-22,"Spring",1,0,1.64,12,60,2,0,0,0,0,"NA","Historic",0,0,0,0,33.58897,0.833333333333333,0.02
"562","SoCal","Little Corona",2022-04-22,"Spring",1,0.7,1.39,2,5,5,0,0,0,0,"NA","Historic",0,0,0,0,33.58897,0.714285714285714,0.05
"563","SoCal","Little Corona",2022-04-22,"Spring",1,1.45,1.14,3,68,8,0,0,0,0,"NA","Historic",0,0,0,0,33.58897,0.957746478873239,0.08
"564","SoCal","Little Corona",2022-04-22,"Spring",1,5.05,0.89,1,5,3,0,0,0,0,"NA","Historic",0,0,0,0,33.58897,0.833333333333333,0.03
"565","SoCal","Little Corona",2022-04-22,"Spring",1,6.65,0.64,0,0,4,0,0,0,0,"NA","Historic",0,0,0,0,33.58897,NA,0.04
"566","SoCal","Little Corona",2022-04-22,"Spring",4,0,1.85,6,70,0,0,0,0,0,"NA","Historic",0,0,0,0,33.58897,0.921052631578947,0
"567","SoCal","Little Corona",2022-04-22,"Spring",4,0.93,1.6,3,75,8,0,0,0,0,"NA","Historic",0,0,0,0,33.58897,0.961538461538462,0.08
"568","SoCal","Little Corona",2022-04-22,"Spring",4,2.3,1.35,8,30,12,0,0,0,0,"NA","Historic",0,0,0,0,33.58897,0.789473684210526,0.12
"569","SoCal","Little Corona",2022-04-22,"Spring",4,12.56,1.1,0,1,70,0,0,0,0,"NA","Historic",0,0,0,0,33.58897,1,0.7
"570","SoCal","Little Corona",2022-04-22,"Spring",4,12.84,0.85,1,1,16,0,0,0,0,"NA","Historic",0,0,0,0,33.58897,0.5,0.16
"571","SoCal","Little Corona",2022-04-22,"Spring",4,13.15,0.6,2,0,0,0,0,0,0,"NA","Historic",0,0,0,0,33.58897,0,0
"572","SoCal","Little Corona",2022-04-22,"Spring",4,13.4,0.35,0,0,0,0,0,0,0,"NA","Historic",0,0,0,0,33.58897,NA,0
"573","SoCal","Little Corona",2022-04-22,"Spring",5,0,1.9,2,31,0,0,0,0,0,"NA","Historic",0,0,0,0,33.58897,0.939393939393939,0
"574","SoCal","Little Corona",2022-04-22,"Spring",5,0.66,1.65,19,39,5,0,0,0,0,"NA","Historic",0,0,0,0,33.58897,0.672413793103448,0.05
"575","SoCal","Little Corona",2022-04-22,"Spring",5,1.82,1.4,23,74,0,0,0,0,0,"NA","Historic",0,0,0,0,33.58897,0.762886597938144,0
"576","SoCal","Little Corona",2022-04-22,"Spring",5,2.49,1.15,13,31,17,0,0,0,0,"NA","Historic",0,0,0,0,33.58897,0.704545454545455,0.17
"577","SoCal","Little Corona",2022-04-22,"Spring",5,12.71,0.9,0.3,23,30,0,0,0,0,"NA","Historic",0,0,0,0,33.58897,0.987124463519313,0.3
"578","SoCal","Little Corona",2022-04-22,"Spring",5,12.98,0.65,0,0,0,0,0,0,0,"NA","Historic",0,0,0,0,33.58897,NA,0
"579","SoCal","Little Corona",2022-04-22,"Spring",5,13.3,0.4,0,0,0,0,0,0,0,"NA","Historic",0,0,0,0,33.58897,NA,0
"580","SoCal","Little Corona",2022-04-22,"Spring",6,0,1.91,3,47,0,0,0,0,0,"NA","Historic",0,0,0,0,33.58897,0.94,0
"581","SoCal","Little Corona",2022-04-22,"Spring",6,0.69,1.66,8,31,5,0,0,0,0,"NA","Historic",0,0,0,0,33.58897,0.794871794871795,0.05
"582","SoCal","Little Corona",2022-04-22,"Spring",6,2.32,1.41,12,43,11,0,0,0,0,"NA","Historic",0,0,0,0,33.58897,0.781818181818182,0.11
"583","SoCal","Little Corona",2022-04-22,"Spring",6,3.73,1.16,16,22,4,0,0,0,0,"NA","Historic",0,0,0,0,33.58897,0.578947368421053,0.04
"584","SoCal","Little Corona",2022-04-22,"Spring",6,12.11,0.91,0,26,89,0,0,0,0,"NA","Historic",0,0,0,0,33.58897,1,0.89
"585","SoCal","Little Corona",2022-04-22,"Spring",6,12.44,0.66,0,7,11,0,0,0,0,"NA","Historic",0,0,0,0,33.58897,1,0.11
"586","SoCal","Little Corona",2022-04-22,"Spring",6,12.78,0.41,0,0,0,0,0,0,0,"NA","Historic",0,0,0,0,33.58897,NA,0
"587","SoCal","Little Corona",2022-04-22,"Spring",6,14.65,0.16,0,0,0,0,0,0,0,"NA","Historic",0,0,0,0,33.58897,NA,0
"588","SoCal","Little Corona",2022-04-22,"Spring",7,0,1.94,4,23,1,0,0,0,0,"NA","Historic",0,0,0,0,33.58897,0.851851851851852,0.01
"589","SoCal","Little Corona",2022-04-22,"Spring",7,0.48,1.69,7,0,12,0,0,0,0,"NA","Historic",0,0,0,0,33.58897,0,0.12
"590","SoCal","Little Corona",2022-04-22,"Spring",7,3.73,1.44,5,85,4,0,0,0,0,"NA","Historic",0,0,0,0,33.58897,0.944444444444444,0.04
"591","SoCal","Little Corona",2022-04-22,"Spring",7,12.22,1.19,0.2,30,98,0,0,0,0,"NA","Historic",0,0,0,0,33.58897,0.993377483443709,0.98
"592","SoCal","Little Corona",2022-04-22,"Spring",7,12.55,0.94,0.2,5,23,0,0,0,0,"NA","Historic",0,0,0,0,33.58897,0.961538461538461,0.23
"593","SoCal","Little Corona",2022-04-22,"Spring",7,14.81,0.69,3,1,11,0,0,0,0,"NA","Historic",0,0,0,0,33.58897,0.25,0.11
"594","SoCal","Goff Island",2022-04-26,"Spring",16,0,2.04,12,56,0,0,0,0,0,"Expanded","Historic",0,0,0,0,33.513738,0.823529411764706,0
"595","SoCal","Goff Island",2022-04-26,"Spring",16,7.59,1.79,0,0.7,0,0,0,0,0,"Expanded","Historic",0,0,0,0,33.513738,1,0
"596","SoCal","Goff Island",2022-04-26,"Spring",16,12.4,1.54,0,5,3,0,0,0,0,"Expanded","Historic",0,0,0,0,33.513738,1,0.03
"597","SoCal","Goff Island",2022-04-26,"Spring",9,0,2.03,5,14,2,0,0,0,0,"Expanded","Historic",0,0,0,0,33.513738,0.736842105263158,0.02
"598","SoCal","Goff Island",2022-04-26,"Spring",9,1,1.78,5,73,0,0,0,0,0,"Expanded","Historic",0,0,0,0,33.513738,0.935897435897436,0
"599","SoCal","Goff Island",2022-04-26,"Spring",9,1.34,1.53,9,16,0,0,0,0,0,"Expanded","Historic",0,0,0,0,33.513738,0.64,0
"600","SoCal","Goff Island",2022-04-26,"Spring",9,9.55,1.28,0,0.9,6,0,1,0,1,"Expanded","Historic",1,0,0,0.693147180559945,33.513738,1,0.06
"601","SoCal","Goff Island",2022-04-26,"Spring",9,14.76,1.03,0,2,18,0,0,0,0,"Expanded","Historic",0,0,0,0,33.513738,1,0.18
"602","SoCal","Goff Island",2022-04-26,"Spring",7,0,1.79,6,27,0,0,0,0,0,"Expanded","Historic",0,0,0,0,33.513738,0.818181818181818,0
"603","SoCal","Goff Island",2022-04-26,"Spring",7,0.51,1.54,8,40,0.5,0,0,0,0,"Expanded","Historic",0,0,0,0,33.513738,0.833333333333333,0.005
"604","SoCal","Goff Island",2022-04-26,"Spring",7,10.4,1.29,2,0,42,0,0.7,0,1,"Expanded","Historic",1,0,0,0.693147180559945,33.513738,0,0.42
"605","SoCal","Goff Island",2022-04-26,"Spring",7,13.7,1.04,0,11,37,0,0,0,0,"Expanded","Historic",0,0,0,0,33.513738,1,0.37
"606","SoCal","Goff Island",2022-04-26,"Spring",6,0,1.59,0.1,0.4,0,0,5,0,3,"Expanded","Historic",1,0,0,1.38629436111989,33.513738,0.8,0
"607","SoCal","Goff Island",2022-04-26,"Spring",6,0.43,1.34,0,1,10,0,0,0,0,"Expanded","Historic",0,0,0,0,33.513738,1,0.1
"608","SoCal","Goff Island",2022-04-26,"Spring",6,1.09,1.09,0,0,14,0,6,0,3,"Expanded","Historic",1,0,0,1.38629436111989,33.513738,NA,0.14
"609","SoCal","Goff Island",2022-04-26,"Spring",6,1.8,0.84,0,2,20,0,0,0,0,"Expanded","Historic",0,0,0,0,33.513738,1,0.2
"610","SoCal","Goff Island",2022-04-26,"Spring",6,9.75,0.59,0,17,48,0,0,0,0,"Expanded","Historic",0,0,0,0,33.513738,1,0.48
"611","SoCal","Goff Island",2022-04-26,"Spring",6,12.8,0.34,0.2,16,0,0,0,0,0,"Expanded","Historic",0,0,0,0,33.513738,0.987654320987654,0
"612","SoCal","Goff Island",2022-04-26,"Spring",4,0,1.6,0,0,3,0,0,0,0,"Expanded","Historic",0,0,0,0,33.513738,NA,0.03
"613","SoCal","Goff Island",2022-04-26,"Spring",4,0.95,1.35,0,35,45,0,0,0,0,"Expanded","Historic",0,0,0,0,33.513738,1,0.45
"614","SoCal","Goff Island",2022-04-26,"Spring",4,2.12,1.1,3,5,64,0,0,0,0,"Expanded","Historic",0,0,0,0,33.513738,0.625,0.64
"615","SoCal","Goff Island",2022-04-26,"Spring",4,3.45,0.85,0,2,4,0,0,0,0,"Expanded","Historic",0,0,0,0,33.513738,1,0.04
"616","SoCal","Goff Island",2022-04-26,"Spring",4,12.73,0.6,0,23,100,0,0,0,1,"Expanded","Historic",0,0,0,0.693147180559945,33.513738,1,1
"617","SoCal","Little Corona",2022-10-11,"Fall",4,0,1.43,15,47,10,0,0,0,0,"NA","Historic",0,0,0,0,NA,0.758064516129032,0.1
"618","SoCal","Little Corona",2022-10-11,"Fall",4,2.72,1.18,11,60,6,0,0,0,0,"NA","Historic",0,0,0,0,NA,0.845070422535211,0.06
"619","SoCal","Little Corona",2022-10-11,"Fall",4,10.41,0.93,0,30,80,0,0,0,0,"NA","Historic",0,0,0,0,NA,1,0.8
"620","SoCal","Little Corona",2022-10-11,"Fall",4,10.77,0.68,0,0,27,0,0,0,0,"NA","Historic",0,0,0,0,NA,NA,0.27
"621","SoCal","Little Corona",2022-10-11,"Fall",10,4,1.69,5,30,40,0,0,0,0,"NA","Historic",0,0,0,0,NA,0.857142857142857,0.4
"622","SoCal","Little Corona",2022-10-11,"Fall",10,4.58,1.44,5,45,26,0,0,0,0,"NA","Historic",0,0,0,0,NA,0.9,0.26
"623","SoCal","Little Corona",2022-10-11,"Fall",10,4.99,1.19,2,9,50,0,0,0,0,"NA","Historic",0,0,0,0,NA,0.818181818181818,0.5
"624","SoCal","Little Corona",2022-10-11,"Fall",10,5.3,0.94,5,18,32,0,0,0,0,"NA","Historic",0,0,0,0,NA,0.782608695652174,0.32
"625","SoCal","Little Corona",2022-10-11,"Fall",10,8.68,0.69,0,0,25,0,0,0,0,"NA","Historic",0,0,0,0,NA,NA,0.25
"626","SoCal","Little Corona",2022-10-11,"Fall",10,10.6,0.44,0,0,0,0,0,0,0,"NA","Historic",0,0,0,0,NA,NA,0
"627","SoCal","Little Corona",2022-10-11,"Fall",14,0.9,1.45,0,85,10,0,0,0,0,"NA","Historic",0,0,0,0,NA,1,0.1
"628","SoCal","Little Corona",2022-10-11,"Fall",14,1.44,1.2,0,50,35,0,0,0,0,"NA","Historic",0,0,0,0,NA,1,0.35
"629","SoCal","Little Corona",2022-10-11,"Fall",14,3.42,0.95,0,20,65,0,0,0,0,"NA","Historic",0,0,0,0,NA,1,0.65
"630","SoCal","Little Corona",2022-10-11,"Fall",14,5.73,0.7,0,10,45,0,0,0,0,"NA","Historic",0,0,0,0,NA,1,0.45
"631","SoCal","Little Corona",2022-10-11,"Fall",14,6.18,0.45,0,0,0,0,0,0,0,"NA","Historic",0,0,0,0,NA,NA,0
"632","SoCal","Little Corona",2022-10-11,"Fall",24,0,1.37,2,35,70,0,0,0,0,"NA","Historic",0,0,0,0,NA,0.945945945945946,0.7
"633","SoCal","Little Corona",2022-10-11,"Fall",24,0.65,1.12,0,18,88,0,0,0,0,"NA","Historic",0,0,0,0,NA,1,0.88
"634","SoCal","Little Corona",2022-10-11,"Fall",24,1.25,0.87,0,8,75,0,0,0,0,"NA","Historic",0,0,0,0,NA,1,0.75
"635","SoCal","Little Corona",2022-10-11,"Fall",24,1.9,0.62,0,2,50,0,0,0,0,"NA","Historic",0,0,0,0,NA,1,0.5
"636","SoCal","Little Corona",2022-10-11,"Fall",24,2.15,0.37,0,5,8,0,0,0,0,"NA","Historic",0,0,0,0,NA,1,0.08
"637","SoCal","Little Corona",2022-10-11,"Fall",25,0,1.29,2,10,70,0,0,0,0,"NA","Historic",0,0,0,0,NA,0.833333333333333,0.7
"638","SoCal","Little Corona",2022-10-11,"Fall",25,0.6,1.04,1,15,80,0,0,0,0,"NA","Historic",0,0,0,0,NA,0.9375,0.8
"639","SoCal","Little Corona",2022-10-11,"Fall",25,1,0.79,0,8,10,0,0,0,0,"NA","Historic",0,0,0,0,NA,1,0.1
"640","SoCal","Little Corona",2022-10-11,"Fall",25,1.3,0.54,0,0.8,4,0,0,0,0,"NA","Historic",0,0,0,0,NA,1,0.04
"641","SoCal","Little Corona",2022-10-11,"Fall",25,1.6,0.29,0,0,0,0,0,0,0,"NA","Historic",0,0,0,0,NA,NA,0
"642","SoCal","Shaw's Cove",2022-10-12,"Fall",22,0,1.74,10,52,4,0,0,0,0,"NA","Historic",0,0,0,0,33.54479,0.838709677419355,0.04
"643","SoCal","Shaw's Cove",2022-10-12,"Fall",22,1.42,1.49,0,20,35,0,0,0,0,"NA","Historic",0,0,0,0,33.54479,1,0.35
"644","SoCal","Shaw's Cove",2022-10-12,"Fall",22,1.95,1.24,0,10,37.5,3,0,3,0,"NA","Historic",0,1,1.38629436111989,0,33.54479,1,0.375
"645","SoCal","Shaw's Cove",2022-10-12,"Fall",22,7.6,0.99,0,8,20,0,0,0,0,"NA","Historic",0,0,0,0,33.54479,1,0.2
"646","SoCal","Shaw's Cove",2022-10-12,"Fall",19,0,1.28,25,0,60,0,0,0,0,"NA","Historic",0,0,0,0,33.54479,0,0.6
"647","SoCal","Shaw's Cove",2022-10-12,"Fall",19,7.4,1.03,12,0,55,0,0,0,0,"NA","Historic",0,0,0,0,33.54479,0,0.55
"648","SoCal","Shaw's Cove",2022-10-12,"Fall",19,7.95,0.78,3,0,18,0,0,0,0,"NA","Historic",0,0,0,0,33.54479,0,0.18
"649","SoCal","Shaw's Cove",2022-10-12,"Fall",7,0,1.62,0,50,0,0,0,0,0,"NA","Historic",0,0,0,0,33.54479,1,0
"650","SoCal","Shaw's Cove",2022-10-12,"Fall",7,0.47,1.37,0,60,9,0,0,0,0,"NA","Historic",0,0,0,0,33.54479,1,0.09
"651","SoCal","Shaw's Cove",2022-10-12,"Fall",7,3.03,1.12,0,4,75,0,0,0,0,"NA","Historic",0,0,0,0,33.54479,1,0.75
"652","SoCal","Shaw's Cove",2022-10-12,"Fall",7,8.34,0.87,0,10,55,0,0,0,0,"NA","Historic",0,0,0,0,33.54479,1,0.55
"653","SoCal","Shaw's Cove",2022-10-12,"Fall",7,10.43,0.62,0,0,20,0,0,0,0,"NA","Historic",0,0,0,0,33.54479,NA,0.2
"654","SoCal","Shaw's Cove",2022-10-12,"Fall",2,0,1.95,12,30,4,0,0,0,0,"NA","Historic",0,0,0,0,33.54479,0.714285714285714,0.04
"655","SoCal","Shaw's Cove",2022-10-12,"Fall",2,0.63,1.7,6,25,3,0,0,0,0,"NA","Historic",0,0,0,0,33.54479,0.806451612903226,0.03
"656","SoCal","Shaw's Cove",2022-10-12,"Fall",2,1.15,1.45,6,45,7,0,0,0,0,"NA","Historic",0,0,0,0,33.54479,0.882352941176471,0.07
"657","SoCal","Shaw's Cove",2022-10-12,"Fall",2,8.44,1.2,1,12,55,0,0,0,0,"NA","Historic",0,0,0,0,33.54479,0.923076923076923,0.55
"658","SoCal","Shaw's Cove",2022-10-12,"Fall",2,9.1,0.95,0,30,75,0,0,0,0,"NA","Historic",0,0,0,0,33.54479,1,0.75
"659","SoCal","Shaw's Cove",2022-10-12,"Fall",2,9.7,0.7,0,8,13,0,0,0,0,"NA","Historic",0,0,0,0,33.54479,1,0.13
"660","SoCal","Shaw's Cove",2022-10-12,"Fall",3,0,1.95,8,45,0,0,0,0,0,"NA","Historic",0,0,0,0,33.54479,0.849056603773585,0
"661","SoCal","Shaw's Cove",2022-10-12,"Fall",3,0.53,1.7,5,23,0,0,0,0,0,"NA","Historic",0,0,0,0,33.54479,0.821428571428571,0
"662","SoCal","Shaw's Cove",2022-10-12,"Fall",3,1.1,1.45,6,40,8,0,0,0,0,"NA","Historic",0,0,0,0,33.54479,0.869565217391304,0.08
"663","SoCal","Shaw's Cove",2022-10-12,"Fall",3,8.48,1.2,0,15,75,0,0,0,0,"NA","Historic",0,0,0,0,33.54479,1,0.75
"664","SoCal","Shaw's Cove",2022-10-12,"Fall",3,9.26,0.95,0,0,50,0,0,0,0,"NA","Historic",0,0,0,0,33.54479,NA,0.5
"665","SoCal","Shaw's Cove",2022-10-12,"Fall",3,9.77,0.7,0,1,4,0,0,0,0,"NA","Historic",0,0,0,0,33.54479,1,0.04
"666","SoCal","Cardiff",2022-10-09,"Fall",5,0,1.22,0,30,85,0,4,0,3,"Expanded","Historic",1,0,0,1.38629436111989,32.999926,1,0.85
"667","SoCal","Cardiff",2022-10-09,"Fall",5,0.57,0.97,0,5,0,0,0,0,0,"Expanded","Historic",0,0,0,0,32.999926,1,0
"668","SoCal","Cardiff",2022-10-09,"Fall",6,0,1.24,0,20,60,0,0,0,0,"Expanded","Historic",0,0,0,0,32.999926,1,0.6
"669","SoCal","Cardiff",2022-10-09,"Fall",6,0.57,0.99,0.5,9,16,0,0,0,0,"Expanded","Historic",0,0,0,0,32.999926,0.947368421052632,0.16
"670","SoCal","Cardiff",2022-10-09,"Fall",17,0,1.32,0,6,50,0,0,0,0,"Expanded","Historic",0,0,0,0,32.999926,1,0.5
"671","SoCal","Cardiff",2022-10-09,"Fall",17,0.4,1.07,0,0.2,70,0,0,0,0,"Expanded","Historic",0,0,0,0,32.999926,1,0.7
"672","SoCal","Cardiff",2022-10-09,"Fall",15,0,1.34,0,0.1,50,0,0,0,0,"Expanded","Historic",0,0,0,0,32.999926,1,0.5
"673","SoCal","Cardiff",2022-10-09,"Fall",15,0.8,1.09,0,50,1,0,0,0,0,"Expanded","Historic",0,0,0,0,32.999926,1,0.01
"674","SoCal","Cardiff",2022-10-09,"Fall",9,0,1.29,0.2,2,88,0,0,0,0,"Expanded","Historic",0,0,0,0,32.999926,0.909090909090909,0.88
"675","SoCal","Cardiff",2022-10-09,"Fall",9,0.6,1.04,0.5,16,45,0,0,0,0,"Expanded","Historic",0,0,0,0,32.999926,0.96969696969697,0.45
"676","SoCal","Crystal Cove",2022-10-10,"Fall",23,7,1.26,0,9,94,0,0,0,0,"NA","Historic",0,0,0,0,33.56865,1,0.94
"677","SoCal","Crystal Cove",2022-10-10,"Fall",23,7.6,1.01,0,22,70,0,0,0,0,"NA","Historic",0,0,0,0,33.56865,1,0.7
"678","SoCal","Crystal Cove",2022-10-10,"Fall",23,14.85,0.76,0,20,82,0,0,0,0,"NA","Historic",0,0,0,0,33.56865,1,0.82
"679","SoCal","Crystal Cove",2022-10-10,"Fall",23,15.19,0.51,0,0,0,0,0,0,0,"NA","Historic",0,0,0,0,33.56865,NA,0
"680","SoCal","Crystal Cove",2022-10-10,"Fall",23,16.4,0.26,0,0,0,0,0,0,0,"NA","Historic",0,0,0,0,33.56865,NA,0
"681","SoCal","Crystal Cove",2022-10-10,"Fall",18,0,1.35,7,87,9,0,0,0,0,"NA","Historic",0,0,0,0,33.56865,0.925531914893617,0.09
"682","SoCal","Crystal Cove",2022-10-10,"Fall",18,9.7,1.1,0,22,90,0,0,0,0,"NA","Historic",0,0,0,0,33.56865,1,0.9
"683","SoCal","Crystal Cove",2022-10-10,"Fall",18,16.68,0.85,0,18,68,0,0,0,0,"NA","Historic",0,0,0,0,33.56865,1,0.68
"684","SoCal","Crystal Cove",2022-10-10,"Fall",18,21.85,0.6,0,0.2,0,0,0,0,0,"NA","Historic",0,0,0,0,33.56865,1,0
"685","SoCal","Crystal Cove",2022-10-10,"Fall",18,13.29,0.35,0,0,0,0,0,0,0,"NA","Historic",0,0,0,0,33.56865,NA,0
"686","SoCal","Crystal Cove",2022-10-10,"Fall",8,0,1.22,2,10,60,0,0,0,0,"NA","Historic",0,0,0,0,33.56865,0.833333333333333,0.6
"687","SoCal","Crystal Cove",2022-10-10,"Fall",8,0.8,0.97,0.5,2,18,0.1,0,1,0,"NA","Historic",0,1,0.693147180559945,0,33.56865,0.8,0.18
"688","SoCal","Crystal Cove",2022-10-10,"Fall",13,0,1.11,3,54,55,0,0,0,0,"NA","Historic",0,0,0,0,33.56865,0.947368421052632,0.55
"689","SoCal","Crystal Cove",2022-10-10,"Fall",13,0.73,0.86,0.1,4,15,0,0,0,0,"NA","Historic",0,0,0,0,33.56865,0.975609756097561,0.15
"690","SoCal","Crystal Cove",2022-10-10,"Fall",13,12.53,0.61,1,30,40,1,0,1,0,"NA","Historic",0,1,0.693147180559945,0,33.56865,0.967741935483871,0.4
"691","SoCal","Crystal Cove",2022-10-10,"Fall",13,15.03,0.36,0.5,1,30,0,0,0,0,"NA","Historic",0,0,0,0,33.56865,0.666666666666667,0.3
"692","SoCal","Crystal Cove",2022-10-10,"Fall",13,15.59,0.11,0,0,0,0,0,0,0,"NA","Historic",0,0,0,0,33.56865,NA,0
"693","SoCal","Crystal Cove",2022-10-10,"Fall",16,0.4,1.15,0,85,3,0,0,0,0,"NA","Historic",0,0,0,0,33.56865,1,0.03
"694","SoCal","Crystal Cove",2022-10-10,"Fall",16,0.8,0.9,0,30,5,0,0,0,0,"NA","Historic",0,0,0,0,33.56865,1,0.05
"695","SoCal","Crystal Cove",2022-10-10,"Fall",16,14.9,0.65,0,0,0,0,0,0,0,"NA","Historic",0,0,0,0,33.56865,NA,0
"696","SoCal","Crystal Cove",2022-10-10,"Fall",16,15.6,0.4,0,8,92,0,0,0,0,"NA","Historic",0,0,0,0,33.56865,1,0.92
"697","SoCal","Crystal Cove",2022-10-10,"Fall",16,16,0.15,0,5,3,0,0,0,0,"NA","Historic",0,0,0,0,33.56865,1,0.03
"698","SoCal","Heisler Park",2022-10-24,"Fall",0,0,1.58,0.1,3,0,0,0,0,0,"Expanded","Historic",0,0,0,0,33.542422,0.967741935483871,0
"699","SoCal","Heisler Park",2022-10-24,"Fall",0,0.83,1.33,1.5,8,0,0,0,0,0,"Expanded","Historic",0,0,0,0,33.542422,0.842105263157895,0
"700","SoCal","Heisler Park",2022-10-24,"Fall",0,1.36,1.08,0.1,1.5,0.5,0,0,0,0,"Expanded","Historic",0,0,0,0,33.542422,0.9375,0.005
"701","SoCal","Heisler Park",2022-10-24,"Fall",0,2.33,0.83,0,0,0,0,0,0,0,"Expanded","Historic",0,0,0,0,33.542422,NA,0
"702","SoCal","Heisler Park",2022-10-24,"Fall",1,0,1.74,0.1,2,0,0,0,0,0,"Expanded","Historic",0,0,0,0,33.542422,0.952380952380952,0
"703","SoCal","Heisler Park",2022-10-24,"Fall",1,1.24,1.49,0.1,3,0,0,0,0,0,"Expanded","Historic",0,0,0,0,33.542422,0.967741935483871,0
"704","SoCal","Heisler Park",2022-10-24,"Fall",1,1.68,1.24,0,0,0,0,0,0,0,"Expanded","Historic",0,0,0,0,33.542422,NA,0
"705","SoCal","Heisler Park",2022-10-24,"Fall",1,1.95,0.99,0,0,0,0,0,0,0,"Expanded","Historic",0,0,0,0,33.542422,NA,0
"706","SoCal","Heisler Park",2022-10-24,"Fall",1,2.8,0.74,0.1,0,0,0,0,0,0,"Expanded","Historic",0,0,0,0,33.542422,0,0
"707","SoCal","Heisler Park",2022-10-24,"Fall",1,4.4,0.49,0,0,0,0,0,0,0,"Expanded","Historic",0,0,0,0,33.542422,NA,0
"708","SoCal","Heisler Park",2022-10-24,"Fall",11,0,1.69,2,10,0,0,0,0,0,"Expanded","Historic",0,0,0,0,33.542422,0.833333333333333,0
"709","SoCal","Heisler Park",2022-10-24,"Fall",11,0.85,1.44,3,15,0,0,0,0,0,"Expanded","Historic",0,0,0,0,33.542422,0.833333333333333,0
"710","SoCal","Heisler Park",2022-10-24,"Fall",11,4.17,1.19,0,1,0,0,0,0,0,"Expanded","Historic",0,0,0,0,33.542422,1,0
"711","SoCal","Heisler Park",2022-10-24,"Fall",11,4.65,0.94,0,1,0,0,0,0,0,"Expanded","Historic",0,0,0,0,33.542422,1,0
"712","SoCal","Heisler Park",2022-10-24,"Fall",11,5.33,0.69,0.1,1,0,0,0,0,0,"Expanded","Historic",0,0,0,0,33.542422,0.909090909090909,0
"713","SoCal","Heisler Park",2022-10-24,"Fall",11,6.12,0.44,0,0.5,0,0,0,0,0,"Expanded","Historic",0,0,0,0,33.542422,1,0
"714","SoCal","Heisler Park",2022-10-24,"Fall",11,7.53,0.19,0,0,0,0,0,0,0,"Expanded","Historic",0,0,0,0,33.542422,NA,0
"715","SoCal","Heisler Park",2022-10-24,"Fall",11,10.15,-0.06,0,0,0,0,0,0,0,"Expanded","Historic",0,0,0,0,33.542422,NA,0
"716","SoCal","Heisler Park",2022-10-24,"Fall",20,0,1.22,0.1,2,0,0,0,0,0,"Expanded","Historic",0,0,0,0,33.542422,0.952380952380952,0
"717","SoCal","Heisler Park",2022-10-24,"Fall",20,0.91,0.97,0.1,3,0,0,0,0,0,"Expanded","Historic",0,0,0,0,33.542422,0.967741935483871,0
"718","SoCal","Heisler Park",2022-10-24,"Fall",20,1.16,0.72,0.1,3,0,0,0,0,0,"Expanded","Historic",0,0,0,0,33.542422,0.967741935483871,0
"719","SoCal","Heisler Park",2022-10-24,"Fall",20,1.5,0.47,0,0.5,8,0,0,0,0,"Expanded","Historic",0,0,0,0,33.542422,1,0.08
"720","SoCal","Heisler Park",2022-10-24,"Fall",20,5.26,0.22,0,0.1,0,0,0,0,0,"Expanded","Historic",0,0,0,0,33.542422,1,0
"721","SoCal","Heisler Park",2022-10-24,"Fall",20,9.18,-0.03,0,0,0,0,0,0,0,"Expanded","Historic",0,0,0,0,33.542422,NA,0
"722","SoCal","Heisler Park",2022-10-24,"Fall",21,0,1.13,0.2,3,5,0,0,0,0,"Expanded","Historic",0,0,0,0,33.542422,0.9375,0.05
"723","SoCal","Heisler Park",2022-10-24,"Fall",21,0.62,0.88,0,0.8,0,0,0,0,0,"Expanded","Historic",0,0,0,0,33.542422,1,0
"724","SoCal","Heisler Park",2022-10-24,"Fall",21,1.01,0.63,0,0,0,0,0,0,0,"Expanded","Historic",0,0,0,0,33.542422,NA,0
"725","SoCal","Heisler Park",2022-10-24,"Fall",21,4.31,0.38,0,0,0,0,0,0,0,"Expanded","Historic",0,0,0,0,33.542422,NA,0
"726","SoCal","Heisler Park",2022-10-24,"Fall",21,9.98,0.13,0,0,0,0,0,0,0,"Expanded","Historic",0,0,0,0,33.542422,NA,0
"727","SoCal","Goff Island",2022-10-25,"Fall",22,0,2.12,1,5,0,0,0,0,0,"Expanded","Historic",0,0,0,0,33.513784,0.833333333333333,0
"728","SoCal","Goff Island",2022-10-25,"Fall",22,1.4,1.87,0,0,0,0,0,0,0,"Expanded","Historic",0,0,0,0,33.513784,NA,0
"729","SoCal","Goff Island",2022-10-25,"Fall",22,7.35,1.62,0,0,2,0,0,0,0,"Expanded","Historic",0,0,0,0,33.513784,NA,0.02
"730","SoCal","Goff Island",2022-10-25,"Fall",22,11.8,1.37,0,5,0,0,0,0,0,"Expanded","Historic",0,0,0,0,33.513784,1,0
"731","SoCal","Goff Island",2022-10-25,"Fall",22,12.9,1.12,0,0,0,0,0,0,0,"Expanded","Historic",0,0,0,0,33.513784,NA,0
"732","SoCal","Goff Island",2022-10-25,"Fall",20,0,2.07,3,35,0,0,0,0,0,"Expanded","Historic",0,0,0,0,33.513784,0.921052631578947,0
"733","SoCal","Goff Island",2022-10-25,"Fall",20,0.45,1.82,4,50,0,0,0,0,0,"Expanded","Historic",0,0,0,0,33.513784,0.925925925925926,0
"734","SoCal","Goff Island",2022-10-25,"Fall",20,1.3,1.57,4,20,0,0,0,0,0,"Expanded","Historic",0,0,0,0,33.513784,0.833333333333333,0
"735","SoCal","Goff Island",2022-10-25,"Fall",20,13.2,1.32,0,0.2,0,0,0,0,0,"Expanded","Historic",0,0,0,0,33.513784,1,0
"736","SoCal","Goff Island",2022-10-25,"Fall",20,13.48,1.07,0,0.2,0,0,0,0,0,"Expanded","Historic",0,0,0,0,33.513784,1,0
"737","SoCal","Goff Island",2022-10-25,"Fall",8,0,2.25,3,10,0,0,0,0,0,"Expanded","Historic",0,0,0,0,33.513784,0.769230769230769,0
"738","SoCal","Goff Island",2022-10-25,"Fall",8,0.82,2,0,55,0,0,1,0,1,"Expanded","Historic",1,0,0,0.693147180559945,33.513784,1,0
"739","SoCal","Goff Island",2022-10-25,"Fall",8,1.24,1.75,5,53,0,0,0,0,0,"Expanded","Historic",0,0,0,0,33.513784,0.913793103448276,0
"740","SoCal","Goff Island",2022-10-25,"Fall",8,1.52,1.5,3,10,2,0,2,0,2,"Expanded","Historic",1,0,0,1.09861228866811,33.513784,0.769230769230769,0.02
"741","SoCal","Goff Island",2022-10-25,"Fall",8,1.9,1.25,5,0,6,0,0,0,0,"Expanded","Historic",0,0,0,0,33.513784,0,0.06
"742","SoCal","Goff Island",2022-10-25,"Fall",8,14.76,1,1,3,10,0,0,0,0,"Expanded","Historic",0,0,0,0,33.513784,0.75,0.1
"743","SoCal","Goff Island",2022-10-25,"Fall",14,0,1.87,4,21,0,0,0,0,0,"Expanded","Historic",0,0,0,0,33.513784,0.84,0
"744","SoCal","Goff Island",2022-10-25,"Fall",14,9.77,1.62,0.8,4,2,0,1,0,1,"Expanded","Historic",1,0,0,0.693147180559945,33.513784,0.833333333333333,0.02
"745","SoCal","Goff Island",2022-10-25,"Fall",14,10.25,1.37,0,2,4,0,3,0,2,"Expanded","Historic",1,0,0,1.09861228866811,33.513784,1,0.04
"746","SoCal","Goff Island",2022-10-25,"Fall",14,13.1,1.12,0,0,0,0,0,0,0,"Expanded","Historic",0,0,0,0,33.513784,NA,0
"747","SoCal","Goff Island",2022-10-25,"Fall",14,16.13,0.87,0,0,0,0,0,0,0,"Expanded","Historic",0,0,0,0,33.513784,NA,0
"748","SoCal","Goff Island",2022-10-25,"Fall",11,0,2.15,5,55,0,0,0,0,0,"Expanded","Historic",0,0,0,0,33.513784,0.916666666666667,0
"749","SoCal","Goff Island",2022-10-25,"Fall",11,1.75,1.9,6,53,0,0,0,0,0,"Expanded","Historic",0,0,0,0,33.513784,0.898305084745763,0
"750","SoCal","Goff Island",2022-10-25,"Fall",11,2.24,1.65,0,15,0,0,5,0,8,"Expanded","Historic",1,0,0,2.19722457733622,33.513784,1,0
"751","SoCal","Goff Island",2022-10-25,"Fall",11,9.5,1.4,0,12,22,0,0,0,0,"Expanded","Historic",0,0,0,0,33.513784,1,0.22
"752","SoCal","Goff Island",2022-10-25,"Fall",11,12.1,1.15,0.2,15,21,0,0,0,0,"Expanded","Historic",0,0,0,0,33.513784,0.986842105263158,0.21
"753","SoCal","Goff Island",2022-10-25,"Fall",11,14.6,0.9,0,0,0,0,0,0,0,"Expanded","Historic",0,0,0,0,33.513784,NA,0
"754","SoCal","Dana Point",2022-11-09,"Fall",5,0,0.93,0.1,3,75,0,0,0,0,"Expanded","Historic",0,0,0,0,33.459806,0.967741935483871,0.75
"755","SoCal","Dana Point",2022-11-09,"Fall",5,1.35,0.68,0.5,15,75,0,0,0,0,"Expanded","Historic",0,0,0,0,33.459806,0.967741935483871,0.75
"756","SoCal","Dana Point",2022-11-09,"Fall",5,2.21,0.43,0,0,0,0,0,0,0,"Expanded","Historic",0,0,0,0,33.459806,NA,0
"757","SoCal","Dana Point",2022-11-09,"Fall",18,0,1.36,8,45,23,0,0,0,0,"Expanded","Historic",0,0,0,0,33.459806,0.849056603773585,0.23
"758","SoCal","Dana Point",2022-11-09,"Fall",18,1.94,1.11,0.5,3,95,0,0,0,0,"Expanded","Historic",0,0,0,0,33.459806,0.857142857142857,0.95
"759","SoCal","Dana Point",2022-11-09,"Fall",18,2.94,0.86,0,6,100,0,0,0,0,"Expanded","Historic",0,0,0,0,33.459806,1,1
"760","SoCal","Dana Point",2022-11-09,"Fall",18,3.53,0.61,0,3,6,0,0,0,0,"Expanded","Historic",0,0,0,0,33.459806,1,0.06
"761","SoCal","Dana Point",2022-11-09,"Fall",18,8.33,0.36,0,0,0,0,0,0,0,"Expanded","Historic",0,0,0,0,33.459806,NA,0
"762","SoCal","Dana Point",2022-11-09,"Fall",17,0,1.49,12,34,27,0,0,0,0,"Expanded","Historic",0,0,0,0,33.459806,0.739130434782609,0.27
"763","SoCal","Dana Point",2022-11-09,"Fall",17,0.67,1.24,8,37,40,0,0,0,0,"Expanded","Historic",0,0,0,0,33.459806,0.822222222222222,0.4
"764","SoCal","Dana Point",2022-11-09,"Fall",17,1.49,0.99,0.5,7,90,0,0,0,0,"Expanded","Historic",0,0,0,0,33.459806,0.933333333333333,0.9
"765","SoCal","Dana Point",2022-11-09,"Fall",17,2.38,0.74,0,7,29,2,0,2,0,"Expanded","Historic",0,1,1.09861228866811,0,33.459806,1,0.29
"766","SoCal","Dana Point",2022-11-09,"Fall",17,3.26,0.49,0,0,0,0,0,0,0,"Expanded","Historic",0,0,0,0,33.459806,NA,0
"767","SoCal","Dana Point",2022-11-09,"Fall",17,8.2,0.24,0,0,5,0,0,0,0,"Expanded","Historic",0,0,0,0,33.459806,NA,0.05
"768","SoCal","Dana Point",2022-11-09,"Fall",21,0,1.42,15,40,6,0,0,0,0,"Expanded","Historic",0,0,0,0,33.459806,0.727272727272727,0.06
"769","SoCal","Dana Point",2022-11-09,"Fall",21,1,1.17,2,5,98,0,0,0,0,"Expanded","Historic",0,0,0,0,33.459806,0.714285714285714,0.98
"770","SoCal","Dana Point",2022-11-09,"Fall",21,1.3,0.92,3,10,30,0,0,0,0,"Expanded","Historic",0,0,0,0,33.459806,0.769230769230769,0.3
"771","SoCal","Dana Point",2022-11-09,"Fall",21,1.64,0.67,0,0,0,0,0,0,0,"Expanded","Historic",0,0,0,0,33.459806,NA,0
"772","SoCal","Dana Point",2022-11-09,"Fall",23,0,1.47,15,60,0,0,0,0,0,"Expanded","Historic",0,0,0,0,33.459806,0.8,0
"773","SoCal","Dana Point",2022-11-09,"Fall",23,1,1.22,0,10,50,0,0,0,0,"Expanded","Historic",0,0,0,0,33.459806,1,0.5
"774","SoCal","Dana Point",2022-11-09,"Fall",23,1.65,0.97,0.5,10,100,0,0,0,0,"Expanded","Historic",0,0,0,0,33.459806,0.952380952380952,1
"775","SoCal","Dana Point",2022-11-09,"Fall",23,1.88,0.72,0,4,9,0,0,0,0,"Expanded","Historic",0,0,0,0,33.459806,1,0.09
"776","SoCal","Dana Point",2022-11-09,"Fall",23,2.72,0.47,0,2,6,0.5,0,1,0,"Expanded","Historic",0,1,0.693147180559945,0,33.459806,1,0.06
"777","SoCal","Dana Point",2022-11-09,"Fall",23,3.74,0.22,0,0,0,1,0,1,0,"Expanded","Historic",0,1,0.693147180559945,0,33.459806,NA,0
"778","SoCal","Scripps",2022-11-07,"Fall",1,0,1.57,2,17,3,0,0,0,0,"Expanded","Historic",0,0,0,0,32.871436,0.894736842105263,0.03
"779","SoCal","Scripps",2022-11-07,"Fall",1,0.95,1.32,0,50,5,0,0,0,0,"Expanded","Historic",0,0,0,0,32.871436,1,0.05
"780","SoCal","Scripps",2022-11-07,"Fall",1,1.15,1.07,3,10,9,0,0,0,0,"Expanded","Historic",0,0,0,0,32.871436,0.769230769230769,0.09
"781","SoCal","Scripps",2022-11-07,"Fall",1,2.72,0.82,1,25,5,0,0,0,0,"Expanded","Historic",0,0,0,0,32.871436,0.961538461538462,0.05
"782","SoCal","Scripps",2022-11-07,"Fall",1,5.93,0.57,1,2,2,0,0,0,0,"Expanded","Historic",0,0,0,0,32.871436,0.666666666666667,0.02
"783","SoCal","Scripps",2022-11-07,"Fall",1,17.41,0.32,0,0,0,0,0,0,0,"Expanded","Historic",0,0,0,0,32.871436,NA,0
"784","SoCal","Scripps",2022-11-07,"Fall",11,0,1.05,10,35,0,0,0,0,0,"Expanded","Historic",0,0,0,0,32.871436,0.777777777777778,0
"785","SoCal","Scripps",2022-11-07,"Fall",11,4.45,0.8,5,5,4,0,0,0,0,"Expanded","Historic",0,0,0,0,32.871436,0.5,0.04
"786","SoCal","Scripps",2022-11-07,"Fall",11,7.83,0.55,1,3,2,1,0,1,0,"Expanded","Historic",0,1,0.693147180559945,0,32.871436,0.75,0.02
"787","SoCal","Scripps",2022-11-07,"Fall",11,12.2,0.3,0,2,25,1,0,1,0,"Expanded","Historic",0,1,0.693147180559945,0,32.871436,1,0.25
"788","SoCal","Scripps",2022-11-07,"Fall",11,22.23,0.05,0,0,0,0,0,0,0,"Expanded","Historic",0,0,0,0,32.871436,NA,0
"789","SoCal","Scripps",2022-11-07,"Fall",22,0,1.69,5,70,2,0,0,0,0,"Expanded","Historic",0,0,0,0,32.871436,0.933333333333333,0.02
"790","SoCal","Scripps",2022-11-07,"Fall",22,3.9,1.44,8,47,0,0,0,0,0,"Expanded","Historic",0,0,0,0,32.871436,0.854545454545454,0
"791","SoCal","Scripps",2022-11-07,"Fall",22,4.92,1.19,25,0,5,0,2,0,1,"Expanded","Historic",1,0,0,0.693147180559945,32.871436,0,0.05
"792","SoCal","Scripps",2022-11-07,"Fall",22,10.08,0.94,0,6,0,0,0,0,0,"Expanded","Historic",0,0,0,0,32.871436,1,0
"793","SoCal","Scripps",2022-11-07,"Fall",22,13.69,0.69,0,0.1,0,3,0,5,0,"Expanded","Historic",0,1,1.79175946922805,0,32.871436,1,0
"794","SoCal","Scripps",2022-11-07,"Fall",22,13.96,0.44,0,0,0,0.5,0,1,0,"Expanded","Historic",0,1,0.693147180559945,0,32.871436,NA,0
"795","SoCal","Scripps",2022-11-07,"Fall",22,16.85,0.19,0,0,0,0,0,0,0,"Expanded","Historic",0,0,0,0,32.871436,NA,0
"796","SoCal","Scripps",2022-11-07,"Fall",24,0,1.72,7,35,0,0,0,0,0,"Expanded","Historic",0,0,0,0,32.871436,0.833333333333333,0
"797","SoCal","Scripps",2022-11-07,"Fall",24,2.35,1.47,25,65,0,0,0,0,0,"Expanded","Historic",0,0,0,0,32.871436,0.722222222222222,0
"798","SoCal","Scripps",2022-11-07,"Fall",24,2.97,1.22,18,68,0,0,0,0,0,"Expanded","Historic",0,0,0,0,32.871436,0.790697674418605,0
"799","SoCal","Scripps",2022-11-07,"Fall",24,3.53,0.97,0,6,0,0,0,0,0,"Expanded","Historic",0,0,0,0,32.871436,1,0
"800","SoCal","Scripps",2022-11-07,"Fall",24,11.07,0.72,0,2,0,0,0,0,0,"Expanded","Historic",0,0,0,0,32.871436,1,0
"801","SoCal","Scripps",2022-11-07,"Fall",24,12.56,0.47,0,0.2,1,2,0,3,0,"Expanded","Historic",0,1,1.38629436111989,0,32.871436,1,0.01
"802","SoCal","Scripps",2022-11-07,"Fall",24,13.94,0.22,0,0,0,3,0,4,0,"Expanded","Historic",0,1,1.6094379124341,0,32.871436,NA,0
"803","SoCal","Scripps",2022-11-07,"Fall",25,0,1.98,10,55,0,0,0,0,0,"Expanded","Historic",0,0,0,0,32.871436,0.846153846153846,0
"804","SoCal","Scripps",2022-11-07,"Fall",25,8.89,1.73,2,14,16,0,0,0,0,"Expanded","Historic",0,0,0,0,32.871436,0.875,0.16
"805","SoCal","Scripps",2022-11-07,"Fall",25,9.15,1.48,9,15,0,0,0,0,0,"Expanded","Historic",0,0,0,0,32.871436,0.625,0
"806","SoCal","Scripps",2022-11-07,"Fall",25,9.44,1.23,5,23,7,0,0,0,0,"Expanded","Historic",0,0,0,0,32.871436,0.821428571428571,0.07
"807","SoCal","Scripps",2022-11-07,"Fall",25,9.88,0.98,5,21,4,0.5,0,1,0,"Expanded","Historic",0,1,0.693147180559945,0,32.871436,0.807692307692308,0.04
"808","SoCal","Scripps",2022-11-07,"Fall",25,11.19,0.73,0,2,0,0.2,0,1,0,"Expanded","Historic",0,1,0.693147180559945,0,32.871436,1,0
"809","SoCal","Scripps",2022-11-07,"Fall",25,13.54,0.48,0,0.1,0,0,0,0,0,"Expanded","Historic",0,0,0,0,32.871436,1,0
"810","SoCal","Scripps",2022-11-07,"Fall",25,14.06,0.23,0,0,0,2,0,3,0,"Expanded","Historic",0,1,1.38629436111989,0,32.871436,NA,0
"811","SoCal","Swami's",2022-11-06,"Fall",4,0.2,1.59,2,3,11,0,0,0,0,"Expanded","Historic",0,0,0,0,33.132112,0.6,0.11
"812","SoCal","Swami's",2022-11-06,"Fall",4,10.39,1.34,0.5,3,5,0,0,0,0,"Expanded","Historic",0,0,0,0,33.132112,0.857142857142857,0.05
"813","SoCal","Swami's",2022-11-06,"Fall",4,10.65,1.09,0,0,0,0,0,0,0,"Expanded","Historic",0,0,0,0,33.132112,NA,0
"814","SoCal","Swami's",2022-11-06,"Fall",4,10.82,0.84,0,0,0,0,0,0,0,"Expanded","Historic",0,0,0,0,33.132112,NA,0
"815","SoCal","Swami's",2022-11-06,"Fall",6,7,1.31,0,4,75,0,0,0,0,"Expanded","Historic",0,0,0,0,33.132112,1,0.75
"816","SoCal","Swami's",2022-11-06,"Fall",6,10.73,1.06,0,0.2,0,0,0,0,0,"Expanded","Historic",0,0,0,0,33.132112,1,0
"817","SoCal","Swami's",2022-11-06,"Fall",6,10.97,0.81,0,0,0,0,0,0,0,"Expanded","Historic",0,0,0,0,33.132112,NA,0
"818","SoCal","Swami's",2022-11-06,"Fall",6,11.32,0.56,0,0,0,0,0,0,0,"Expanded","Historic",0,0,0,0,33.132112,NA,0
"819","SoCal","Swami's",2022-11-06,"Fall",7,7.7,1.29,0,4,53,0,0,0,0,"Expanded","Historic",0,0,0,0,33.132112,1,0.53
"820","SoCal","Swami's",2022-11-06,"Fall",7,10.94,1.04,0,3,0.8,0,0,1,0,"Expanded","Historic",0,0,0.693147180559945,0,33.132112,1,0.008
"821","SoCal","Swami's",2022-11-06,"Fall",7,11.18,0.79,0,0,0.8,0,0,0,0,"Expanded","Historic",0,0,0,0,33.132112,NA,0.008
"822","SoCal","Swami's",2022-11-06,"Fall",7,11.46,0.54,0,0,0,0,0,0,0,"Expanded","Historic",0,0,0,0,33.132112,NA,0
"823","SoCal","Swami's",2022-11-06,"Fall",9,0,1.13,0,0,0,0,0,0,0,"Expanded","Historic",0,0,0,0,33.132112,NA,0
"824","SoCal","Swami's",2022-11-06,"Fall",9,18.55,0.88,0,0,2,0,0,0,0,"Expanded","Historic",0,0,0,0,33.132112,NA,0.02
"825","SoCal","Swami's",2022-11-06,"Fall",16,0,1.51,2,40,0,0,0,0,0,"Expanded","Historic",0,0,0,0,33.132112,0.952380952380952,0
"826","SoCal","Swami's",2022-11-06,"Fall",16,8.03,1.26,0,1,13,0.5,0,1,0,"Expanded","Historic",0,1,0.693147180559945,0,33.132112,1,0.13
"827","SoCal","Swami's",2022-11-06,"Fall",16,19.74,1.01,0.1,2,15,0,0,0,0,"Expanded","Historic",0,0,0,0,33.132112,0.952380952380952,0.15
"828","SoCal","Swami's",2022-11-06,"Fall",16,20.71,0.76,0,0,2,0,0,0,0,"Expanded","Historic",0,0,0,0,33.132112,NA,0.02
"829","SoCal","Victoria Beach",2022-10-27,"Fall",15,0,2.04,0.2,4,62,0,4,0,5,"Expanded","Historic",1,0,0,1.79175946922805,33.349304,0.952380952380952,0.62
"830","SoCal","Victoria Beach",2022-10-27,"Fall",15,1.57,1.79,1,6,70,0,4,0,4,"Expanded","Historic",1,0,0,1.6094379124341,33.349304,0.857142857142857,0.7
"831","SoCal","Victoria Beach",2022-10-27,"Fall",15,5.65,1.54,0.1,15,80,3,4,4,2,"Expanded","Historic",1,1,1.6094379124341,1.09861228866811,33.349304,0.993377483443709,0.8
"832","SoCal","Victoria Beach",2022-10-27,"Fall",15,7.24,1.29,0,2,4,0,0,0,0,"Expanded","Historic",0,0,0,0,33.349304,1,0.04
"833","SoCal","Victoria Beach",2022-10-27,"Fall",5,0,1.82,4,27,90,0,2,0,1,"Expanded","Historic",1,0,0,0.693147180559945,33.349304,0.870967741935484,0.9
"834","SoCal","Victoria Beach",2022-10-27,"Fall",5,4.65,1.57,0.4,12,40,4,0,4,0,"Expanded","Historic",0,1,1.6094379124341,0,33.349304,0.967741935483871,0.4
"835","SoCal","Victoria Beach",2022-10-27,"Fall",5,8.23,1.32,3,27,74,0,0,0,0,"Expanded","Historic",0,0,0,0,33.349304,0.9,0.74
"836","SoCal","Victoria Beach",2022-10-27,"Fall",5,8.53,1.07,0,23,85,0,0,0,0,"Expanded","Historic",0,0,0,0,33.349304,1,0.85
"837","SoCal","Victoria Beach",2022-10-27,"Fall",5,8.78,0.82,2,15,22,0,0,0,0,"Expanded","Historic",0,0,0,0,33.349304,0.882352941176471,0.22
"838","SoCal","Victoria Beach",2022-10-27,"Fall",5,9.04,0.57,3,1,0,0,0,0,0,"Expanded","Historic",0,0,0,0,33.349304,0.25,0
"839","SoCal","Victoria Beach",2022-10-27,"Fall",2,0,1.62,1,40,80,0,8,0,8,"Expanded","Historic",1,0,0,2.19722457733622,33.349304,0.975609756097561,0.8
"840","SoCal","Victoria Beach",2022-10-27,"Fall",2,6.06,1.37,1,0,78,0,3,0,2,"Expanded","Historic",1,0,0,1.09861228866811,33.349304,0,0.78
"841","SoCal","Victoria Beach",2022-10-27,"Fall",2,6.53,1.12,1,20,85,0,0,0,0,"Expanded","Historic",0,0,0,0,33.349304,0.952380952380952,0.85
"842","SoCal","Victoria Beach",2022-10-27,"Fall",2,6.81,0.87,0,4,55,0,0,0,0,"Expanded","Historic",0,0,0,0,33.349304,1,0.55
"843","SoCal","Victoria Beach",2022-10-27,"Fall",2,7.27,0.62,0,0,7,0,0,0,0,"Expanded","Historic",0,0,0,0,33.349304,NA,0.07
"844","SoCal","Victoria Beach",2022-10-27,"Fall",13,0,1.92,1,8,93,0,0,0,0,"Expanded","Historic",0,0,0,0,33.349304,0.888888888888889,0.93
"845","SoCal","Victoria Beach",2022-10-27,"Fall",13,0.95,1.67,3,6,70,0,3,0,1,"Expanded","Historic",1,0,0,0.693147180559945,33.349304,0.666666666666667,0.7
"846","SoCal","Victoria Beach",2022-10-27,"Fall",13,5.83,1.42,2,12,60,0,0,1,0,"Expanded","Historic",0,0,0.693147180559945,0,33.349304,0.857142857142857,0.6
"847","SoCal","Victoria Beach",2022-10-27,"Fall",17,0.25,1.83,0.5,8,40,0,1,0,2,"Expanded","Historic",1,0,0,1.09861228866811,33.349304,0.941176470588235,0.4
"848","SoCal","Victoria Beach",2022-10-27,"Fall",17,1.29,1.58,1,9,80,0,3,0,5,"Expanded","Historic",1,0,0,1.79175946922805,33.349304,0.9,0.8
"849","SoCal","Victoria Beach",2022-10-27,"Fall",17,6.89,1.33,3,10,90,0,0,0,0,"Expanded","Historic",0,0,0,0,33.349304,0.769230769230769,0.9
"850","SoCal","Cabrillo",2022-10-26,"Fall",10,0,1.34,0,0.1,0,0,0,0,0,"Expanded","Historic",0,0,0,0,32.667722,1,0
"851","SoCal","Cabrillo",2022-10-26,"Fall",10,0.55,1.09,0,1,0,0,0,0,0,"Expanded","Historic",0,0,0,0,32.667722,1,0
"852","SoCal","Cabrillo",2022-10-26,"Fall",10,0.86,0.84,0.1,0.4,0,0,0,0,0,"Expanded","Historic",0,0,0,0,32.667722,0.8,0
"853","SoCal","Cabrillo",2022-10-26,"Fall",10,1.11,0.59,0,0,0,0,0,0,0,"Expanded","Historic",0,0,0,0,32.667722,NA,0
"854","SoCal","Cabrillo",2022-10-26,"Fall",10,4.31,0.34,0,0,0,0,0,0,0,"Expanded","Historic",0,0,0,0,32.667722,NA,0
"855","SoCal","Cabrillo",2022-10-26,"Fall",10,6.53,0.09,0,0,0,0,0,0,0,"Expanded","Historic",0,0,0,0,32.667722,NA,0
"856","SoCal","Cabrillo",2022-10-26,"Fall",3,0,1.03,0,0.2,0,0,0,0,0,"Expanded","Historic",0,0,0,0,32.667722,1,0
"857","SoCal","Cabrillo",2022-10-26,"Fall",3,0.55,0.78,0,0.2,0,0,0,0,0,"Expanded","Historic",0,0,0,0,32.667722,1,0
"858","SoCal","Cabrillo",2022-10-26,"Fall",3,1.08,0.53,0,1,0,0,0,0,0,"Expanded","Historic",0,0,0,0,32.667722,1,0
"859","SoCal","Cabrillo",2022-10-26,"Fall",3,4.04,0.28,0,0.6,0,0,0,0,0,"Expanded","Historic",0,0,0,0,32.667722,1,0
"860","SoCal","Cabrillo",2022-10-26,"Fall",3,6.18,0.03,0,0,0,0,0,0,0,"Expanded","Historic",0,0,0,0,32.667722,NA,0
"861","SoCal","Cabrillo",2022-10-26,"Fall",24,0,0.93,2,9,0,0,2,0,1,"Expanded","Historic",1,0,0,0.693147180559945,32.667722,0.818181818181818,0
"862","SoCal","Cabrillo",2022-10-26,"Fall",24,0.55,0.68,0,0,0,0,0,0,0,"Expanded","Historic",0,0,0,0,32.667722,NA,0
"863","SoCal","Cabrillo",2022-10-26,"Fall",24,0.82,0.43,0,0,0,0,0,0,0,"Expanded","Historic",0,0,0,0,32.667722,NA,0
"864","SoCal","Cabrillo",2022-10-26,"Fall",24,6.29,0.18,0,0,0,0,0,0,0,"Expanded","Historic",0,0,0,0,32.667722,NA,0
"865","SoCal","Cabrillo",2022-10-26,"Fall",21,0,0.68,0,0,0,0,0,0,0,"Expanded","Historic",0,0,0,0,32.667722,NA,0
"866","SoCal","Cabrillo",2022-10-26,"Fall",21,1.11,0.43,0,0,0,0,0,0,0,"Expanded","Historic",0,0,0,0,32.667722,NA,0
"867","SoCal","Cabrillo",2022-10-26,"Fall",21,4.29,0.18,0,0,0,0,0,0,0,"Expanded","Historic",0,0,0,0,32.667722,NA,0
"868","SoCal","Cabrillo",2022-10-26,"Fall",12,2.8,1.08,4,1,0,0,0,0,0,"Expanded","Historic",0,0,0,0,32.667722,0.2,0
"869","SoCal","Cabrillo",2022-10-26,"Fall",12,3.3,0.83,2,0.1,0,0,1,0,1,"Expanded","Historic",1,0,0,0.693147180559945,32.667722,0.0476190476190476,0
"870","SoCal","Cabrillo",2022-10-26,"Fall",12,4.65,0.58,0,0,0,0,0,0,0,"Expanded","Historic",0,0,0,0,32.667722,NA,0
"871","SoCal","Cabrillo",2022-10-26,"Fall",12,8.75,0.33,0,0,0,0,0,0,0,"Expanded","Historic",0,0,0,0,32.667722,NA,0
"872","NorCal","Dillon Beach",2023-06-16,"Spring",24,0,0.33,3,12,45,0,0,0,0,"NA","Historic",0,0,0,0,38.257232,0.8,0.45
"873","NorCal","Dillon Beach",2023-06-16,"Spring",24,0.7,0.08,8,17,10,3,0,3,0,"NA","Historic",0,1,1.38629436111989,0,38.257232,0.68,0.1
"874","NorCal","Dillon Beach",2023-06-16,"Spring",24,7.9,-0.17,0,8,0,0,0,0,0,"NA","Historic",0,0,0,0,38.257232,1,0
"875","NorCal","Dillon Beach",2023-06-16,"Spring",18,0.2,0.74,3,12,95,0,0,0,0,"NA","Historic",0,0,0,0,38.257232,0.8,0.95
"876","NorCal","Dillon Beach",2023-06-16,"Spring",18,0.76,0.49,1,4,70,0,0,0,0,"NA","Historic",0,0,0,0,38.257232,0.8,0.7
"877","NorCal","Dillon Beach",2023-06-16,"Spring",18,1.07,0.24,10,30,0,6,0,7,0,"NA","Historic",0,1,2.07944154167984,0,38.257232,0.75,0
"878","NorCal","Dillon Beach",2023-06-16,"Spring",18,12.02,-0.01,0,35,0,2,0,3,0,"NA","Historic",0,1,1.38629436111989,0,38.257232,1,0
"879","NorCal","Dillon Beach",2023-06-16,"Spring",18,12.73,-0.26,0,0,0,0,0,0,0,"NA","Historic",0,0,0,0,38.257232,NA,0
"880","NorCal","Dillon Beach",2023-06-16,"Spring",12,0,0.89,2,65,37,0,0,0,0,"NA","Historic",0,0,0,0,38.257232,0.970149253731343,0.37
"881","NorCal","Dillon Beach",2023-06-16,"Spring",12,0.58,0.64,0,0,19,0,0,0,0,"NA","Historic",0,0,0,0,38.257232,NA,0.19
"882","NorCal","Dillon Beach",2023-06-16,"Spring",12,1.02,0.39,3,97,10,0,0,0,0,"NA","Historic",0,0,0,0,38.257232,0.97,0.1
"883","NorCal","Dillon Beach",2023-06-16,"Spring",12,4.46,0.14,0,0.5,5,4,0,5,0,"NA","Historic",0,1,1.79175946922805,0,38.257232,1,0.05
"884","NorCal","Dillon Beach",2023-06-16,"Spring",12,5.7,-0.11,0.5,0,0,0,0,0,0,"NA","Historic",0,0,0,0,38.257232,0,0
"885","NorCal","Dillon Beach",2023-06-16,"Spring",3,0,1.33,0,15,80,0,0,0,0,"NA","Historic",0,0,0,0,38.257232,1,0.8
"886","NorCal","Dillon Beach",2023-06-16,"Spring",3,0.42,1.08,0,12,100,0,0,0,0,"NA","Historic",0,0,0,0,38.257232,1,1
"887","NorCal","Dillon Beach",2023-06-16,"Spring",3,0.79,0.83,1,99,8,0,0,0,0,"NA","Historic",0,0,0,0,38.257232,0.99,0.08
"888","NorCal","Dillon Beach",2023-06-16,"Spring",3,1.08,0.58,1,96,2,0,0,0,0,"NA","Historic",0,0,0,0,38.257232,0.989690721649485,0.02
"889","NorCal","Dillon Beach",2023-06-16,"Spring",3,3.75,0.33,3,37,1,0,0,0,0,"NA","Historic",0,0,0,0,38.257232,0.925,0.01
"890","NorCal","Dillon Beach",2023-06-16,"Spring",3,4.42,0.08,2,23,25,0,0,0,0,"NA","Historic",0,0,0,0,38.257232,0.92,0.25
"891","NorCal","Dillon Beach",2023-06-16,"Spring",3,9.23,-0.17,0.1,8,0,0,0,0,0,"NA","Historic",0,0,0,0,38.257232,0.987654320987654,0
"892","NorCal","Dillon Beach",2023-06-16,"Spring",1,0,1.59,3,40,0,0,0,0,0,"NA","Historic",0,0,0,0,38.257232,0.930232558139535,0
"893","NorCal","Dillon Beach",2023-06-16,"Spring",1,0.46,1.34,5,93,0,0,0,0,0,"NA","Historic",0,0,0,0,38.257232,0.948979591836735,0
"894","NorCal","Dillon Beach",2023-06-16,"Spring",1,0.73,1.09,5,55,40,0,0,0,0,"NA","Historic",0,0,0,0,38.257232,0.916666666666667,0.4
"895","NorCal","Dillon Beach",2023-06-16,"Spring",1,0.97,0.84,15,45,50,0,0,0,0,"NA","Historic",0,0,0,0,38.257232,0.75,0.5
"896","NorCal","Dillon Beach",2023-06-16,"Spring",1,1.22,0.59,8,74,17,0,0,0,0,"NA","Historic",0,0,0,0,38.257232,0.902439024390244,0.17
"897","NorCal","Dillon Beach",2023-06-16,"Spring",1,8.31,0.34,0,15,0,0,0,0,0,"NA","Historic",0,0,0,0,38.257232,1,0
"898","NorCal","Moat Creek",2023-06-18,"Spring",22,0,2.43,0,0,0,0,0,0,0,"NA","NA",0,0,0,0,38.881204,NA,0
"899","NorCal","Moat Creek",2023-06-18,"Spring",22,0.8,2.18,0.2,0,0,0,0,0,0,"NA","NA",0,0,0,0,38.881204,0,0
"900","NorCal","Moat Creek",2023-06-18,"Spring",22,1.34,1.93,0,1,0,0,0,0,0,"NA","NA",0,0,0,0,38.881204,1,0
"901","NorCal","Moat Creek",2023-06-18,"Spring",22,2.02,1.68,0,0,0,0,0,0,0,"NA","NA",0,0,0,0,38.881204,NA,0
"902","NorCal","Moat Creek",2023-06-18,"Spring",22,5.73,1.43,0,1,0,0,0,0,0,"NA","NA",0,0,0,0,38.881204,1,0
"903","NorCal","Moat Creek",2023-06-18,"Spring",22,7.55,1.18,0,0.2,0,0,0,0,0,"NA","NA",0,0,0,0,38.881204,1,0
"904","NorCal","Moat Creek",2023-06-18,"Spring",22,8.5,0.93,0,0,0,0,0,0,0,"NA","NA",0,0,0,0,38.881204,NA,0
"905","NorCal","Moat Creek",2023-06-18,"Spring",22,10.5,0.68,0,0,0,0,0,0,0,"NA","NA",0,0,0,0,38.881204,NA,0
"906","NorCal","Moat Creek",2023-06-18,"Spring",22,19.3,0.43,0,0,0,0,0,0,0,"NA","NA",0,0,0,0,38.881204,NA,0
"907","NorCal","Moat Creek",2023-06-18,"Spring",18,0,2.17,0.2,1,0,0,0,0,0,"NA","NA",0,0,0,0,38.881204,0.833333333333333,0
"908","NorCal","Moat Creek",2023-06-18,"Spring",18,1.2,1.92,3,18,0,0,0,0,0,"NA","NA",0,0,0,0,38.881204,0.857142857142857,0
"909","NorCal","Moat Creek",2023-06-18,"Spring",18,1.45,1.67,1,3,0,0,0,0,0,"NA","NA",0,0,0,0,38.881204,0.75,0
"910","NorCal","Moat Creek",2023-06-18,"Spring",18,1.72,1.42,0.5,4,0.8,0,0,0,0,"NA","NA",0,0,0,0,38.881204,0.888888888888889,0.008
"911","NorCal","Moat Creek",2023-06-18,"Spring",18,2.01,1.17,0,0,0,0,0,0,0,"NA","NA",0,0,0,0,38.881204,NA,0
"912","NorCal","Moat Creek",2023-06-18,"Spring",18,2.4,0.92,0,0,0,0,0,0,0,"NA","NA",0,0,0,0,38.881204,NA,0
"913","NorCal","Moat Creek",2023-06-18,"Spring",18,5.29,0.67,0,0,0,0,0,0,0,"NA","NA",0,0,0,0,38.881204,NA,0
"914","NorCal","Moat Creek",2023-06-18,"Spring",18,6.33,0.42,0,0,0,0,0,0,0,"NA","NA",0,0,0,0,38.881204,NA,0
"915","NorCal","Moat Creek",2023-06-18,"Spring",18,11.15,0.17,0,0,0,0,0,0,0,"NA","NA",0,0,0,0,38.881204,NA,0
"916","NorCal","Moat Creek",2023-06-18,"Spring",16,0,1.77,2,0.5,0,0,0,0,0,"NA","NA",0,0,0,0,38.881204,0.2,0
"917","NorCal","Moat Creek",2023-06-18,"Spring",16,1.44,1.52,0.2,4,0,0,0,0,0,"NA","NA",0,0,0,0,38.881204,0.952380952380952,0
"918","NorCal","Moat Creek",2023-06-18,"Spring",16,1.75,1.27,0.1,8,0,0,0,0,0,"NA","NA",0,0,0,0,38.881204,0.987654320987654,0
"919","NorCal","Moat Creek",2023-06-18,"Spring",16,2.71,1.02,0.1,2,0,0,0,0,0,"NA","NA",0,0,0,0,38.881204,0.952380952380952,0
"920","NorCal","Moat Creek",2023-06-18,"Spring",16,3.07,0.77,0,0,0,0,0,0,0,"NA","NA",0,0,0,0,38.881204,NA,0
"921","NorCal","Moat Creek",2023-06-18,"Spring",16,3.63,0.52,0,0,0,0,0,0,0,"NA","NA",0,0,0,0,38.881204,NA,0
"922","NorCal","Moat Creek",2023-06-18,"Spring",16,13.73,0.27,0,0,0,0,0,0,0,"NA","NA",0,0,0,0,38.881204,NA,0
"923","NorCal","Moat Creek",2023-06-18,"Spring",16,20.7,0.02,0,0,0,0,0,0,0,"NA","NA",0,0,0,0,38.881204,NA,0
"924","NorCal","Moat Creek",2023-06-18,"Spring",11,0,1.45,0,0,0,0,0,0,0,"NA","NA",0,0,0,0,38.881204,NA,0
"925","NorCal","Moat Creek",2023-06-18,"Spring",11,1.85,1.2,0,0,0,0,0,0,0,"NA","NA",0,0,0,0,38.881204,NA,0
"926","NorCal","Moat Creek",2023-06-18,"Spring",11,18.5,0.95,0,0,0,0,0,0,0,"NA","NA",0,0,0,0,38.881204,NA,0
"927","NorCal","Moat Creek",2023-06-18,"Spring",11,21.89,0.7,0,0,0,0,0,0,0,"NA","NA",0,0,0,0,38.881204,NA,0
"928","NorCal","Moat Creek",2023-06-18,"Spring",11,23.43,0.45,0,0,0,0,0,0,0,"NA","NA",0,0,0,0,38.881204,NA,0
"929","NorCal","Moat Creek",2023-06-18,"Spring",11,24.3,0.2,0,0,0,0,0,0,0,"NA","NA",0,0,0,0,38.881204,NA,0
"930","NorCal","Moat Creek",2023-06-18,"Spring",8,0,1.53,0,0,0,0,0,0,0,"NA","NA",0,0,0,0,38.881204,NA,0
"931","NorCal","Moat Creek",2023-06-18,"Spring",8,1.39,1.28,0,0.1,0,0,0,0,0,"NA","NA",0,0,0,0,38.881204,1,0
"932","NorCal","Moat Creek",2023-06-18,"Spring",8,1.97,1.03,0,0,0,0,0,0,0,"NA","NA",0,0,0,0,38.881204,NA,0
"933","NorCal","Moat Creek",2023-06-18,"Spring",8,3.35,0.78,0,0,0,0,0,0,0,"NA","NA",0,0,0,0,38.881204,NA,0
"934","NorCal","Moat Creek",2023-06-18,"Spring",8,3.89,0.53,0,0,0,0,0,0,0,"NA","NA",0,0,0,0,38.881204,NA,0
"935","NorCal","Moat Creek",2023-06-18,"Spring",8,9.07,0.28,0,0,0,0,0,0,0,"NA","NA",0,0,0,0,38.881204,NA,0
"936","NorCal","Mussel Rock",2023-06-23,"Spring",22,0,1.48,1,5,75,0,0,0,0,"NA","NA",0,0,0,0,40.347464,0.833333333333333,0.75
"937","NorCal","Mussel Rock",2023-06-23,"Spring",22,0.48,1.23,0.5,5,40,0,0,0,0,"NA","NA",0,0,0,0,40.347464,0.909090909090909,0.4
"938","NorCal","Mussel Rock",2023-06-23,"Spring",22,0.97,0.98,0,0,10,0,0,0,0,"NA","NA",0,0,0,0,40.347464,NA,0.1
"939","NorCal","Mussel Rock",2023-06-23,"Spring",22,1.95,0.73,0,2,0,0,0,0,0,"NA","NA",0,0,0,0,40.347464,1,0
"940","NorCal","Mussel Rock",2023-06-23,"Spring",22,2.55,0.48,0,1,0,0,0,0,0,"NA","NA",0,0,0,0,40.347464,1,0
"941","NorCal","Mussel Rock",2023-06-23,"Spring",17,0.13,2.08,0.3,0.3,90,0,0,0,0,"NA","NA",0,0,0,0,40.347464,0.5,0.9
"942","NorCal","Mussel Rock",2023-06-23,"Spring",17,1.35,1.83,3,2,65,0,0,0,0,"NA","NA",0,0,0,0,40.347464,0.4,0.65
"943","NorCal","Mussel Rock",2023-06-23,"Spring",17,2.82,1.58,0.3,0.2,80,0,0,0,0,"NA","NA",0,0,0,0,40.347464,0.4,0.8
"944","NorCal","Mussel Rock",2023-06-23,"Spring",17,3.14,1.33,0,2,11,0,0,0,0,"NA","NA",0,0,0,0,40.347464,1,0.11
"945","NorCal","Mussel Rock",2023-06-23,"Spring",17,3.39,1.08,0.5,8,0,0,0,0,0,"NA","NA",0,0,0,0,40.347464,0.941176470588235,0
"946","NorCal","Mussel Rock",2023-06-23,"Spring",7,0,1.81,1,0,95,0,0,0,0,"NA","NA",0,0,0,0,40.347464,0,0.95
"947","NorCal","Mussel Rock",2023-06-23,"Spring",7,2.1,1.56,3,2,10,0,0,0,0,"NA","NA",0,0,0,0,40.347464,0.4,0.1
"948","NorCal","Mussel Rock",2023-06-23,"Spring",7,2.46,1.31,3,6,0.5,0,0,0,0,"NA","NA",0,0,0,0,40.347464,0.666666666666667,0.005
"949","NorCal","Mussel Rock",2023-06-23,"Spring",7,2.73,1.06,0,0,0,0,0,0,0,"NA","NA",0,0,0,0,40.347464,NA,0
"950","NorCal","Mussel Rock",2023-06-23,"Spring",7,4.1,0.81,1,5,0,0,0,0,0,"NA","NA",0,0,0,0,40.347464,0.833333333333333,0
"951","NorCal","Mussel Rock",2023-06-23,"Spring",7,4.85,0.56,0,4,0,0,0,0,0,"NA","NA",0,0,0,0,40.347464,1,0
"952","NorCal","Mussel Rock",2023-06-23,"Spring",6,0,1.72,2,0.2,10,0,0,0,0,"NA","NA",0,0,0,0,40.347464,0.0909090909090909,0.1
"953","NorCal","Mussel Rock",2023-06-23,"Spring",6,1.9,1.47,1,0.5,0.7,0,0,0,0,"NA","NA",0,0,0,0,40.347464,0.333333333333333,0.007
"954","NorCal","Mussel Rock",2023-06-23,"Spring",6,2.3,1.22,10,20,0,0,0,0,0,"NA","NA",0,0,0,0,40.347464,0.666666666666667,0
"955","NorCal","Mussel Rock",2023-06-23,"Spring",6,4.12,0.97,0.1,30,0,0,0,0,0,"NA","NA",0,0,0,0,40.347464,0.996677740863787,0
"956","NorCal","Mussel Rock",2023-06-23,"Spring",6,4.59,0.72,0,25,0,0,0,0,0,"NA","NA",0,0,0,0,40.347464,1,0
"957","NorCal","Mussel Rock",2023-06-23,"Spring",5,0.6,1.84,0.5,0,96,0,0,0,0,"NA","NA",0,0,0,0,40.347464,0,0.96
"958","NorCal","Mussel Rock",2023-06-23,"Spring",5,1.32,1.59,1,0.1,92,0,0,0,0,"NA","NA",0,0,0,0,40.347464,0.0909090909090909,0.92
"959","NorCal","Mussel Rock",2023-06-23,"Spring",5,3.3,1.34,1,10,0,0,0,0,0,"NA","NA",0,0,0,0,40.347464,0.909090909090909,0
"960","NorCal","Mussel Rock",2023-06-23,"Spring",5,3.8,1.09,0.2,6,0,0,0,0,0,"NA","NA",0,0,0,0,40.347464,0.967741935483871,0
"961","NorCal","Mussel Rock",2023-06-23,"Spring",5,4.19,0.84,1,12,3,0,0,0,0,"NA","NA",0,0,0,0,40.347464,0.923076923076923,0.03
"962","NorCal","Mussel Rock",2023-06-23,"Spring",5,4.75,0.59,1,1,0,0,0,0,0,"NA","NA",0,0,0,0,40.347464,0.5,0
"963","NorCal","Sea Ranch",2023-06-17,"Spring",23,0,3.21,0,2,0,0,0,0,0,"NA","NA",0,0,0,0,38.724674,1,0
"964","NorCal","Sea Ranch",2023-06-17,"Spring",23,0.41,2.96,0,5,0,0,0,0,0,"NA","NA",0,0,0,0,38.724674,1,0
"965","NorCal","Sea Ranch",2023-06-17,"Spring",23,0.7,2.71,0,22,0,0,0,0,0,"NA","NA",0,0,0,0,38.724674,1,0
"966","NorCal","Sea Ranch",2023-06-17,"Spring",23,2.2,2.46,1,4,65,0,0,0,0,"NA","NA",0,0,0,0,38.724674,0.8,0.65
"967","NorCal","Sea Ranch",2023-06-17,"Spring",23,3,2.21,0.3,15,31,0,0,0,0,"NA","NA",0,0,0,0,38.724674,0.980392156862745,0.31
"968","NorCal","Sea Ranch",2023-06-17,"Spring",23,4.18,1.96,6,20,24,0,0,0,0,"NA","NA",0,0,0,0,38.724674,0.769230769230769,0.24
"969","NorCal","Sea Ranch",2023-06-17,"Spring",23,6.74,1.71,3,3,90,0,0,0,0,"NA","NA",0,0,0,0,38.724674,0.5,0.9
"970","NorCal","Sea Ranch",2023-06-17,"Spring",23,7.12,1.46,0.5,3,30,0,0,0,0,"NA","NA",0,0,0,0,38.724674,0.857142857142857,0.3
"971","NorCal","Sea Ranch",2023-06-17,"Spring",23,7.4,1.21,0.5,0,0,0,0,0,0,"NA","NA",0,0,0,0,38.724674,0,0
"972","NorCal","Sea Ranch",2023-06-17,"Spring",23,7.66,0.96,0,0,0,0,0,0,0,"NA","NA",0,0,0,0,38.724674,NA,0
"973","NorCal","Sea Ranch",2023-06-17,"Spring",22,0,2.97,0,3,0,0,0,0,0,"NA","NA",0,0,0,0,38.724674,1,0
"974","NorCal","Sea Ranch",2023-06-17,"Spring",22,0.35,2.72,0,6,0,0,0,0,0,"NA","NA",0,0,0,0,38.724674,1,0
"975","NorCal","Sea Ranch",2023-06-17,"Spring",22,0.63,2.47,0,15,9,0,0,0,0,"NA","NA",0,0,0,0,38.724674,1,0.09
"976","NorCal","Sea Ranch",2023-06-17,"Spring",22,0.91,2.22,2,23,0,0,0,0,0,"NA","NA",0,0,0,0,38.724674,0.92,0
"977","NorCal","Sea Ranch",2023-06-17,"Spring",22,1.18,1.97,3,10,48,0,0,0,0,"NA","NA",0,0,0,0,38.724674,0.769230769230769,0.48
"978","NorCal","Sea Ranch",2023-06-17,"Spring",22,3.74,1.72,0,80,10,0,0,0,0,"NA","NA",0,0,0,0,38.724674,1,0.1
"979","NorCal","Sea Ranch",2023-06-17,"Spring",22,4.05,1.47,5,30,0,0,0,0,0,"NA","NA",0,0,0,0,38.724674,0.857142857142857,0
"980","NorCal","Sea Ranch",2023-06-17,"Spring",22,5,1.22,0,2,0.8,0,0,0,0,"NA","NA",0,0,0,0,38.724674,1,0.008
"981","NorCal","Sea Ranch",2023-06-17,"Spring",22,5.68,0.97,0,0,0,0,0,0,0,"NA","NA",0,0,0,0,38.724674,NA,0
"982","NorCal","Sea Ranch",2023-06-17,"Spring",20,0,2.43,2,23,0,0,0,0,0,"NA","NA",0,0,0,0,38.724674,0.92,0
"983","NorCal","Sea Ranch",2023-06-17,"Spring",20,0.45,2.18,1,30,0,0,0,0,0,"NA","NA",0,0,0,0,38.724674,0.967741935483871,0
"984","NorCal","Sea Ranch",2023-06-17,"Spring",20,0.81,1.93,5,30,4,0,0,0,0,"NA","NA",0,0,0,0,38.724674,0.857142857142857,0.04
"985","NorCal","Sea Ranch",2023-06-17,"Spring",20,1.1,1.68,1,10,55,0,0,0,0,"NA","NA",0,0,0,0,38.724674,0.909090909090909,0.55
"986","NorCal","Sea Ranch",2023-06-17,"Spring",20,2.45,1.43,0,0.1,50,0,0,0,0,"NA","NA",0,0,0,0,38.724674,1,0.5
"987","NorCal","Sea Ranch",2023-06-17,"Spring",20,3.37,1.18,4,10,25,0,0,0,0,"NA","NA",0,0,0,0,38.724674,0.714285714285714,0.25
"988","NorCal","Sea Ranch",2023-06-17,"Spring",20,3.65,0.93,2,8,2,0,0,0,0,"NA","NA",0,0,0,0,38.724674,0.8,0.02
"989","NorCal","Sea Ranch",2023-06-17,"Spring",20,3.96,0.68,0.5,2,0,0,0,0,0,"NA","NA",0,0,0,0,38.724674,0.8,0
"990","NorCal","Sea Ranch",2023-06-17,"Spring",17,0,2.23,4,12,100,0,0,0,0,"NA","NA",0,0,0,0,38.724674,0.75,1
"991","NorCal","Sea Ranch",2023-06-17,"Spring",17,0.65,1.98,2,18,35,0,0,0,0,"NA","NA",0,0,0,0,38.724674,0.9,0.35
"992","NorCal","Sea Ranch",2023-06-17,"Spring",17,1.15,1.73,3,12,50,0,0,0,0,"NA","NA",0,0,0,0,38.724674,0.8,0.5
"993","NorCal","Sea Ranch",2023-06-17,"Spring",17,1.87,1.48,0,5,85,0,0,0,0,"NA","NA",0,0,0,0,38.724674,1,0.85
"994","NorCal","Sea Ranch",2023-06-17,"Spring",17,4.28,1.23,0.5,4,97,0,0,0,0,"NA","NA",0,0,0,0,38.724674,0.888888888888889,0.97
"995","NorCal","Sea Ranch",2023-06-17,"Spring",17,4.57,0.98,2,6,75,0,0,0,0,"NA","NA",0,0,0,0,38.724674,0.75,0.75
"996","NorCal","Sea Ranch",2023-06-17,"Spring",17,4.85,0.73,0,0,0,0,0,0,0,"NA","NA",0,0,0,0,38.724674,NA,0
"997","NorCal","Sea Ranch",2023-06-17,"Spring",15,0,2.3,2,19,17,0,0,0,0,"NA","NA",0,0,0,0,38.724674,0.904761904761905,0.17
"998","NorCal","Sea Ranch",2023-06-17,"Spring",15,1,2.05,3,7,65,0,0,0,0,"NA","NA",0,0,0,0,38.724674,0.7,0.65
"999","NorCal","Sea Ranch",2023-06-17,"Spring",15,1.82,1.8,5,30,40,0,0,0,0,"NA","NA",0,0,0,0,38.724674,0.857142857142857,0.4
"1000","NorCal","Sea Ranch",2023-06-17,"Spring",15,2.34,1.55,20,35,12,0,0,0,0,"NA","NA",0,0,0,0,38.724674,0.636363636363636,0.12
"1001","NorCal","Sea Ranch",2023-06-17,"Spring",15,2.66,1.3,10,25,15,0,0,0,0,"NA","NA",0,0,0,0,38.724674,0.714285714285714,0.15
"1002","NorCal","Sea Ranch",2023-06-17,"Spring",15,2.9,1.05,4,50,4,0,0,0,0,"NA","NA",0,0,0,0,38.724674,0.925925925925926,0.04
"1003","NorCal","Sea Ranch",2023-06-17,"Spring",15,3.19,0.8,1,9,0,0,0,0,0,"NA","NA",0,0,0,0,38.724674,0.9,0
"1004","NorCal","Sea Ranch",2023-06-17,"Spring",15,3.4,0.55,0,0,0,0,0,0,0,"NA","NA",0,0,0,0,38.724674,NA,0
"1005","NorCal","Sea Ranch",2023-06-17,"Spring",15,3.65,0.3,0,0,0,0,0,0,0,"NA","NA",0,0,0,0,38.724674,NA,0
"1006","NorCal","Mendocino North",2023-06-19,"Spring",25,0.3,1.75,8,35,25,0,0,0,0,"NA","Expanded",0,0,0,0,40.396924,0.813953488372093,0.25
"1007","NorCal","Mendocino North",2023-06-19,"Spring",25,1,1.5,5,65,4,0,0,0,0,"NA","Expanded",0,0,0,0,40.396924,0.928571428571429,0.04
"1008","NorCal","Mendocino North",2023-06-19,"Spring",25,1.29,1.25,12,30,1,0,0,0,0,"NA","Expanded",0,0,0,0,40.396924,0.714285714285714,0.01
"1009","NorCal","Mendocino North",2023-06-19,"Spring",25,1.55,1,10,40,0,0,0,0,0,"NA","Expanded",0,0,0,0,40.396924,0.8,0
"1010","NorCal","Mendocino North",2023-06-19,"Spring",25,1.93,0.75,5,0,0,2,0,1,0,"NA","Expanded",0,1,0.693147180559945,0,40.396924,0,0
"1011","NorCal","Mendocino North",2023-06-19,"Spring",25,3.65,0.5,2,0,0,0,0,0,0,"NA","Expanded",0,0,0,0,40.396924,0,0
"1012","NorCal","Mendocino North",2023-06-19,"Spring",25,7.75,0.25,1,0,0,0,0,0,0,"NA","Expanded",0,0,0,0,40.396924,0,0
"1013","NorCal","Mendocino North",2023-06-19,"Spring",23,0.65,0.91,6,4,0.5,0,0,0,0,"NA","Expanded",0,0,0,0,40.396924,0.4,0.005
"1014","NorCal","Mendocino North",2023-06-19,"Spring",23,0.9,0.66,4,0,0,0,0,0,0,"NA","Expanded",0,0,0,0,40.396924,0,0
"1015","NorCal","Mendocino North",2023-06-19,"Spring",23,5,0.41,2,0,0,0,0,0,0,"NA","Expanded",0,0,0,0,40.396924,0,0
"1016","NorCal","Mendocino North",2023-06-19,"Spring",13,14.25,1.37,6,23,45,0,0,0,0,"NA","Expanded",0,0,0,0,40.396924,0.793103448275862,0.45
"1017","NorCal","Mendocino North",2023-06-19,"Spring",13,15,1.12,1,17,2,0,0,0,0,"NA","Expanded",0,0,0,0,40.396924,0.944444444444444,0.02
"1018","NorCal","Mendocino North",2023-06-19,"Spring",13,15.26,0.87,1,24,0,0,0,0,0,"NA","Expanded",0,0,0,0,40.396924,0.96,0
"1019","NorCal","Mendocino North",2023-06-19,"Spring",13,15.86,0.62,3,14,0,0,0,0,0,"NA","Expanded",0,0,0,0,40.396924,0.823529411764706,0
"1020","NorCal","Mendocino North",2023-06-19,"Spring",13,18.77,0.37,5,22,0,1,0,1,0,"NA","Expanded",0,1,0.693147180559945,0,40.396924,0.814814814814815,0
"1021","NorCal","Mendocino North",2023-06-19,"Spring",13,23.1,0.12,0,0,0,1,0,1,0,"NA","Expanded",0,1,0.693147180559945,0,40.396924,NA,0
"1022","NorCal","Mendocino North",2023-06-19,"Spring",17,0,1.67,3,35,4,0,0,0,0,"NA","Expanded",0,0,0,0,40.396924,0.921052631578947,0.04
"1023","NorCal","Mendocino North",2023-06-19,"Spring",17,0.78,1.42,1,29,0,0,0,0,0,"NA","Expanded",0,0,0,0,40.396924,0.966666666666667,0
"1024","NorCal","Mendocino North",2023-06-19,"Spring",17,1.03,1.17,3,23,0,0,0,0,0,"NA","Expanded",0,0,0,0,40.396924,0.884615384615385,0
"1025","NorCal","Mendocino North",2023-06-19,"Spring",17,1.28,0.92,1,15,0,0,0,0,0,"NA","Expanded",0,0,0,0,40.396924,0.9375,0
"1026","NorCal","Mendocino North",2023-06-19,"Spring",17,1.58,0.67,0.5,4,0,0,0,0,0,"NA","Expanded",0,0,0,0,40.396924,0.888888888888889,0
"1027","NorCal","Mendocino North",2023-06-19,"Spring",17,4.75,0.42,0,0,0,0,0,0,0,"NA","Expanded",0,0,0,0,40.396924,NA,0
"1028","NorCal","Mendocino North",2023-06-19,"Spring",8,8.4,1.35,4,50,2,0,0,0,0,"NA","Expanded",0,0,0,0,40.396924,0.925925925925926,0.02
"1029","NorCal","Mendocino North",2023-06-19,"Spring",8,14.95,1.1,4,3,0,0,0,0,0,"NA","Expanded",0,0,0,0,40.396924,0.428571428571429,0
"1030","NorCal","Mendocino North",2023-06-19,"Spring",8,15.3,0.85,5,5,0,0,0,0,0,"NA","Expanded",0,0,0,0,40.396924,0.5,0
"1031","NorCal","Mendocino North",2023-06-19,"Spring",8,18.32,0.6,5,25,0,0,0,0,0,"NA","Expanded",0,0,0,0,40.396924,0.833333333333333,0
"1032","NorCal","Mendocino North",2023-06-19,"Spring",8,18.65,0.35,4,30,0,2,0,1,0,"NA","Expanded",0,1,0.693147180559945,0,40.396924,0.882352941176471,0
"1033","NorCal","Mendocino North",2023-06-19,"Spring",8,21.8,0.1,3,2,0,0,0,0,0,"NA","Expanded",0,0,0,0,40.396924,0.4,0
"1034","NorCal","Mendocino South",2023-06-20,"Spring",0,0,0.96,1,6,0,0,0,0,0,"NA","Expanded",0,0,0,0,40.395234,0.857142857142857,0
"1035","NorCal","Mendocino South",2023-06-20,"Spring",0,6.46,0.71,4,4,0,0,0,0,0,"NA","Expanded",0,0,0,0,40.395234,0.5,0
"1036","NorCal","Mendocino South",2023-06-20,"Spring",0,10.26,0.46,0.2,1,0,0,0,0,0,"NA","Expanded",0,0,0,0,40.395234,0.833333333333333,0
"1037","NorCal","Mendocino South",2023-06-20,"Spring",0,14.67,0.21,0,0,0,0,0,0,0,"NA","Expanded",0,0,0,0,40.395234,NA,0
"1038","NorCal","Mendocino South",2023-06-20,"Spring",6,0,1.5,3,17,6,0,0,0,0,"NA","Expanded",0,0,0,0,40.395234,0.85,0.06
"1039","NorCal","Mendocino South",2023-06-20,"Spring",6,1.19,1.25,30,20,3,0,0,0,0,"NA","Expanded",0,0,0,0,40.395234,0.4,0.03
"1040","NorCal","Mendocino South",2023-06-20,"Spring",6,4.99,1,3,5,0,0,0,0,0,"NA","Expanded",0,0,0,0,40.395234,0.625,0
"1041","NorCal","Mendocino South",2023-06-20,"Spring",6,11.44,0.75,2,7,0,0,0,0,0,"NA","Expanded",0,0,0,0,40.395234,0.777777777777778,0
"1042","NorCal","Mendocino South",2023-06-20,"Spring",6,12.8,0.5,0,0,0,0,0,0,0,"NA","Expanded",0,0,0,0,40.395234,NA,0
"1043","NorCal","Mendocino South",2023-06-20,"Spring",15,0,1.58,2,38,0,0,0,0,0,"NA","Expanded",0,0,0,0,40.395234,0.95,0
"1044","NorCal","Mendocino South",2023-06-20,"Spring",15,0.4,1.33,6,6,0,0,0,0,0,"NA","Expanded",0,0,0,0,40.395234,0.5,0
"1045","NorCal","Mendocino South",2023-06-20,"Spring",15,2.22,1.08,1,1,0,0,0,0,0,"NA","Expanded",0,0,0,0,40.395234,0.5,0
"1046","NorCal","Mendocino South",2023-06-20,"Spring",15,3,0.83,15,1,0,0,0,0,0,"NA","Expanded",0,0,0,0,40.395234,0.0625,0
"1047","NorCal","Mendocino South",2023-06-20,"Spring",15,4.13,0.58,5,5,0,0,0,0,0,"NA","Expanded",0,0,0,0,40.395234,0.5,0
"1048","NorCal","Mendocino South",2023-06-20,"Spring",15,5.55,0.33,0,0,0,0,0,0,0,"NA","Expanded",0,0,0,0,40.395234,NA,0
"1049","NorCal","Mendocino South",2023-06-20,"Spring",24,0,1.08,0.2,5,0,0,0,0,0,"NA","Expanded",0,0,0,0,40.395234,0.961538461538461,0
"1050","NorCal","Mendocino South",2023-06-20,"Spring",24,0.53,0.83,0.3,4,0,0,0,0,0,"NA","Expanded",0,0,0,0,40.395234,0.930232558139535,0
"1051","NorCal","Mendocino South",2023-06-20,"Spring",24,0.89,0.58,0.5,2,0,1,0,1,0,"NA","Expanded",0,1,0.693147180559945,0,40.395234,0.8,0
"1052","NorCal","Mendocino South",2023-06-20,"Spring",24,3.35,0.33,0,0,0,0,0,0,0,"NA","Expanded",0,0,0,0,40.395234,NA,0
"1053","NorCal","Mendocino South",2023-06-20,"Spring",25,0,0.62,1,6,0,0,0,0,0,"NA","Expanded",0,0,0,0,40.395234,0.857142857142857,0
"1054","NorCal","Mendocino South",2023-06-20,"Spring",25,0.65,0.37,0.2,4,0,0,0,0,0,"NA","Expanded",0,0,0,0,40.395234,0.952380952380952,0
"1055","NorCal","Mendocino South",2023-06-20,"Spring",25,3.6,0.12,0.5,4,0,0,0,0,0,"NA","Expanded",0,0,0,0,40.395234,0.888888888888889,0
"1056","SoCal","Dana Point",2023-04-04,"Spring",1,0,1.02,0.1,4,100,0,0,0,0,"Expanded","Historic",0,0,0,0,33.459798,0.975609756097561,1
"1057","SoCal","Dana Point",2023-04-04,"Spring",1,0.95,0.77,0,7,25,1,0,1,0,"Expanded","Historic",0,1,0.693147180559945,0,33.459798,1,0.25
"1058","SoCal","Dana Point",2023-04-04,"Spring",1,1.47,0.52,0,0,0,0,0,0,0,"Expanded","Historic",0,0,0,0,33.459798,NA,0
"1059","SoCal","Dana Point",2023-04-04,"Spring",5,0,0.89,1,6,97,0,0,0,0,"Expanded","Historic",0,0,0,0,33.459798,0.857142857142857,0.97
"1060","SoCal","Dana Point",2023-04-04,"Spring",5,1.28,0.64,0.1,2,4,0,0,0,0,"Expanded","Historic",0,0,0,0,33.459798,0.952380952380952,0.04
"1061","SoCal","Dana Point",2023-04-04,"Spring",5,1.88,0.39,0,0,0,0,0,0,0,"Expanded","Historic",0,0,0,0,33.459798,NA,0
"1062","SoCal","Dana Point",2023-04-04,"Spring",8,0,1.04,0,2,98,0,0,0,0,"Expanded","Historic",0,0,0,0,33.459798,1,0.98
"1063","SoCal","Dana Point",2023-04-04,"Spring",8,1.73,0.79,3,20,0,3,0,3,0,"Expanded","Historic",0,1,1.38629436111989,0,33.459798,0.869565217391304,0
"1064","SoCal","Dana Point",2023-04-04,"Spring",8,2.48,0.54,0,0.2,0,0,0,0,0,"Expanded","Historic",0,0,0,0,33.459798,1,0
"1065","SoCal","Dana Point",2023-04-04,"Spring",17,0,1.36,2,5,100,0,0,0,0,"Expanded","Historic",0,0,0,0,33.459798,0.714285714285714,1
"1066","SoCal","Dana Point",2023-04-04,"Spring",17,1.9,1.11,1,1,40,0,0,0,0,"Expanded","Historic",0,0,0,0,33.459798,0.5,0.4
"1067","SoCal","Dana Point",2023-04-04,"Spring",17,3.08,0.86,3,10,70,0,0,1,0,"Expanded","Historic",0,0,0.693147180559945,0,33.459798,0.769230769230769,0.7
"1068","SoCal","Dana Point",2023-04-04,"Spring",17,3.45,0.61,0,0,0,0,0,0,0,"Expanded","Historic",0,0,0,0,33.459798,NA,0
"1069","SoCal","Dana Point",2023-04-04,"Spring",17,5.72,0.36,0,0,3,0,0,0,0,"Expanded","Historic",0,0,0,0,33.459798,NA,0.03
"1070","SoCal","Dana Point",2023-04-04,"Spring",22,0,1.57,40,45,0,0,0,0,0,"Expanded","Historic",0,0,0,0,33.459798,0.529411764705882,0
"1071","SoCal","Dana Point",2023-04-04,"Spring",22,0.71,1.32,0.5,2,65,0,0,0,0,"Expanded","Historic",0,0,0,0,33.459798,0.8,0.65
"1072","SoCal","Dana Point",2023-04-04,"Spring",22,2,1.07,0,0,80,0,0,0,0,"Expanded","Historic",0,0,0,0,33.459798,NA,0.8
"1073","SoCal","Dana Point",2023-04-04,"Spring",22,3.05,0.82,2,15,65,0,0,0,0,"Expanded","Historic",0,0,0,0,33.459798,0.882352941176471,0.65
"1074","SoCal","Dana Point",2023-04-04,"Spring",22,3.33,0.57,0,0,0,0,0,0,0,"Expanded","Historic",0,0,0,0,33.459798,NA,0
"1075","SoCal","Dana Point",2023-04-04,"Spring",22,7.93,0.32,0,0,0,0,0,0,0,"Expanded","Historic",0,0,0,0,33.459798,NA,0
"1076","SoCal","Little Corona",2023-04-05,"Spring",4,0.75,1.8,15,65,0,0,0,0,0,"NA","Historic",0,0,0,0,33.589044,0.8125,0
"1077","SoCal","Little Corona",2023-04-05,"Spring",4,1.05,1.55,15,65,0,0,0,0,0,"NA","Historic",0,0,0,0,33.589044,0.8125,0
"1078","SoCal","Little Corona",2023-04-05,"Spring",4,2.75,1.3,33,33,12,0,0,0,0,"NA","Historic",0,0,0,0,33.589044,0.5,0.12
"1079","SoCal","Little Corona",2023-04-05,"Spring",4,11.1,1.05,5,30,100,0,0,0,0,"NA","Historic",0,0,0,0,33.589044,0.857142857142857,1
"1080","SoCal","Little Corona",2023-04-05,"Spring",5,6,2.33,3,25,3,0,0,0,0,"NA","Historic",0,0,0,0,33.589044,0.892857142857143,0.03
"1081","SoCal","Little Corona",2023-04-05,"Spring",5,6.35,2.08,5,50,2,0,0,0,0,"NA","Historic",0,0,0,0,33.589044,0.909090909090909,0.02
"1082","SoCal","Little Corona",2023-04-05,"Spring",5,6.6,1.83,10,60,6,0,0,0,0,"NA","Historic",0,0,0,0,33.589044,0.857142857142857,0.06
"1083","SoCal","Little Corona",2023-04-05,"Spring",5,7.2,1.58,35,5,11,0,0,0,0,"NA","Historic",0,0,0,0,33.589044,0.125,0.11
"1084","SoCal","Little Corona",2023-04-05,"Spring",5,7.45,1.33,15,15,40,0,0,0,0,"NA","Historic",0,0,0,0,33.589044,0.5,0.4
"1085","SoCal","Little Corona",2023-04-05,"Spring",5,10.95,1.08,1,15,98,0,0,0,0,"NA","Historic",0,0,0,0,33.589044,0.9375,0.98
"1086","SoCal","Little Corona",2023-04-05,"Spring",5,11.27,0.83,5,30,50,1,0,1,0,"NA","Historic",0,1,0.693147180559945,0,33.589044,0.857142857142857,0.5
"1087","SoCal","Little Corona",2023-04-05,"Spring",5,12.85,0.58,0,0,0,0,0,0,0,"NA","Historic",0,0,0,0,33.589044,NA,0
"1088","SoCal","Little Corona",2023-04-05,"Spring",13,0,1.55,6,40,35,0,0,0,0,"NA","Historic",0,0,0,0,33.589044,0.869565217391304,0.35
"1089","SoCal","Little Corona",2023-04-05,"Spring",13,2.65,1.3,0.5,5,70,0,0,0,0,"NA","Historic",0,0,0,0,33.589044,0.909090909090909,0.7
"1090","SoCal","Little Corona",2023-04-05,"Spring",13,8.3,1.05,3,10,100,0,0,0,0,"NA","Historic",0,0,0,0,33.589044,0.769230769230769,1
"1091","SoCal","Little Corona",2023-04-05,"Spring",13,9.76,0.8,1,25,38,0,0,0,0,"NA","Historic",0,0,0,0,33.589044,0.961538461538462,0.38
"1092","SoCal","Little Corona",2023-04-05,"Spring",14,2.25,1.4,8,0,50,0,0,0,0,"NA","Historic",0,0,0,0,33.589044,0,0.5
"1093","SoCal","Little Corona",2023-04-05,"Spring",14,2.74,1.15,1,1,60,0,0,0,0,"NA","Historic",0,0,0,0,33.589044,0.5,0.6
"1094","SoCal","Little Corona",2023-04-05,"Spring",14,3.15,0.9,6,20,50,0,0,0,0,"NA","Historic",0,0,0,0,33.589044,0.769230769230769,0.5
"1095","SoCal","Little Corona",2023-04-05,"Spring",14,9.34,0.65,3,0,0,0,0,0,0,"NA","Historic",0,0,0,0,33.589044,0,0
"1096","SoCal","Little Corona",2023-04-05,"Spring",14,9.65,0.4,0,0.2,0,1,0,1,0,"NA","Historic",0,1,0.693147180559945,0,33.589044,1,0
"1097","SoCal","Little Corona",2023-04-05,"Spring",18,0,1.44,4,30,35,0,0,0,0,"NA","Historic",0,0,0,0,33.589044,0.882352941176471,0.35
"1098","SoCal","Little Corona",2023-04-05,"Spring",18,1.61,1.19,2,15,100,0,0,0,0,"NA","Historic",0,0,0,0,33.589044,0.882352941176471,1
"1099","SoCal","Little Corona",2023-04-05,"Spring",18,6.44,0.94,1,20,100,0,0,0,0,"NA","Historic",0,0,0,0,33.589044,0.952380952380952,1
"1100","SoCal","Little Corona",2023-04-05,"Spring",18,9.19,0.69,0,4,25,0,0,0,0,"NA","Historic",0,0,0,0,33.589044,1,0.25
"1101","SoCal","Cardiff",2023-04-18,"Spring",9,0,1.13,0.1,3,90,0,1,0,1,"Expanded","Historic",1,0,0,0.693147180559945,32.999902,0.967741935483871,0.9
"1102","SoCal","Cardiff",2023-04-18,"Spring",9,0.7,0.88,2,2,6,0.5,0,1,0,"Expanded","Historic",0,1,0.693147180559945,0,32.999902,0.5,0.06
"1103","SoCal","Cardiff",2023-04-18,"Spring",9,0.99,0.63,0,0,1,0,0,0,0,"Expanded","Historic",0,0,0,0,32.999902,NA,0.01
"1104","SoCal","Cardiff",2023-04-18,"Spring",9,1.55,0.38,0,0,3,0,0,0,0,"Expanded","Historic",0,0,0,0,32.999902,NA,0.03
"1105","SoCal","Cardiff",2023-04-18,"Spring",10,0.13,1.21,0,0.5,45,0,0,0,0,"Expanded","Historic",0,0,0,0,32.999902,1,0.45
"1106","SoCal","Cardiff",2023-04-18,"Spring",10,0.6,0.96,0,0,8,0,0.1,0,1,"Expanded","Historic",1,0,0,0.693147180559945,32.999902,NA,0.08
"1107","SoCal","Cardiff",2023-04-18,"Spring",10,0.86,0.71,0,0,0,1,0,1,0,"Expanded","Historic",0,1,0.693147180559945,0,32.999902,NA,0
"1108","SoCal","Cardiff",2023-04-18,"Spring",10,1.58,0.46,0,0,1,0,0,0,0,"Expanded","Historic",0,0,0,0,32.999902,NA,0.01
"1109","SoCal","Cardiff",2023-04-18,"Spring",4,0.6,0.79,0,4,80,0,0,0,0,"Expanded","Historic",0,0,0,0,32.999902,1,0.8
"1110","SoCal","Cardiff",2023-04-18,"Spring",4,0.91,0.54,0,0.5,2,0,0,0,0,"Expanded","Historic",0,0,0,0,32.999902,1,0.02
"1111","SoCal","Cardiff",2023-04-18,"Spring",4,1.17,0.29,0,0,1,0,0,0,0,"Expanded","Historic",0,0,0,0,32.999902,NA,0.01
"1112","SoCal","Cardiff",2023-04-18,"Spring",19,0,1.28,0,0.1,100,0,0,0,0,"Expanded","Historic",0,0,0,0,32.999902,1,1
"1113","SoCal","Cardiff",2023-04-18,"Spring",19,0.87,1.03,0.5,20,3,0,0,0,0,"Expanded","Historic",0,0,0,0,32.999902,0.975609756097561,0.03
"1114","SoCal","Cardiff",2023-04-18,"Spring",19,1.13,0.78,0,0,3,0,0,0,0,"Expanded","Historic",0,0,0,0,32.999902,NA,0.03
"1115","SoCal","Cardiff",2023-04-18,"Spring",6,0,1.11,0,0.8,90,0,0,0,0,"Expanded","Historic",0,0,0,0,32.999902,1,0.9
"1116","SoCal","Cardiff",2023-04-18,"Spring",6,0.46,0.86,0,0.2,7,0,0,0,0,"Expanded","Historic",0,0,0,0,32.999902,1,0.07
"1117","SoCal","Cardiff",2023-04-18,"Spring",6,0.78,0.61,0,3,2,0,0,0,0,"Expanded","Historic",0,0,0,0,32.999902,1,0.02
"1118","SoCal","Cardiff",2023-04-18,"Spring",6,1.72,0.36,0,0,0,0,0,0,0,"Expanded","Historic",0,0,0,0,32.999902,NA,0
"1119","SoCal","Crystal Cove",2023-04-17,"Spring",4,0,1.71,25,25,12,0,0,0,0,"NA","Historic",0,0,0,0,33.568642,0.5,0.12
"1120","SoCal","Crystal Cove",2023-04-17,"Spring",4,0.54,1.46,0.5,1,99,0,0,0,0,"NA","Historic",0,0,0,0,33.568642,0.666666666666667,0.99
"1121","SoCal","Crystal Cove",2023-04-17,"Spring",4,3.54,1.21,2,9,85,0,0,0,0,"NA","Historic",0,0,0,0,33.568642,0.818181818181818,0.85
"1122","SoCal","Crystal Cove",2023-04-17,"Spring",4,3.95,0.96,0.5,12,30,1,0,1,0,"NA","Historic",0,1,0.693147180559945,0,33.568642,0.96,0.3
"1123","SoCal","Crystal Cove",2023-04-17,"Spring",4,5.05,0.71,0,0,0,1,0,1,0,"NA","Historic",0,1,0.693147180559945,0,33.568642,NA,0
"1124","SoCal","Crystal Cove",2023-04-17,"Spring",4,11.71,0.46,0,0,0,0,0,0,0,"NA","Historic",0,0,0,0,33.568642,NA,0
"1125","SoCal","Crystal Cove",2023-04-17,"Spring",8,0,1.88,35,40,15,0,0,0,0,"NA","Historic",0,0,0,0,33.568642,0.533333333333333,0.15
"1126","SoCal","Crystal Cove",2023-04-17,"Spring",8,0.5,1.63,0.5,2,70,0,0,0,0,"NA","Historic",0,0,0,0,33.568642,0.8,0.7
"1127","SoCal","Crystal Cove",2023-04-17,"Spring",8,0.76,1.38,0.1,3,95,0,0,0,0,"NA","Historic",0,0,0,0,33.568642,0.967741935483871,0.95
"1128","SoCal","Crystal Cove",2023-04-17,"Spring",8,1.02,1.13,0.5,6,50,0,0,0,0,"NA","Historic",0,0,0,0,33.568642,0.923076923076923,0.5
"1129","SoCal","Crystal Cove",2023-04-17,"Spring",8,1.33,0.88,0,0.5,0.8,0,0,0,0,"NA","Historic",0,0,0,0,33.568642,1,0.008
"1130","SoCal","Crystal Cove",2023-04-17,"Spring",8,11.54,0.63,0,3,0,0,0,0,0,"NA","Historic",0,0,0,0,33.568642,1,0
"1131","SoCal","Crystal Cove",2023-04-17,"Spring",8,13.7,0.38,0,0,0,0,0,0,0,"NA","Historic",0,0,0,0,33.568642,NA,0
"1132","SoCal","Crystal Cove",2023-04-17,"Spring",16,8.45,1.02,1,20,65,1,0,1,0,"NA","Historic",0,1,0.693147180559945,0,33.568642,0.952380952380952,0.65
"1133","SoCal","Crystal Cove",2023-04-17,"Spring",16,15.69,0.77,2,30,50,0,0,0,0,"NA","Historic",0,0,0,0,33.568642,0.9375,0.5
"1134","SoCal","Crystal Cove",2023-04-17,"Spring",16,15.94,0.52,1,0.1,0.1,0,0,0,0,"NA","Historic",0,0,0,0,33.568642,0.0909090909090909,0.001
"1135","SoCal","Crystal Cove",2023-04-17,"Spring",16,16.95,0.27,0,0.1,0,0,0,0,0,"NA","Historic",0,0,0,0,33.568642,1,0
"1136","SoCal","Crystal Cove",2023-04-17,"Spring",20,8.62,1.11,3,20,75,0,0,0,0,"NA","Historic",0,0,0,0,33.568642,0.869565217391304,0.75
"1137","SoCal","Crystal Cove",2023-04-17,"Spring",20,9.93,0.86,3,25,70,0,0,0,0,"NA","Historic",0,0,0,0,33.568642,0.892857142857143,0.7
"1138","SoCal","Crystal Cove",2023-04-17,"Spring",20,17.16,0.61,0,0,0,0,0,0,0,"NA","Historic",0,0,0,0,33.568642,NA,0
"1139","SoCal","Crystal Cove",2023-04-17,"Spring",23,4.14,1.17,5,60,85,0,0,0,0,"NA","Historic",0,0,0,0,33.568642,0.923076923076923,0.85
"1140","SoCal","Crystal Cove",2023-04-17,"Spring",23,10.38,0.92,2,35,98,0,0,0,0,"NA","Historic",0,0,0,0,33.568642,0.945945945945946,0.98
"1141","SoCal","Crystal Cove",2023-04-17,"Spring",23,12.36,0.67,4,15,50,0,0,0,0,"NA","Historic",0,0,0,0,33.568642,0.789473684210526,0.5
"1142","SoCal","Victoria Beach",2023-04-15,"Spring",24,0,1.35,0,0,0,0,0,0,0,"Expanded","Historic",0,0,0,0,33.519722,NA,0
"1143","SoCal","Victoria Beach",2023-04-15,"Spring",24,1.42,1.1,0,0,8,0,0,0,0,"Expanded","Historic",0,0,0,0,33.519722,NA,0.08
"1144","SoCal","Victoria Beach",2023-04-15,"Spring",24,2.73,0.85,0.4,15,15,0,0,0,0,"Expanded","Historic",0,0,0,0,33.519722,0.974025974025974,0.15
"1145","SoCal","Victoria Beach",2023-04-15,"Spring",24,3.52,0.6,0,12,80,0,0,0,0,"Expanded","Historic",0,0,0,0,33.519722,1,0.8
"1146","SoCal","Victoria Beach",2023-04-15,"Spring",24,3.8,0.35,0,0.5,19,0.5,0,1,0,"Expanded","Historic",0,1,0.693147180559945,0,33.519722,1,0.19
"1147","SoCal","Victoria Beach",2023-04-15,"Spring",16,0,1.97,0.8,0.5,55,0,0,0,0,"Expanded","Historic",0,0,0,0,33.519722,0.384615384615385,0.55
"1148","SoCal","Victoria Beach",2023-04-15,"Spring",16,1.45,1.72,2,15,80,0,3,0,3,"Expanded","Historic",1,0,0,1.38629436111989,33.519722,0.882352941176471,0.8
"1149","SoCal","Victoria Beach",2023-04-15,"Spring",16,5.89,1.47,4,7,75,0,2,0,2,"Expanded","Historic",1,0,0,1.09861228866811,33.519722,0.636363636363636,0.75
"1150","SoCal","Victoria Beach",2023-04-15,"Spring",16,9.5,1.22,0,0.8,25,0,0,0,0,"Expanded","Historic",0,0,0,0,33.519722,1,0.25
"1151","SoCal","Victoria Beach",2023-04-15,"Spring",10,0,1.84,1,5,45,0,6,0,4,"Expanded","Historic",1,0,0,1.6094379124341,33.519722,0.833333333333333,0.45
"1152","SoCal","Victoria Beach",2023-04-15,"Spring",10,3.29,1.59,4,8,40,0,1,0,1,"Expanded","Historic",1,0,0,0.693147180559945,33.519722,0.666666666666667,0.4
"1153","SoCal","Victoria Beach",2023-04-15,"Spring",10,8.84,1.34,0.3,12,35,0,0,0,0,"Expanded","Historic",0,0,0,0,33.519722,0.975609756097561,0.35
"1154","SoCal","Victoria Beach",2023-04-15,"Spring",10,9.53,1.09,0,2,6,0,0,0,0,"Expanded","Historic",0,0,0,0,33.519722,1,0.06
"1155","SoCal","Victoria Beach",2023-04-15,"Spring",10,9.85,0.84,0,0,1,0,0,0,0,"Expanded","Historic",0,0,0,0,33.519722,NA,0.01
"1156","SoCal","Victoria Beach",2023-04-15,"Spring",10,10.2,0.59,0,0,0,0,0,0,0,"Expanded","Historic",0,0,0,0,33.519722,NA,0
"1157","SoCal","Victoria Beach",2023-04-15,"Spring",3,0,1.63,0.5,5,94,0,0,0,0,"Expanded","Historic",0,0,0,0,33.519722,0.909090909090909,0.94
"1158","SoCal","Victoria Beach",2023-04-15,"Spring",3,4.28,1.38,0,0,70,0,0,0,0,"Expanded","Historic",0,0,0,0,33.519722,NA,0.7
"1159","SoCal","Victoria Beach",2023-04-15,"Spring",3,4.64,1.13,0,2,50,0.3,0,0,0,"Expanded","Historic",0,1,0,0,33.519722,1,0.5
"1160","SoCal","Victoria Beach",2023-04-15,"Spring",3,4.9,0.88,0,0,5,0,0,0,0,"Expanded","Historic",0,0,0,0,33.519722,NA,0.05
"1161","SoCal","Victoria Beach",2023-04-15,"Spring",1,0.32,1.53,0.5,2,50,0.5,0,1,0,"Expanded","Historic",0,1,0.693147180559945,0,33.519722,0.8,0.5
"1162","SoCal","Victoria Beach",2023-04-15,"Spring",1,2.42,1.28,1,5,0,0,0,0,0,"Expanded","Historic",0,0,0,0,33.519722,0.833333333333333,0
"1163","SoCal","Victoria Beach",2023-04-15,"Spring",1,2.87,1.03,0.2,6,80,0.5,0,1,0,"Expanded","Historic",0,1,0.693147180559945,0,33.519722,0.967741935483871,0.8
"1164","SoCal","Victoria Beach",2023-04-15,"Spring",1,3.15,0.78,0,1,50,0,0,0,0,"Expanded","Historic",0,0,0,0,33.519722,1,0.5
"1165","SoCal","Goff Island",2023-04-11,"Spring",12,0,2.12,1,7,2,0,0,0,0,"Expanded","Historic",0,0,0,0,33.513846,0.875,0.02
"1166","SoCal","Goff Island",2023-04-11,"Spring",12,8.71,1.87,10,30,4,0,1,0,1,"Expanded","Historic",1,0,0,0.693147180559945,33.513846,0.75,0.04
"1167","SoCal","Goff Island",2023-04-11,"Spring",12,9.11,1.62,0,0,3,0,2,0,1,"Expanded","Historic",1,0,0,0.693147180559945,33.513846,NA,0.03
"1168","SoCal","Goff Island",2023-04-11,"Spring",12,9.9,1.37,2,6,70,0,0,0,0,"Expanded","Historic",0,0,0,0,33.513846,0.75,0.7
"1169","SoCal","Goff Island",2023-04-11,"Spring",12,14.96,1.12,0,0,0,0,0,0,0,"Expanded","Historic",0,0,0,0,33.513846,NA,0
"1170","SoCal","Goff Island",2023-04-11,"Spring",18,0,1.96,9,10,2,0,0,0,0,"Expanded","Historic",0,0,0,0,33.513846,0.526315789473684,0.02
"1171","SoCal","Goff Island",2023-04-11,"Spring",18,5.85,1.71,1,7,50,0,1,0,1,"Expanded","Historic",1,0,0,0.693147180559945,33.513846,0.875,0.5
"1172","SoCal","Goff Island",2023-04-11,"Spring",18,8.44,1.46,0,1,65,0,0,0,0,"Expanded","Historic",0,0,0,0,33.513846,1,0.65
"1173","SoCal","Goff Island",2023-04-11,"Spring",19,0,2.34,3,45,0,0,0,0,0,"Expanded","Historic",0,0,0,0,33.513846,0.9375,0
"1174","SoCal","Goff Island",2023-04-11,"Spring",19,1.05,2.09,7,40,0,0,0,0,0,"Expanded","Historic",0,0,0,0,33.513846,0.851063829787234,0
"1175","SoCal","Goff Island",2023-04-11,"Spring",19,3.1,1.84,5,50,0,0,0,0,0,"Expanded","Historic",0,0,0,0,33.513846,0.909090909090909,0
"1176","SoCal","Goff Island",2023-04-11,"Spring",19,8.42,1.59,7,23,70,0,0,0,0,"Expanded","Historic",0,0,0,0,33.513846,0.766666666666667,0.7
"1177","SoCal","Goff Island",2023-04-11,"Spring",19,11.44,1.34,0.1,5,13,0,0,0,0,"Expanded","Historic",0,0,0,0,33.513846,0.980392156862745,0.13
"1178","SoCal","Goff Island",2023-04-11,"Spring",21,0,2.46,0.2,10,0,0,0,0,0,"Expanded","Historic",0,0,0,0,33.513846,0.980392156862745,0
"1179","SoCal","Goff Island",2023-04-11,"Spring",21,0.48,2.21,5,35,0,0,0,0,0,"Expanded","Historic",0,0,0,0,33.513846,0.875,0
"1180","SoCal","Goff Island",2023-04-11,"Spring",21,4.74,1.96,3,5,3,0,0,0,0,"Expanded","Historic",0,0,0,0,33.513846,0.625,0.03
"1181","SoCal","Goff Island",2023-04-11,"Spring",21,10.29,1.71,2,10,35,0,0,0,2,"Expanded","Historic",0,0,0,1.09861228866811,33.513846,0.833333333333333,0.35
"1182","SoCal","Goff Island",2023-04-11,"Spring",21,14.73,1.46,0,0,0,0,0,0,0,"Expanded","Historic",0,0,0,0,33.513846,NA,0
"1183","SoCal","Goff Island",2023-04-11,"Spring",23,0,2.28,0.5,30,0,0,0,0,0,"Expanded","Historic",0,0,0,0,33.513846,0.983606557377049,0
"1184","SoCal","Goff Island",2023-04-11,"Spring",23,0.73,2.03,0,0,0,0,0,0,0,"Expanded","Historic",0,0,0,0,33.513846,NA,0
"1185","SoCal","Goff Island",2023-04-11,"Spring",23,12.31,1.78,0.1,0.5,5,0,0,0,0,"Expanded","Historic",0,0,0,0,33.513846,0.833333333333333,0.05
"1186","SoCal","Goff Island",2023-04-11,"Spring",23,14,1.53,0.3,2,12,0,0,0,0,"Expanded","Historic",0,0,0,0,33.513846,0.869565217391304,0.12
"1187","SoCal","Goff Island",2023-04-11,"Spring",23,14.64,1.28,0,0.3,0,0,0,0,0,"Expanded","Historic",0,0,0,0,33.513846,1,0
"1188","SoCal","Scripps",2023-04-14,"Spring",25,0,2.24,15,70,0,0,0,0,0,"Expanded","Historic",0,0,0,0,32.871296,0.823529411764706,0
"1189","SoCal","Scripps",2023-04-14,"Spring",25,0.56,1.99,25,6,5,0,0,0,0,"Expanded","Historic",0,0,0,0,32.871296,0.193548387096774,0.05
"1190","SoCal","Scripps",2023-04-14,"Spring",25,0.78,1.74,4,4,10,0,0,0,0,"Expanded","Historic",0,0,0,0,32.871296,0.5,0.1
"1191","SoCal","Scripps",2023-04-14,"Spring",25,1.1,1.49,2,15,4,0,0,0,0,"Expanded","Historic",0,0,0,0,32.871296,0.882352941176471,0.04
"1192","SoCal","Scripps",2023-04-14,"Spring",25,1.73,1.24,3,4,15,0,0,0,0,"Expanded","Historic",0,0,0,0,32.871296,0.571428571428571,0.15
"1193","SoCal","Scripps",2023-04-14,"Spring",25,2.19,0.99,0,5,10,0,0,0,0,"Expanded","Historic",0,0,0,0,32.871296,1,0.1
"1194","SoCal","Scripps",2023-04-14,"Spring",25,8.97,0.74,0.5,2,0,0,0,0,0,"Expanded","Historic",0,0,0,0,32.871296,0.8,0
"1195","SoCal","Scripps",2023-04-14,"Spring",25,9.54,0.49,0,0.2,0,1,0,1,0,"Expanded","Historic",0,1,0.693147180559945,0,32.871296,1,0
"1196","SoCal","Scripps",2023-04-14,"Spring",25,12.3,0.24,0,0.5,0,0,0,0,0,"Expanded","Historic",0,0,0,0,32.871296,1,0
"1197","SoCal","Scripps",2023-04-14,"Spring",24,0,2.02,20,60,0.8,0,0,0,0,"Expanded","Historic",0,0,0,0,32.871296,0.75,0.008
"1198","SoCal","Scripps",2023-04-14,"Spring",24,0.4,1.77,30,25,2,0,0,0,0,"Expanded","Historic",0,0,0,0,32.871296,0.454545454545455,0.02
"1199","SoCal","Scripps",2023-04-14,"Spring",24,0.96,1.52,3,10,6,0,0,0,0,"Expanded","Historic",0,0,0,0,32.871296,0.769230769230769,0.06
"1200","SoCal","Scripps",2023-04-14,"Spring",24,1.38,1.27,9,3,17,0,0,0,0,"Expanded","Historic",0,0,0,0,32.871296,0.25,0.17
"1201","SoCal","Scripps",2023-04-14,"Spring",24,1.69,1.02,0.5,2,10,0,0,0,0,"Expanded","Historic",0,0,0,0,32.871296,0.8,0.1
"1202","SoCal","Scripps",2023-04-14,"Spring",24,2.11,0.77,0.4,6,2,0,0,0,0,"Expanded","Historic",0,0,0,0,32.871296,0.9375,0.02
"1203","SoCal","Scripps",2023-04-14,"Spring",24,2.41,0.52,0,0.2,0,5,0,5,0,"Expanded","Historic",0,1,1.79175946922805,0,32.871296,1,0
"1204","SoCal","Scripps",2023-04-14,"Spring",24,10.16,0.27,0.5,0.5,2,4,0,5,0,"Expanded","Historic",0,1,1.79175946922805,0,32.871296,0.5,0.02
"1205","SoCal","Scripps",2023-04-14,"Spring",13,0,1.42,7,5,18,0,0,0,0,"Expanded","Historic",0,0,0,0,32.871296,0.416666666666667,0.18
"1206","SoCal","Scripps",2023-04-14,"Spring",13,0.4,1.17,8,3,5,0,0,0,0,"Expanded","Historic",0,0,0,0,32.871296,0.272727272727273,0.05
"1207","SoCal","Scripps",2023-04-14,"Spring",13,2.49,0.92,1,10,65,0,0,0,0,"Expanded","Historic",0,0,0,0,32.871296,0.909090909090909,0.65
"1208","SoCal","Scripps",2023-04-14,"Spring",13,2.8,0.67,0.1,8,13,0,0,0,0,"Expanded","Historic",0,0,0,0,32.871296,0.987654320987654,0.13
"1209","SoCal","Scripps",2023-04-14,"Spring",13,3.14,0.42,0,0,1,4,0,4,0,"Expanded","Historic",0,1,1.6094379124341,0,32.871296,NA,0.01
"1210","SoCal","Scripps",2023-04-14,"Spring",13,8.1,0.17,0,5,0,2,0,2,0,"Expanded","Historic",0,1,1.09861228866811,0,32.871296,1,0
"1211","SoCal","Scripps",2023-04-14,"Spring",11,0,1.2,10,50,0.5,0,0,0,0,"Expanded","Historic",0,0,0,0,32.871296,0.833333333333333,0.005
"1212","SoCal","Scripps",2023-04-14,"Spring",11,0.54,0.95,9,1,16,0,0,0,0,"Expanded","Historic",0,0,0,0,32.871296,0.1,0.16
"1213","SoCal","Scripps",2023-04-14,"Spring",11,2.06,0.7,0,0,0.3,0,0,0,0,"Expanded","Historic",0,0,0,0,32.871296,NA,0.003
"1214","SoCal","Scripps",2023-04-14,"Spring",11,2.37,0.45,0,0,6,0,0,0,0,"Expanded","Historic",0,0,0,0,32.871296,NA,0.06
"1215","SoCal","Scripps",2023-04-14,"Spring",11,6.06,0.2,0.2,3,0,1,0,2,0,"Expanded","Historic",0,1,1.09861228866811,0,32.871296,0.9375,0
"1216","SoCal","Scripps",2023-04-14,"Spring",9,0,1.83,10,50,0.1,0,0,0,0,"Expanded","Historic",0,0,0,0,32.871296,0.833333333333333,0.001
"1217","SoCal","Scripps",2023-04-14,"Spring",9,1.18,1.58,2,10,4,0,0,0,0,"Expanded","Historic",0,0,0,0,32.871296,0.833333333333333,0.04
"1218","SoCal","Scripps",2023-04-14,"Spring",9,1.5,1.33,3,1,35,0,3,0,2,"Expanded","Historic",1,0,0,1.09861228866811,32.871296,0.25,0.35
"1219","SoCal","Scripps",2023-04-14,"Spring",9,1.78,1.08,1,5,30,0,0,0,0,"Expanded","Historic",0,0,0,0,32.871296,0.833333333333333,0.3
"1220","SoCal","Scripps",2023-04-14,"Spring",9,3.43,0.83,5,15,25,0,0,0,0,"Expanded","Historic",0,0,0,0,32.871296,0.75,0.25
"1221","SoCal","Scripps",2023-04-14,"Spring",9,3.71,0.58,0,2,0,0,0,0,0,"Expanded","Historic",0,0,0,0,32.871296,1,0
"1222","SoCal","Scripps",2023-04-14,"Spring",9,3.98,0.33,0,0,0,1,0,1,0,"Expanded","Historic",0,1,0.693147180559945,0,32.871296,NA,0
"1223","SoCal","Scripps",2023-04-14,"Spring",9,6.88,0.08,0,2,4,3,0,3,0,"Expanded","Historic",0,1,1.38629436111989,0,32.871296,1,0.04
"1224","SoCal","Cabrillo",2023-04-13,"Spring",1,0,0.79,0.5,0.1,0,0,0,0,0,"Expanded","Historic",0,0,0,0,32.667602,0.166666666666667,0
"1225","SoCal","Cabrillo",2023-04-13,"Spring",1,0.53,0.54,0,0.5,0,0,0,0,0,"Expanded","Historic",0,0,0,0,32.667602,1,0
"1226","SoCal","Cabrillo",2023-04-13,"Spring",1,4.64,0.29,0,0,0,0,0,0,0,"Expanded","Historic",0,0,0,0,32.667602,NA,0
"1227","SoCal","Cabrillo",2023-04-13,"Spring",1,6.38,0.04,0,0,0,0,0,0,0,"Expanded","Historic",0,0,0,0,32.667602,NA,0
"1228","SoCal","Cabrillo",2023-04-13,"Spring",4,0,0.94,1,3,0,0,0,0,0,"Expanded","Historic",0,0,0,0,32.667602,0.75,0
"1229","SoCal","Cabrillo",2023-04-13,"Spring",4,0.64,0.69,0.2,3,0,0,3,0,2,"Expanded","Historic",1,0,0,1.09861228866811,32.667602,0.9375,0
"1230","SoCal","Cabrillo",2023-04-13,"Spring",4,1.21,0.44,0,0,0,0,3,0,2,"Expanded","Historic",1,0,0,1.09861228866811,32.667602,NA,0
"1231","SoCal","Cabrillo",2023-04-13,"Spring",4,4.23,0.19,0,0,0,0,0,0,0,"Expanded","Historic",0,0,0,0,32.667602,NA,0
"1232","SoCal","Cabrillo",2023-04-13,"Spring",5,0,1.06,0.8,0,0,0,2,0,1,"Expanded","Historic",1,0,0,0.693147180559945,32.667602,0,0
"1233","SoCal","Cabrillo",2023-04-13,"Spring",5,1.05,0.81,0,0.2,0,0,1,0,1,"Expanded","Historic",1,0,0,0.693147180559945,32.667602,1,0
"1234","SoCal","Cabrillo",2023-04-13,"Spring",5,3.42,0.56,0,0,0,0,1,0,1,"Expanded","Historic",1,0,0,0.693147180559945,32.667602,NA,0
"1235","SoCal","Cabrillo",2023-04-13,"Spring",5,3.93,0.31,0,0,0,0,0,0,0,"Expanded","Historic",0,0,0,0,32.667602,NA,0
"1236","SoCal","Cabrillo",2023-04-13,"Spring",6,0,1.21,0.5,2,0,0,0,0,0,"Expanded","Historic",0,0,0,0,32.667602,0.8,0
"1237","SoCal","Cabrillo",2023-04-13,"Spring",6,0.6,0.96,0,2,0.5,0,1,0,1,"Expanded","Historic",1,0,0,0.693147180559945,32.667602,1,0.005
"1238","SoCal","Cabrillo",2023-04-13,"Spring",6,1,0.71,0,0,0,0,0,0,0,"Expanded","Historic",0,0,0,0,32.667602,NA,0
"1239","SoCal","Cabrillo",2023-04-13,"Spring",6,2.8,0.46,0,0,0,0,0,0,0,"Expanded","Historic",0,0,0,0,32.667602,NA,0
"1240","SoCal","Cabrillo",2023-04-13,"Spring",6,3.68,0.21,0,0,0,0,0,0,0,"Expanded","Historic",0,0,0,0,32.667602,NA,0
"1241","SoCal","Cabrillo",2023-04-13,"Spring",21,0,0.61,0.5,5,0,0,0,0,0,"Expanded","Historic",0,0,0,0,32.667602,0.909090909090909,0
"1242","SoCal","Cabrillo",2023-04-13,"Spring",21,0.49,0.36,0.1,2,0,0,0,0,0,"Expanded","Historic",0,0,0,0,32.667602,0.952380952380952,0
"1243","SoCal","Cabrillo",2023-04-13,"Spring",21,2.75,0.11,0,1,0,0,0,0,0,"Expanded","Historic",0,0,0,0,32.667602,1,0
"1244","SoCal","Swami's",2023-04-06,"Spring",0,0,1.18,0.5,5,80,0,0,0,0,"Expanded","Historic",0,0,0,0,33.035324,0.909090909090909,0.8
"1245","SoCal","Swami's",2023-04-06,"Spring",0,7.25,0.93,3,20,1,0,0,0,0,"Expanded","Historic",0,0,0,0,33.035324,0.869565217391304,0.01
"1246","SoCal","Swami's",2023-04-06,"Spring",0,7.5,0.68,0,20,0,0,0,0,0,"Expanded","Historic",0,0,0,0,33.035324,1,0
"1247","SoCal","Swami's",2023-04-06,"Spring",0,7.8,0.43,0,0,0.8,0,0,0,0,"Expanded","Historic",0,0,0,0,33.035324,NA,0.008
"1248","SoCal","Swami's",2023-04-06,"Spring",1,0,1.16,2,3,15,0,0,0,0,"Expanded","Historic",0,0,0,0,33.035324,0.6,0.15
"1249","SoCal","Swami's",2023-04-06,"Spring",1,7.71,0.91,0,0.2,2,0,0,0,0,"Expanded","Historic",0,0,0,0,33.035324,1,0.02
"1250","SoCal","Swami's",2023-04-06,"Spring",1,7.96,0.66,0,3,0.1,0,0,0,0,"Expanded","Historic",0,0,0,0,33.035324,1,0.001
"1251","SoCal","Swami's",2023-04-06,"Spring",1,8.24,0.41,0,0,0.1,0,0,0,0,"Expanded","Historic",0,0,0,0,33.035324,NA,0.001
"1252","SoCal","Swami's",2023-04-06,"Spring",12,0,1.25,3,2,3,0,0,0,0,"Expanded","Historic",0,0,0,0,33.035324,0.4,0.03
"1253","SoCal","Swami's",2023-04-06,"Spring",12,4.07,1,0.2,0.1,10,0,0,0,0,"Expanded","Historic",0,0,0,0,33.035324,0.333333333333333,0.1
"1254","SoCal","Swami's",2023-04-06,"Spring",12,13.44,0.75,0,1,0,0,0,0,0,"Expanded","Historic",0,0,0,0,33.035324,1,0
"1255","SoCal","Swami's",2023-04-06,"Spring",13,0.15,1.27,0,0,13,0,0,0,0,"Expanded","Historic",0,0,0,0,33.035324,NA,0.13
"1256","SoCal","Swami's",2023-04-06,"Spring",13,13.05,1.02,0.1,0.1,14,0,0,0,0,"Expanded","Historic",0,0,0,0,33.035324,0.5,0.14
"1257","SoCal","Swami's",2023-04-06,"Spring",13,13.34,0.77,0.5,0,6,0,0,0,0,"Expanded","Historic",0,0,0,0,33.035324,0,0.06
"1258","SoCal","Swami's",2023-04-06,"Spring",15,0,1.26,0,0,30,0,0,0,0,"Expanded","Historic",0,0,0,0,33.035324,NA,0.3
"1259","SoCal","Swami's",2023-04-06,"Spring",15,12.23,1.01,0.1,0,30,0,0,0,0,"Expanded","Historic",0,0,0,0,33.035324,0,0.3
"1260","SoCal","Swami's",2023-04-06,"Spring",15,12.55,0.76,0,0,0,0,0,0,0,"Expanded","Historic",0,0,0,0,33.035324,NA,0
"1261","SoCal","Heisler Park",2023-04-10,"Spring",1,0,1.97,0,3,0,0,0,0,0,"Expanded","Historic",0,0,0,0,33.444312,1,0
"1262","SoCal","Heisler Park",2023-04-10,"Spring",1,1.15,1.72,0.2,6,0,0,0,0,0,"Expanded","Historic",0,0,0,0,33.444312,0.967741935483871,0
"1263","SoCal","Heisler Park",2023-04-10,"Spring",1,1.44,1.47,0.1,0,0,0,0,0,0,"Expanded","Historic",0,0,0,0,33.444312,0,0
"1264","SoCal","Heisler Park",2023-04-10,"Spring",1,1.69,1.22,0.5,0,0,0,0,0,0,"Expanded","Historic",0,0,0,0,33.444312,0,0
"1265","SoCal","Heisler Park",2023-04-10,"Spring",10,0,2.1,1,9,0,0,0,0,0,"Expanded","Historic",0,0,0,0,33.444312,0.9,0
"1266","SoCal","Heisler Park",2023-04-10,"Spring",10,0.44,1.85,4,20,0,0,0,0,0,"Expanded","Historic",0,0,0,0,33.444312,0.833333333333333,0
"1267","SoCal","Heisler Park",2023-04-10,"Spring",10,0.78,1.6,5,30,0,0,0,0,0,"Expanded","Historic",0,0,0,0,33.444312,0.857142857142857,0
"1268","SoCal","Heisler Park",2023-04-10,"Spring",10,1.05,1.35,2,8,10,0,0,0,0,"Expanded","Historic",0,0,0,0,33.444312,0.8,0.1
"1269","SoCal","Heisler Park",2023-04-10,"Spring",10,2.56,1.1,3,22,23,0,2,0,1,"Expanded","Historic",1,0,0,0.693147180559945,33.444312,0.88,0.23
"1270","SoCal","Heisler Park",2023-04-10,"Spring",10,5.39,0.85,0,0,0,0,0,0,0,"Expanded","Historic",0,0,0,0,33.444312,NA,0
"1271","SoCal","Heisler Park",2023-04-10,"Spring",10,8.34,0.6,0,0,0,0,0,0,0,"Expanded","Historic",0,0,0,0,33.444312,NA,0
"1272","SoCal","Heisler Park",2023-04-10,"Spring",10,13.8,0.35,0,0,0,0,0,0,0,"Expanded","Historic",0,0,0,0,33.444312,NA,0
"1273","SoCal","Heisler Park",2023-04-10,"Spring",12,0,2.16,2,10,0,0,0,0,0,"Expanded","Historic",0,0,0,0,33.444312,0.833333333333333,0
"1274","SoCal","Heisler Park",2023-04-10,"Spring",12,0.9,1.91,10,35,0.2,0,0,0,0,"Expanded","Historic",0,0,0,0,33.444312,0.777777777777778,0.002
"1275","SoCal","Heisler Park",2023-04-10,"Spring",12,3.21,1.66,0,0.1,0,0,0,0,0,"Expanded","Historic",0,0,0,0,33.444312,1,0
"1276","SoCal","Heisler Park",2023-04-10,"Spring",12,4.32,1.41,0,3,20,0,0,0,0,"Expanded","Historic",0,0,0,0,33.444312,1,0.2
"1277","SoCal","Heisler Park",2023-04-10,"Spring",12,5.29,1.16,0,4,8,0,0,0,0,"Expanded","Historic",0,0,0,0,33.444312,1,0.08
"1278","SoCal","Heisler Park",2023-04-10,"Spring",12,7.95,0.91,0,0.8,4,0,0,0,0,"Expanded","Historic",0,0,0,0,33.444312,1,0.04
"1279","SoCal","Heisler Park",2023-04-10,"Spring",12,8.9,0.66,0,0,0,0,0,0,0,"Expanded","Historic",0,0,0,0,33.444312,NA,0
"1280","SoCal","Heisler Park",2023-04-10,"Spring",12,13.2,0.41,0,0,0,0,0,0,0,"Expanded","Historic",0,0,0,0,33.444312,NA,0
"1281","SoCal","Heisler Park",2023-04-10,"Spring",13,0.31,2.47,1,20,0,0,0,0,0,"Expanded","Historic",0,0,0,0,33.444312,0.952380952380952,0
"1282","SoCal","Heisler Park",2023-04-10,"Spring",13,0.8,2.22,7,30,0,0,0,0,0,"Expanded","Historic",0,0,0,0,33.444312,0.810810810810811,0
"1283","SoCal","Heisler Park",2023-04-10,"Spring",13,1.14,1.97,6,25,0,0,0,0,0,"Expanded","Historic",0,0,0,0,33.444312,0.806451612903226,0
"1284","SoCal","Heisler Park",2023-04-10,"Spring",13,2.85,1.72,0,0,2,0,0,0,0,"Expanded","Historic",0,0,0,0,33.444312,NA,0.02
"1285","SoCal","Heisler Park",2023-04-10,"Spring",13,5.4,1.47,0.1,3,2,0,0,0,0,"Expanded","Historic",0,0,0,0,33.444312,0.967741935483871,0.02
"1286","SoCal","Heisler Park",2023-04-10,"Spring",13,6.4,1.22,0.5,3,4,0,0,0,0,"Expanded","Historic",0,0,0,0,33.444312,0.857142857142857,0.04
"1287","SoCal","Heisler Park",2023-04-10,"Spring",13,7,0.97,0.1,5,3,0,0,0,0,"Expanded","Historic",0,0,0,0,33.444312,0.980392156862745,0.03
"1288","SoCal","Heisler Park",2023-04-10,"Spring",13,9.65,0.72,0,0,0,0,0,0,0,"Expanded","Historic",0,0,0,0,33.444312,NA,0
"1289","SoCal","Heisler Park",2023-04-10,"Spring",13,13.65,0.47,0,0,0,0,0,0,0,"Expanded","Historic",0,0,0,0,33.444312,NA,0
"1290","SoCal","Heisler Park",2023-04-10,"Spring",17,0.45,2.39,1,8,0,0,0,0,0,"Expanded","Historic",0,0,0,0,33.444312,0.888888888888889,0
"1291","SoCal","Heisler Park",2023-04-10,"Spring",17,1,2.14,5,25,5,0,0,0,0,"Expanded","Historic",0,0,0,0,33.444312,0.833333333333333,0.05
"1292","SoCal","Heisler Park",2023-04-10,"Spring",17,3.3,1.89,4,8,0,0,0,0,0,"Expanded","Historic",0,0,0,0,33.444312,0.666666666666667,0
"1293","SoCal","Heisler Park",2023-04-10,"Spring",17,3.69,1.64,2,1,8,0,0,0,0,"Expanded","Historic",0,0,0,0,33.444312,0.333333333333333,0.08
"1294","SoCal","Heisler Park",2023-04-10,"Spring",17,3.94,1.39,0,0.3,0,0,0,0,0,"Expanded","Historic",0,0,0,0,33.444312,1,0
"1295","SoCal","Heisler Park",2023-04-10,"Spring",17,4.75,1.14,0.1,3,5,0,0,0,0,"Expanded","Historic",0,0,0,0,33.444312,0.967741935483871,0.05
"1296","SoCal","Heisler Park",2023-04-10,"Spring",17,5.5,0.89,0.1,3,10,0,0,0,0,"Expanded","Historic",0,0,0,0,33.444312,0.967741935483871,0.1
"1297","SoCal","Heisler Park",2023-04-10,"Spring",17,9.45,0.64,0,0,0,0,0,0,0,"Expanded","Historic",0,0,0,0,33.444312,NA,0
"1298","SoCal","Heisler Park",2023-04-10,"Spring",17,12.1,0.39,0,0,0,0,0,0,0,"Expanded","Historic",0,0,0,0,33.444312,NA,0
"1299","SoCal","Shaw's Cove",2023-04-02,"Spring",0,0,2.46,1,5,0,0,0,0,0,"NA","Historic",0,0,0,0,33.48777,0.833333333333333,0
"1300","SoCal","Shaw's Cove",2023-04-02,"Spring",0,0.45,2.21,1,20,0,0,0,0,0,"NA","Historic",0,0,0,0,33.48777,0.952380952380952,0
"1301","SoCal","Shaw's Cove",2023-04-02,"Spring",0,0.75,1.96,1,20,0,0,0,0,0,"NA","Historic",0,0,0,0,33.48777,0.952380952380952,0
"1302","SoCal","Shaw's Cove",2023-04-02,"Spring",0,1.6,1.71,4,61,0,0,0,0,0,"NA","Historic",0,0,0,0,33.48777,0.938461538461538,0
"1303","SoCal","Shaw's Cove",2023-04-02,"Spring",0,3.2,1.46,10,25,1,0,0,0,0,"NA","Historic",0,0,0,0,33.48777,0.714285714285714,0.01
"1304","SoCal","Shaw's Cove",2023-04-02,"Spring",0,4.35,1.21,10,15,4,0,0,0,0,"NA","Historic",0,0,0,0,33.48777,0.6,0.04
"1305","SoCal","Shaw's Cove",2023-04-02,"Spring",0,13.15,0.96,0.5,10,40,0,0,0,0,"NA","Historic",0,0,0,0,33.48777,0.952380952380952,0.4
"1306","SoCal","Shaw's Cove",2023-04-02,"Spring",0,14.75,0.71,0,0,0,0,0,0,0,"NA","Historic",0,0,0,0,33.48777,NA,0
"1307","SoCal","Shaw's Cove",2023-04-02,"Spring",0,16.55,0.46,0,0,0.5,0,0,0,0,"NA","Historic",0,0,0,0,33.48777,NA,0.005
"1308","SoCal","Shaw's Cove",2023-04-02,"Spring",14,0,1.4,10,10,2,0,0,0,0,"NA","Historic",0,0,0,0,33.48777,0.5,0.02
"1309","SoCal","Shaw's Cove",2023-04-02,"Spring",14,0.55,1.15,0,5,30,0,0,0,0,"NA","Historic",0,0,0,0,33.48777,1,0.3
"1310","SoCal","Shaw's Cove",2023-04-02,"Spring",14,4.3,0.9,0,0,45,0,0,0,0,"NA","Historic",0,0,0,0,33.48777,NA,0.45
"1311","SoCal","Shaw's Cove",2023-04-02,"Spring",14,6.68,0.65,0,0,8,0,0,0,0,"NA","Historic",0,0,0,0,33.48777,NA,0.08
"1312","SoCal","Shaw's Cove",2023-04-02,"Spring",14,8.35,0.4,0,0,6,0,0,0,0,"NA","Historic",0,0,0,0,33.48777,NA,0.06
"1313","SoCal","Shaw's Cove",2023-04-02,"Spring",2,0,2.29,2,40,0,0,0,0,0,"NA","Historic",0,0,0,0,33.48777,0.952380952380952,0
"1314","SoCal","Shaw's Cove",2023-04-02,"Spring",2,0.5,2.04,5,60,0,0,0,0,0,"NA","Historic",0,0,0,0,33.48777,0.923076923076923,0
"1315","SoCal","Shaw's Cove",2023-04-02,"Spring",2,1.19,1.79,10,65,0,0,0,0,0,"NA","Historic",0,0,0,0,33.48777,0.866666666666667,0
"1316","SoCal","Shaw's Cove",2023-04-02,"Spring",2,4.46,1.54,10,70,0,0,0,0,0,"NA","Historic",0,0,0,0,33.48777,0.875,0
"1317","SoCal","Shaw's Cove",2023-04-02,"Spring",2,5.44,1.29,30,35,11,0,0,0,0,"NA","Historic",0,0,0,0,33.48777,0.538461538461538,0.11
"1318","SoCal","Shaw's Cove",2023-04-02,"Spring",2,8.32,1.04,0.1,4,0,0,0,0,0,"NA","Historic",0,0,0,0,33.48777,0.975609756097561,0
"1319","SoCal","Shaw's Cove",2023-04-02,"Spring",2,13.12,0.79,0,2,12,0,0,0,0,"NA","Historic",0,0,0,0,33.48777,1,0.12
"1320","SoCal","Shaw's Cove",2023-04-02,"Spring",2,13.74,0.54,0.5,1,3,0,0,0,0,"NA","Historic",0,0,0,0,33.48777,0.666666666666667,0.03
"1321","SoCal","Shaw's Cove",2023-04-02,"Spring",25,0,1.66,14,68,3,0,0,0,0,"NA","Historic",0,0,0,0,33.48777,0.829268292682927,0.03
"1322","SoCal","Shaw's Cove",2023-04-02,"Spring",25,0.42,1.41,25,12,15,0,0,0,0,"NA","Historic",0,0,0,0,33.48777,0.324324324324324,0.15
"1323","SoCal","Shaw's Cove",2023-04-02,"Spring",25,1.01,1.16,3,15,38,0,0,0,0,"NA","Historic",0,0,0,0,33.48777,0.833333333333333,0.38
"1324","SoCal","Shaw's Cove",2023-04-02,"Spring",25,8.25,0.91,2,6,58,0,0,0,0,"NA","Historic",0,0,0,0,33.48777,0.75,0.58
"1325","SoCal","Shaw's Cove",2023-04-02,"Spring",25,8.87,0.66,1,4,80,0,0,0,0,"NA","Historic",0,0,0,0,33.48777,0.8,0.8
"1326","SoCal","Shaw's Cove",2023-04-02,"Spring",25,9.77,0.41,0,0,3,0,0,0,0,"NA","Historic",0,0,0,0,33.48777,NA,0.03
"1327","SoCal","Shaw's Cove",2023-04-02,"Spring",17,0,1.78,5,85,0,0,0,0,0,"NA","Historic",0,0,0,0,33.48777,0.944444444444444,0
"1328","SoCal","Shaw's Cove",2023-04-02,"Spring",17,0.95,1.53,6,78,3,0,0,0,0,"NA","Historic",0,0,0,0,33.48777,0.928571428571429,0.03
"1329","SoCal","Shaw's Cove",2023-04-02,"Spring",17,5.85,1.28,2,5,53,0,0,0,0,"NA","Historic",0,0,0,0,33.48777,0.714285714285714,0.53
"1330","SoCal","Shaw's Cove",2023-04-02,"Spring",17,6.2,1.03,2,5,85,0,0,0,0,"NA","Historic",0,0,0,0,33.48777,0.714285714285714,0.85
"1331","SoCal","Shaw's Cove",2023-04-02,"Spring",17,6.81,0.78,0.5,7,31,0,0,0,0,"NA","Historic",0,0,0,0,33.48777,0.933333333333333,0.31
"1332","SoCal","Shaw's Cove",2023-04-02,"Spring",17,7.91,0.53,0.1,1,30,0,0,0,0,"NA","Historic",0,0,0,0,33.48777,0.909090909090909,0.3
"1333","Baja","La Chorera Norte",2023-05-16,"Spring",20,0,1.68,0.1,4,0,0,0,0,0,"Historic","Historic",0,0,0,0,30.474736,0.975609756097561,0
"1334","Baja","La Chorera Norte",2023-05-16,"Spring",20,0.53,1.43,0.5,10,0,0,0,0,0,"Historic","Historic",0,0,0,0,30.474736,0.952380952380952,0
"1335","Baja","La Chorera Norte",2023-05-16,"Spring",20,0.85,1.18,3,50,0,0,5,0,4,"Historic","Historic",1,0,0,1.6094379124341,30.474736,0.943396226415094,0
"1336","Baja","La Chorera Norte",2023-05-16,"Spring",20,6.97,0.93,0,20,0,0,6,0,6,"Historic","Historic",1,0,0,1.94591014905531,30.474736,1,0
"1337","Baja","La Chorera Norte",2023-05-16,"Spring",20,7.43,0.68,3,5,0,0,0,0,0,"Historic","Historic",0,0,0,0,30.474736,0.625,0
"1338","Baja","La Chorera Norte",2023-05-16,"Spring",16,2.85,1.31,3,18,0,0,0,0,0,"Historic","Historic",0,0,0,0,30.474736,0.857142857142857,0
"1339","Baja","La Chorera Norte",2023-05-16,"Spring",16,3.14,1.06,3,28,0,0,0,0,0,"Historic","Historic",0,0,0,0,30.474736,0.903225806451613,0
"1340","Baja","La Chorera Norte",2023-05-16,"Spring",16,6.33,0.81,0,0,0,0,0,0,0,"Historic","Historic",0,0,0,0,30.474736,NA,0
"1341","Baja","La Chorera Norte",2023-05-16,"Spring",16,6.9,0.56,0,0,0,0,0,0,0,"Historic","Historic",0,0,0,0,30.474736,NA,0
"1342","Baja","La Chorera Norte",2023-05-16,"Spring",16,7.75,0.31,0,2,0,0,0,0,0,"Historic","Historic",0,0,0,0,30.474736,1,0
"1343","Baja","La Chorera Norte",2023-05-16,"Spring",12,0.2,2.01,0.5,10,0,0,0,0,0,"Historic","Historic",0,0,0,0,30.474736,0.952380952380952,0
"1344","Baja","La Chorera Norte",2023-05-16,"Spring",12,0.69,1.76,0.1,50,0,0,1,0,1,"Historic","Historic",1,0,0,0.693147180559945,30.474736,0.998003992015968,0
"1345","Baja","La Chorera Norte",2023-05-16,"Spring",12,1,1.51,0.5,40,0,0,2,0,1,"Historic","Historic",1,0,0,0.693147180559945,30.474736,0.987654320987654,0
"1346","Baja","La Chorera Norte",2023-05-16,"Spring",12,1.32,1.26,0.5,75,0,0,15,0,27,"Historic","Historic",1,0,0,3.3322045101752,30.474736,0.993377483443709,0
"1347","Baja","La Chorera Norte",2023-05-16,"Spring",12,4.03,1.01,0.5,1,0,0,0,0,0,"Historic","Historic",0,0,0,0,30.474736,0.666666666666667,0
"1348","Baja","La Chorera Norte",2023-05-16,"Spring",12,5.18,0.76,0,0.1,0,0,1,0,1,"Historic","Historic",1,0,0,0.693147180559945,30.474736,1,0
"1349","Baja","La Chorera Norte",2023-05-16,"Spring",12,6.43,0.51,0,0,0,0,0,0,0,"Historic","Historic",0,0,0,0,30.474736,NA,0
"1350","Baja","La Chorera Norte",2023-05-16,"Spring",11,0.15,1.86,5,9,0,0,0,0,0,"Historic","Historic",0,0,0,0,30.474736,0.642857142857143,0
"1351","Baja","La Chorera Norte",2023-05-16,"Spring",11,0.55,1.61,5,20,0,0,2,0,2,"Historic","Historic",1,0,0,1.09861228866811,30.474736,0.8,0
"1352","Baja","La Chorera Norte",2023-05-16,"Spring",11,1.02,1.37,1,15,0,0,0,0,0,"Historic","Historic",0,0,0,0,30.474736,0.9375,0
"1353","Baja","La Chorera Norte",2023-05-16,"Spring",11,1.28,1.12,5,55,0,0,5,0,6,"Historic","Historic",1,0,0,1.94591014905531,30.474736,0.916666666666667,0
"1354","Baja","La Chorera Norte",2023-05-16,"Spring",11,1.53,0.87,5,35,0,0,8,0,8,"Historic","Historic",1,0,0,2.19722457733622,30.474736,0.875,0
"1355","Baja","La Chorera Norte",2023-05-16,"Spring",11,1.86,0.62,0,0,0,0,3,0,1,"Historic","Historic",1,0,0,0.693147180559945,30.474736,NA,0
"1356","Baja","La Chorera Norte",2023-05-16,"Spring",11,3.75,0.37,0,0,0,0,0,0,0,"Historic","Historic",0,0,0,0,30.474736,NA,0
"1357","Baja","La Chorera Norte",2023-05-16,"Spring",1,0,1.85,5,15,0,0,0,0,0,"Historic","Historic",0,0,0,0,30.474736,0.75,0
"1358","Baja","La Chorera Norte",2023-05-16,"Spring",1,0.74,1.6,5,10,0,0,0,0,0,"Historic","Historic",0,0,0,0,30.474736,0.666666666666667,0
"1359","Baja","La Chorera Norte",2023-05-16,"Spring",1,1.05,1.35,15,10,0,0,0.8,0,1,"Historic","Historic",1,0,0,0.693147180559945,30.474736,0.4,0
"1360","Baja","La Chorera Norte",2023-05-16,"Spring",1,1.35,1.1,5,20,0,0,0,0,0,"Historic","Historic",0,0,0,0,30.474736,0.8,0
"1361","Baja","La Chorera Norte",2023-05-16,"Spring",1,2.2,0.85,5,25,0,0,2,0,2,"Historic","Historic",1,0,0,1.09861228866811,30.474736,0.833333333333333,0
"1362","Baja","La Chorera Norte",2023-05-16,"Spring",1,2.53,0.6,0,5,0,0,0,0,0,"Historic","Historic",0,0,0,0,30.474736,1,0
"1363","Baja","La Chorera Norte",2023-05-16,"Spring",1,3.07,0.35,0,4,0,0,0,0,0,"Historic","Historic",0,0,0,0,30.474736,1,0
"1364","Baja","San Miguel",2023-05-09,"Spring",24,0,1.19,20,5,0,0,2,0,2,"Historic","Historic",1,0,0,1.09861228866811,31.901882,0.2,0
"1365","Baja","San Miguel",2023-05-09,"Spring",24,0.56,0.94,0,0,0,0,1,0,2,"Historic","Historic",1,0,0,1.09861228866811,31.901882,NA,0
"1366","Baja","San Miguel",2023-05-09,"Spring",24,4.19,0.69,6,2,0,0,1,0,3,"Historic","Historic",1,0,0,1.38629436111989,31.901882,0.25,0
"1367","Baja","San Miguel",2023-05-09,"Spring",21,2.25,1.6,25,25,5,0,0,0,8,"Historic","Historic",0,0,0,2.19722457733622,31.901882,0.5,0.05
"1368","Baja","San Miguel",2023-05-09,"Spring",21,2.9,1.35,5,73,0,0,0,0,0,"Historic","Historic",0,0,0,0,31.901882,0.935897435897436,0
"1369","Baja","San Miguel",2023-05-09,"Spring",21,3.17,1.1,7,90,0,0,0,0,0,"Historic","Historic",0,0,0,0,31.901882,0.927835051546392,0
"1370","Baja","San Miguel",2023-05-09,"Spring",21,3.43,0.85,0.1,15,1,0,0,0,2,"Historic","Historic",0,0,0,1.09861228866811,31.901882,0.993377483443709,0.01
"1371","Baja","San Miguel",2023-05-09,"Spring",21,21.33,0.6,0.1,15,0,0,0,0,0,"Historic","Historic",0,0,0,0,31.901882,0.993377483443709,0
"1372","Baja","San Miguel",2023-05-09,"Spring",19,1.6,1.45,80,20,0,0,0,0,0,"Historic","Historic",0,0,0,0,31.901882,0.2,0
"1373","Baja","San Miguel",2023-05-09,"Spring",19,2,1.2,85,4,0,0,3,0,5,"Historic","Historic",1,0,0,1.79175946922805,31.901882,0.0449438202247191,0
"1374","Baja","San Miguel",2023-05-09,"Spring",19,2.37,0.95,5,3,0,0,0,0,0,"Historic","Historic",0,0,0,0,31.901882,0.375,0
"1375","Baja","San Miguel",2023-05-09,"Spring",19,16.82,0.7,0,15,0,0.8,0,2,0,"Historic","Historic",0,1,1.09861228866811,0,31.901882,1,0
"1376","Baja","San Miguel",2023-05-09,"Spring",19,18.25,0.45,0.1,20,0,0,0,0,0,"Historic","Historic",0,0,0,0,31.901882,0.99502487562189,0
"1377","Baja","San Miguel",2023-05-09,"Spring",15,0,1.91,10,80,0,0,0,0,0,"Historic","Historic",0,0,0,0,31.901882,0.888888888888889,0
"1378","Baja","San Miguel",2023-05-09,"Spring",15,0.57,1.66,15,75,0,0,0,0,0,"Historic","Historic",0,0,0,0,31.901882,0.833333333333333,0
"1379","Baja","San Miguel",2023-05-09,"Spring",15,0.9,1.41,18,30,0,0,2,0,2,"Historic","Historic",1,0,0,1.09861228866811,31.901882,0.625,0
"1380","Baja","San Miguel",2023-05-09,"Spring",15,1.31,1.16,1,0.5,0,0,0,0,0,"Historic","Historic",0,0,0,0,31.901882,0.333333333333333,0
"1381","Baja","San Miguel",2023-05-09,"Spring",15,8.08,0.91,7,50,0,0,2,0,3,"Historic","Historic",1,0,0,1.38629436111989,31.901882,0.87719298245614,0
"1382","Baja","San Miguel",2023-05-09,"Spring",15,18.82,0.66,0,0,0,0,0,0,0,"Historic","Historic",0,0,0,0,31.901882,NA,0
"1383","Baja","San Miguel",2023-05-09,"Spring",7,0,1.18,0,0,0,0,0,0,0,"Historic","Historic",0,0,0,0,31.901882,NA,0
"1384","Baja","San Miguel",2023-05-09,"Spring",7,2.95,0.93,0,0,0,0,0,0,0,"Historic","Historic",0,0,0,0,31.901882,NA,0
"1385","Baja","San Miguel",2023-05-09,"Spring",7,16.3,0.68,0,0,0,0,0,0,0,"Historic","Historic",0,0,0,0,31.901882,NA,0
"1386","Baja","San Miguel",2023-05-09,"Spring",7,18.5,0.43,0,0.5,0,0,0,0,0,"Historic","Historic",0,0,0,0,31.901882,1,0
"1387","Baja","Saldamando",2023-05-10,"Spring",17,0.8,1.36,0,15,0,0,0,0,0,"Historic","Historic",0,0,0,0,31.928408,1,0
"1388","Baja","Saldamando",2023-05-10,"Spring",17,3.69,1.11,0.2,0.5,0,0,0,0,0,"Historic","Historic",0,0,0,0,31.928408,0.714285714285714,0
"1389","Baja","Saldamando",2023-05-10,"Spring",17,4.88,0.86,0.5,20,0,0,0,0,0,"Historic","Historic",0,0,0,0,31.928408,0.975609756097561,0
"1390","Baja","Saldamando",2023-05-10,"Spring",17,8.32,0.61,0,1,0,0,1,0,1,"Historic","Historic",1,0,0,0.693147180559945,31.928408,1,0
"1391","Baja","Saldamando",2023-05-10,"Spring",17,11.7,0.36,0,1,0,0,0,0,0,"Historic","Historic",0,0,0,0,31.928408,1,0
"1392","Baja","Saldamando",2023-05-10,"Spring",14,3.5,1.51,5,5,0,0,0,0,0,"Historic","Historic",0,0,0,0,31.928408,0.5,0
"1393","Baja","Saldamando",2023-05-10,"Spring",14,5.41,1.26,0.4,0,0,0,0,0,0,"Historic","Historic",0,0,0,0,31.928408,0,0
"1394","Baja","Saldamando",2023-05-10,"Spring",14,5.73,1.01,0,0.8,0,0,0,0,0,"Historic","Historic",0,0,0,0,31.928408,1,0
"1395","Baja","Saldamando",2023-05-10,"Spring",14,10.18,0.76,0,0,0,0,0,0,0,"Historic","Historic",0,0,0,0,31.928408,NA,0
"1396","Baja","Saldamando",2023-05-10,"Spring",11,1.05,1.39,0,0.1,0,0,0,0,0,"Historic","Historic",0,0,0,0,31.928408,1,0
"1397","Baja","Saldamando",2023-05-10,"Spring",11,1.44,1.14,0,2,0,0,0,0,0,"Historic","Historic",0,0,0,0,31.928408,1,0
"1398","Baja","Saldamando",2023-05-10,"Spring",11,1.75,0.89,0,2,0,0,0,0,0,"Historic","Historic",0,0,0,0,31.928408,1,0
"1399","Baja","Saldamando",2023-05-10,"Spring",11,6.62,0.64,0,0,0,0,0,0,0,"Historic","Historic",0,0,0,0,31.928408,NA,0
"1400","Baja","Saldamando",2023-05-10,"Spring",11,8.66,0.39,0,0,0,0,0,0,0,"Historic","Historic",0,0,0,0,31.928408,NA,0
"1401","Baja","Saldamando",2023-05-10,"Spring",10,0,1.43,0,1,0,0,0,0,0,"Historic","Historic",0,0,0,0,31.928408,1,0
"1402","Baja","Saldamando",2023-05-10,"Spring",10,7.15,1.18,0,0,0,0,0,0,0,"Historic","Historic",0,0,0,0,31.928408,NA,0
"1403","Baja","Saldamando",2023-05-10,"Spring",10,9.73,0.93,0,0,0,0,0,0,0,"Historic","Historic",0,0,0,0,31.928408,NA,0
"1404","Baja","Saldamando",2023-05-10,"Spring",10,10,0.68,0,0,0,0,0,0,0,"Historic","Historic",0,0,0,0,31.928408,NA,0
"1405","Baja","Saldamando",2023-05-10,"Spring",25,0,2.31,1,5,0,0,0,0,0,"Historic","Historic",0,0,0,0,31.928408,0.833333333333333,0
"1406","Baja","Saldamando",2023-05-10,"Spring",25,0.59,2.06,5,20,0,0,0,0,0,"Historic","Historic",0,0,0,0,31.928408,0.8,0
"1407","Baja","Saldamando",2023-05-10,"Spring",25,1.32,1.81,10,15,0,0,3,0,1,"Historic","Historic",1,0,0,0.693147180559945,31.928408,0.6,0
"1408","Baja","Saldamando",2023-05-10,"Spring",25,1.7,1.56,1,4,0.5,0,0,0,0,"Historic","Historic",0,0,0,0,31.928408,0.8,0.005
"1409","Baja","Saldamando",2023-05-10,"Spring",25,3.89,1.31,0,0.1,0,0,0,0,0,"Historic","Historic",0,0,0,0,31.928408,1,0
"1410","Baja","Saldamando",2023-05-10,"Spring",25,5.75,1.06,0.1,3,0,0,0,0,0,"Historic","Historic",0,0,0,0,31.928408,0.967741935483871,0
"1411","Baja","Saldamando",2023-05-10,"Spring",25,6.18,0.81,0,0,0,0,3,0,1,"Historic","Historic",1,0,0,0.693147180559945,31.928408,NA,0
"1412","Baja","Saldamando",2023-05-10,"Spring",25,9.93,0.56,0,0,0,0,0,0,0,"Historic","Historic",0,0,0,0,31.928408,NA,0
"1413","Baja","Punta Morro",2023-05-08,"Spring",24,0,1.39,12,60,0,0,0,0,0,"Historic","Historic",0,0,0,0,31.862226,0.833333333333333,0
"1414","Baja","Punta Morro",2023-05-08,"Spring",24,0.82,1.14,15,65,0,0,2,0,2,"Historic","Historic",1,0,0,1.09861228866811,31.862226,0.8125,0
"1415","Baja","Punta Morro",2023-05-08,"Spring",24,1.3,0.89,5,75,1,0,0,0,0,"Historic","Historic",0,0,0,0,31.862226,0.9375,0.01
"1416","Baja","Punta Morro",2023-05-08,"Spring",24,17.7,0.64,0,0,1,0,0,0,0,"Historic","Historic",0,0,0,0,31.862226,NA,0.01
"1417","Baja","Punta Morro",2023-05-08,"Spring",11,0,1.05,5,45,0,0,1,0,1,"Historic","Historic",1,0,0,0.693147180559945,31.862226,0.9,0
"1418","Baja","Punta Morro",2023-05-08,"Spring",11,1,0.8,10,10,0,0,10,0,58,"Historic","Historic",1,0,0,4.07753744390572,31.862226,0.5,0
"1419","Baja","Punta Morro",2023-05-08,"Spring",11,2.2,0.55,5,40,0,0,0,0,0,"Historic","Historic",0,0,0,0,31.862226,0.888888888888889,0
"1420","Baja","Punta Morro",2023-05-08,"Spring",11,5.61,0.3,10,35,0,0,0,0,0,"Historic","Historic",0,0,0,0,31.862226,0.777777777777778,0
"1421","Baja","Punta Morro",2023-05-08,"Spring",11,25.4,0.05,0,0,0,0,0,0,0,"Historic","Historic",0,0,0,0,31.862226,NA,0
"1422","Baja","Punta Morro",2023-05-08,"Spring",15,11.6,1.33,1,15,0,0,0,0,0,"Historic","Historic",0,0,0,0,31.862226,0.9375,0
"1423","Baja","Punta Morro",2023-05-08,"Spring",15,12.45,1.08,1,0.5,5,0,0,0,0,"Historic","Historic",0,0,0,0,31.862226,0.333333333333333,0.05
"1424","Baja","Punta Morro",2023-05-08,"Spring",15,13.3,0.83,25,15,3,0.2,12,1,75,"Historic","Historic",1,1,0.693147180559945,4.33073334028633,31.862226,0.375,0.03
"1425","Baja","Punta Morro",2023-05-08,"Spring",15,26.04,0.58,0.3,6,2,0,0,0,0,"Historic","Historic",0,0,0,0,31.862226,0.952380952380952,0.02
"1426","Baja","Punta Morro",2023-05-08,"Spring",15,26.67,0.33,0,0.5,0,0,0,0,0,"Historic","Historic",0,0,0,0,31.862226,1,0
"1427","Baja","Punta Morro",2023-05-08,"Spring",15,29.5,0.08,0,0,0,0,0,0,0,"Historic","Historic",0,0,0,0,31.862226,NA,0
"1428","Baja","Punta Morro",2023-05-08,"Spring",20,0,1.02,1,45,0,0,0,0,0,"Historic","Historic",0,0,0,0,31.862226,0.978260869565217,0
"1429","Baja","Punta Morro",2023-05-08,"Spring",20,0.51,0.77,0.5,50,0,0,0,0,0,"Historic","Historic",0,0,0,0,31.862226,0.99009900990099,0
"1430","Baja","Punta Morro",2023-05-08,"Spring",20,0.76,0.52,1,45,0,0,0,0,0,"Historic","Historic",0,0,0,0,31.862226,0.978260869565217,0
"1431","Baja","Punta Morro",2023-05-08,"Spring",20,2.33,0.27,0,5,0,0,0,0,0,"Historic","Historic",0,0,0,0,31.862226,1,0
"1432","Baja","Punta Morro",2023-05-08,"Spring",20,21.07,0.02,0,0,0,0,0,0,0,"Historic","Historic",0,0,0,0,31.862226,NA,0
"1433","Baja","Punta Morro",2023-05-08,"Spring",6,0,0.87,8,65,0,0,2,0,1,"Historic","Historic",1,0,0,0.693147180559945,31.862226,0.89041095890411,0
"1434","Baja","Punta Morro",2023-05-08,"Spring",6,0.86,0.62,3,3,0,0,0,0,0,"Historic","Historic",0,0,0,0,31.862226,0.5,0
"1435","Baja","Punta Morro",2023-05-08,"Spring",6,3.5,0.37,0.1,15,0,0,0,0,0,"Historic","Historic",0,0,0,0,31.862226,0.993377483443709,0
"1436","Baja","Punta Morro",2023-05-08,"Spring",6,5.21,0.12,0,2,0,0,0,0,0,"Historic","Historic",0,0,0,0,31.862226,1,0
"1437","Baja","Punta Morro",2023-05-08,"Spring",6,22.71,-0.13,0,0,0,0,0,0,0,"Historic","Historic",0,0,0,0,31.862226,NA,0
"1438","Baja","Campo Kennedy",2023-05-11,"Spring",24,0,1.37,3,30,0,0,0,0,0,"Historic","Historic",0,0,0,0,31.702586,0.909090909090909,0
"1439","Baja","Campo Kennedy",2023-05-11,"Spring",24,2.2,1.12,15,85,0,0,0,0,0,"Historic","Historic",0,0,0,0,31.702586,0.85,0
"1440","Baja","Campo Kennedy",2023-05-11,"Spring",24,2.48,0.87,15,60,0,0,0,0,0,"Historic","Historic",0,0,0,0,31.702586,0.8,0
"1441","Baja","Campo Kennedy",2023-05-11,"Spring",24,5.52,0.62,5,0.5,0,0,0,0,0,"Historic","Historic",0,0,0,0,31.702586,0.0909090909090909,0
"1442","Baja","Campo Kennedy",2023-05-11,"Spring",21,0.47,1.28,10,60,0,0,0,0,0,"Historic","Historic",0,0,0,0,31.702586,0.857142857142857,0
"1443","Baja","Campo Kennedy",2023-05-11,"Spring",21,0.8,1.03,15,85,0,0,0,0,0,"Historic","Historic",0,0,0,0,31.702586,0.85,0
"1444","Baja","Campo Kennedy",2023-05-11,"Spring",21,1.1,0.78,5,35,8,0,0,0,0,"Historic","Historic",0,0,0,0,31.702586,0.875,0.08
"1445","Baja","Campo Kennedy",2023-05-11,"Spring",21,2.63,0.53,5,25,0,0,0,0,0,"Historic","Historic",0,0,0,0,31.702586,0.833333333333333,0
"1446","Baja","Campo Kennedy",2023-05-11,"Spring",21,3.7,0.28,0,0,2,0,0,0,0,"Historic","Historic",0,0,0,0,31.702586,NA,0.02
"1447","Baja","Campo Kennedy",2023-05-11,"Spring",16,0,1.33,0,0,0,0,0,0,0,"Historic","Historic",0,0,0,0,31.702586,NA,0
"1448","Baja","Campo Kennedy",2023-05-11,"Spring",16,0.45,1.08,2,0,0,0,0,0,0,"Historic","Historic",0,0,0,0,31.702586,0,0
"1449","Baja","Campo Kennedy",2023-05-11,"Spring",16,2.65,0.83,50,10,5,0,0,0,0,"Historic","Historic",0,0,0,0,31.702586,0.166666666666667,0.05
"1450","Baja","Campo Kennedy",2023-05-11,"Spring",16,3.07,0.58,40,45,0,0,0,0,0,"Historic","Historic",0,0,0,0,31.702586,0.529411764705882,0
"1451","Baja","Campo Kennedy",2023-05-11,"Spring",16,3.72,0.33,0.1,1,0,0,0,0,0,"Historic","Historic",0,0,0,0,31.702586,0.909090909090909,0
"1452","Baja","Campo Kennedy",2023-05-11,"Spring",16,4.03,0.08,0,0.5,0,0,0,0,0,"Historic","Historic",0,0,0,0,31.702586,1,0
"1453","Baja","Campo Kennedy",2023-05-11,"Spring",3,3.7,0.97,5,40,0,0,0,0,0,"Historic","Historic",0,0,0,0,31.702586,0.888888888888889,0
"1454","Baja","Campo Kennedy",2023-05-11,"Spring",3,4.48,0.72,3,10,0,0,0,0,0,"Historic","Historic",0,0,0,0,31.702586,0.769230769230769,0
"1455","Baja","Campo Kennedy",2023-05-11,"Spring",3,4.79,0.47,0,0,0,0,0,0,0,"Historic","Historic",0,0,0,0,31.702586,NA,0
"1456","Baja","Campo Kennedy",2023-05-11,"Spring",3,6.02,0.22,0,3,0,0,0,0,0,"Historic","Historic",0,0,0,0,31.702586,1,0
"1457","Baja","Campo Kennedy",2023-05-11,"Spring",9,0,1,5,45,0,0,0,0,0,"Historic","Historic",0,0,0,0,31.702586,0.9,0
"1458","Baja","Campo Kennedy",2023-05-11,"Spring",9,0.5,0.75,10,25,0,2,0,2,0,"Historic","Historic",0,1,1.09861228866811,0,31.702586,0.714285714285714,0
"1459","Baja","Campo Kennedy",2023-05-11,"Spring",9,1.75,0.5,0.1,0.5,0.2,1,0,1,0,"Historic","Historic",0,1,0.693147180559945,0,31.702586,0.833333333333333,0.002
"1460","Baja","Campo Kennedy",2023-05-11,"Spring",9,2.54,0.25,0,0,0,0,0,0,0,"Historic","Historic",0,0,0,0,31.702586,NA,0
"1461","Baja","Campo Kennedy",2023-05-11,"Spring",9,3.57,0,10,0,0,0,0,0,0,"Historic","Historic",0,0,0,0,31.702586,0,0
"1462","Baja","La Chorera",2023-05-15,"Spring",14,0,1.96,0.1,0,0,0,0,0,0,"Historic","Historic",0,0,0,0,30.45954,0,0
"1463","Baja","La Chorera",2023-05-15,"Spring",14,2.82,1.71,3,23,0,0,3,0,2,"Historic","Historic",1,0,0,1.09861228866811,30.45954,0.884615384615385,0
"1464","Baja","La Chorera",2023-05-15,"Spring",14,7.9,1.46,2,15,0,0,4,0,2,"Historic","Historic",1,0,0,1.09861228866811,30.45954,0.882352941176471,0
"1465","Baja","La Chorera",2023-05-15,"Spring",14,9.82,1.21,0,0,1,0,0,0,0,"Historic","Historic",0,0,0,0,30.45954,NA,0.01
"1466","Baja","La Chorera",2023-05-15,"Spring",14,10.4,0.96,0,0,0,0,0,0,0,"Historic","Historic",0,0,0,0,30.45954,NA,0
"1467","Baja","La Chorera",2023-05-15,"Spring",13,0,1.92,0,0.1,0,0,0,0,0,"Historic","Historic",0,0,0,0,30.45954,1,0
"1468","Baja","La Chorera",2023-05-15,"Spring",13,0.44,1.67,1,6,0,0,0,0,0,"Historic","Historic",0,0,0,0,30.45954,0.857142857142857,0
"1469","Baja","La Chorera",2023-05-15,"Spring",13,7.95,1.42,3,2,0,0,4,0,4,"Historic","Historic",1,0,0,1.6094379124341,30.45954,0.4,0
"1470","Baja","La Chorera",2023-05-15,"Spring",13,9.34,1.17,0,0.1,0,0,2,0,1,"Historic","Historic",1,0,0,0.693147180559945,30.45954,1,0
"1471","Baja","La Chorera",2023-05-15,"Spring",13,9.8,0.92,0,0,0,0,0,0,0,"Historic","Historic",0,0,0,0,30.45954,NA,0
"1472","Baja","La Chorera",2023-05-15,"Spring",9,1.63,1.83,0.1,1,0,0,1,0,1,"Historic","Historic",1,0,0,0.693147180559945,30.45954,0.909090909090909,0
"1473","Baja","La Chorera",2023-05-15,"Spring",9,4.61,1.58,0.1,5,0,0,2,0,2,"Historic","Historic",1,0,0,1.09861228866811,30.45954,0.980392156862745,0
"1474","Baja","La Chorera",2023-05-15,"Spring",9,6.2,1.33,4,30,0,0,7,0,7,"Historic","Historic",1,0,0,2.07944154167984,30.45954,0.882352941176471,0
"1475","Baja","La Chorera",2023-05-15,"Spring",9,9.2,1.08,0.5,5,0,0,2,0,2,"Historic","Historic",1,0,0,1.09861228866811,30.45954,0.909090909090909,0
"1476","Baja","La Chorera",2023-05-15,"Spring",9,10.31,0.83,0,0,7,0,1,0,1,"Historic","Historic",1,0,0,0.693147180559945,30.45954,NA,0.07
"1477","Baja","La Chorera",2023-05-15,"Spring",3,0,1.41,0.5,10,0,0,2,0,2,"Historic","Historic",1,0,0,1.09861228866811,30.45954,0.952380952380952,0
"1478","Baja","La Chorera",2023-05-15,"Spring",3,9.95,1.16,0,0,0,0,0,0,0,"Historic","Historic",0,0,0,0,30.45954,NA,0
"1479","Baja","La Chorera",2023-05-15,"Spring",3,11.1,0.91,0,0,5,0,1,0,1,"Historic","Historic",1,0,0,0.693147180559945,30.45954,NA,0.05
"1480","Baja","La Chorera",2023-05-15,"Spring",8,0,1.94,0,0,0,0,0,0,0,"Historic","Historic",0,0,0,0,30.45954,NA,0
"1481","Baja","La Chorera",2023-05-15,"Spring",8,1.41,1.69,1,10,0,0,0,0,0,"Historic","Historic",0,0,0,0,30.45954,0.909090909090909,0
"1482","Baja","La Chorera",2023-05-15,"Spring",8,3,1.44,1,5,0,0,1,0,1,"Historic","Historic",1,0,0,0.693147180559945,30.45954,0.833333333333333,0
"1483","Baja","La Chorera",2023-05-15,"Spring",8,10.22,1.19,0,10,15,0,5,0,4,"Historic","Historic",1,0,0,1.6094379124341,30.45954,1,0.15
"1484","SoCal","Heisler Park",2023-10-16,"Fall",18,0.8,2.12,0,0,0,0,0,0,0,"Expanded","Historic",0,0,0,0,33.54243,NA,0
"1485","SoCal","Heisler Park",2023-10-16,"Fall",18,1.48,1.87,0.1,0.5,0,0,0,0,0,"Expanded","Historic",0,0,0,0,33.54243,0.833333333333333,0
"1486","SoCal","Heisler Park",2023-10-16,"Fall",18,1.99,1.62,0,0.8,0,0,0,0,0,"Expanded","Historic",0,0,0,0,33.54243,1,0
"1487","SoCal","Heisler Park",2023-10-16,"Fall",18,2.97,1.37,0.1,2,0,0,0,0,0,"Expanded","Historic",0,0,0,0,33.54243,0.952380952380952,0
"1488","SoCal","Heisler Park",2023-10-16,"Fall",18,3.78,1.12,0.1,5,20,0,0,0,0,"Expanded","Historic",0,0,0,0,33.54243,0.980392156862745,0.2
"1489","SoCal","Heisler Park",2023-10-16,"Fall",18,4.62,0.87,0.1,0.5,1,0,0,0,0,"Expanded","Historic",0,0,0,0,33.54243,0.833333333333333,0.01
"1490","SoCal","Heisler Park",2023-10-16,"Fall",18,5.66,0.62,0.2,4,10,0,0,0,0,"Expanded","Historic",0,0,0,0,33.54243,0.952380952380952,0.1
"1491","SoCal","Heisler Park",2023-10-16,"Fall",17,0,2.23,0.1,2,0,0,0,0,0,"Expanded","Historic",0,0,0,0,33.54243,0.952380952380952,0
"1492","SoCal","Heisler Park",2023-10-16,"Fall",17,0.76,1.98,3,7,0,0,0,0,0,"Expanded","Historic",0,0,0,0,33.54243,0.7,0
"1493","SoCal","Heisler Park",2023-10-16,"Fall",17,1.55,1.73,0,2,4,0,0,0,0,"Expanded","Historic",0,0,0,0,33.54243,1,0.04
"1494","SoCal","Heisler Park",2023-10-16,"Fall",17,2.4,1.48,0.1,1,0,0,0,0,0,"Expanded","Historic",0,0,0,0,33.54243,0.909090909090909,0
"1495","SoCal","Heisler Park",2023-10-16,"Fall",17,3.3,1.23,0.1,0,4,0,0,0,0,"Expanded","Historic",0,0,0,0,33.54243,0,0.04
"1496","SoCal","Heisler Park",2023-10-16,"Fall",17,3.91,0.98,0.1,3,15,0,0,0,0,"Expanded","Historic",0,0,0,0,33.54243,0.967741935483871,0.15
"1497","SoCal","Heisler Park",2023-10-16,"Fall",17,4.92,0.73,0,0,3,0,0,0,0,"Expanded","Historic",0,0,0,0,33.54243,NA,0.03
"1498","SoCal","Heisler Park",2023-10-16,"Fall",14,0,1.95,0.4,5,0,0,0,0,0,"Expanded","Historic",0,0,0,0,33.54243,0.925925925925926,0
"1499","SoCal","Heisler Park",2023-10-16,"Fall",14,1,1.7,4,11,0,0,0,0,0,"Expanded","Historic",0,0,0,0,33.54243,0.733333333333333,0
"1500","SoCal","Heisler Park",2023-10-16,"Fall",14,3.37,1.45,6,4,6,0,0,0,0,"Expanded","Historic",0,0,0,0,33.54243,0.4,0.06
"1501","SoCal","Heisler Park",2023-10-16,"Fall",14,3.62,1.2,0.5,0.5,5,0,0,0,0,"Expanded","Historic",0,0,0,0,33.54243,0.5,0.05
"1502","SoCal","Heisler Park",2023-10-16,"Fall",14,4.1,0.95,0,2,3,0,0,0,0,"Expanded","Historic",0,0,0,0,33.54243,1,0.03
"1503","SoCal","Heisler Park",2023-10-16,"Fall",14,4.89,0.7,0,0.5,1,0,0,0,0,"Expanded","Historic",0,0,0,0,33.54243,1,0.01
"1504","SoCal","Heisler Park",2023-10-16,"Fall",14,6.09,0.45,0,1,0,0,0,0,0,"Expanded","Historic",0,0,0,0,33.54243,1,0
"1505","SoCal","Heisler Park",2023-10-16,"Fall",12,0,1.75,1,4,0,0,0,0,0,"Expanded","Historic",0,0,0,0,33.54243,0.8,0
"1506","SoCal","Heisler Park",2023-10-16,"Fall",12,0.92,1.5,0.5,2,0,0,0,0,0,"Expanded","Historic",0,0,0,0,33.54243,0.8,0
"1507","SoCal","Heisler Park",2023-10-16,"Fall",12,4.61,1.25,0.1,0.8,0,0,0,0,0,"Expanded","Historic",0,0,0,0,33.54243,0.888888888888889,0
"1508","SoCal","Heisler Park",2023-10-16,"Fall",12,5.08,1,0.1,3,0,0,0,0,0,"Expanded","Historic",0,0,0,0,33.54243,0.967741935483871,0
"1509","SoCal","Heisler Park",2023-10-16,"Fall",12,5.63,0.75,0,0.4,0.5,0,0,0,0,"Expanded","Historic",0,0,0,0,33.54243,1,0.005
"1510","SoCal","Heisler Park",2023-10-16,"Fall",12,6.2,0.5,0,0,0,0,0,0,0,"Expanded","Historic",0,0,0,0,33.54243,NA,0
"1511","SoCal","Heisler Park",2023-10-16,"Fall",12,8.5,0.25,0,0,0,0,0,0,0,"Expanded","Historic",0,0,0,0,33.54243,NA,0
"1512","SoCal","Heisler Park",2023-10-16,"Fall",11,0,1.72,5,15,0,0,0,0,0,"Expanded","Historic",0,0,0,0,33.54243,0.75,0
"1513","SoCal","Heisler Park",2023-10-16,"Fall",11,1.43,1.47,0,0.1,0,0,0,0,0,"Expanded","Historic",0,0,0,0,33.54243,1,0
"1514","SoCal","Heisler Park",2023-10-16,"Fall",11,4.78,1.22,1,8,0,0,0,0,0,"Expanded","Historic",0,0,0,0,33.54243,0.888888888888889,0
"1515","SoCal","Heisler Park",2023-10-16,"Fall",11,5.26,0.97,0,2,0,0,0,0,0,"Expanded","Historic",0,0,0,0,33.54243,1,0
"1516","SoCal","Heisler Park",2023-10-16,"Fall",11,5.81,0.72,0,1,0,0,0,0,0,"Expanded","Historic",0,0,0,0,33.54243,1,0
"1517","SoCal","Heisler Park",2023-10-16,"Fall",11,7.82,0.47,0,0,0,0,0,0,0,"Expanded","Historic",0,0,0,0,33.54243,NA,0
"1518","SoCal","Swami's",2023-10-18,"Fall",15,0,1.37,5,16,18,0,0,0,0,"Expanded","Historic",0,0,0,0,33.035358,0.761904761904762,0.18
"1519","SoCal","Swami's",2023-10-18,"Fall",15,14.7,1.12,2,22,65,0,0,0,0,"Expanded","Historic",0,0,0,0,33.035358,0.916666666666667,0.65
"1520","SoCal","Swami's",2023-10-18,"Fall",15,15.05,0.87,4,40,70,0,0,0,0,"Expanded","Historic",0,0,0,0,33.035358,0.909090909090909,0.7
"1521","SoCal","Swami's",2023-10-18,"Fall",15,15.3,0.62,0,30,40,0,0,0,0,"Expanded","Historic",0,0,0,0,33.035358,1,0.4
"1522","SoCal","Swami's",2023-10-18,"Fall",14,0,1.37,1,0.4,0.1,0,0,0,0,"Expanded","Historic",0,0,0,0,33.035358,0.285714285714286,0.001
"1523","SoCal","Swami's",2023-10-18,"Fall",14,14.6,1.12,3,24,80,0,0,0,0,"Expanded","Historic",0,0,0,0,33.035358,0.888888888888889,0.8
"1524","SoCal","Swami's",2023-10-18,"Fall",14,15.08,0.87,0,9,2,0,0,0,0,"Expanded","Historic",0,0,0,0,33.035358,1,0.02
"1525","SoCal","Swami's",2023-10-18,"Fall",14,15.33,0.62,0,12,0.5,0,0,0,0,"Expanded","Historic",0,0,0,0,33.035358,1,0.005
"1526","SoCal","Swami's",2023-10-18,"Fall",11,0,1.28,0,0.3,0.5,0,0,0,0,"Expanded","Historic",0,0,0,0,33.035358,1,0.005
"1527","SoCal","Swami's",2023-10-18,"Fall",11,5.05,1.03,0.1,12,4,0.8,1,2,1,"Expanded","Historic",1,1,1.09861228866811,0.693147180559945,33.035358,0.991735537190083,0.04
"1528","SoCal","Swami's",2023-10-18,"Fall",11,16.59,0.78,0,5,11,0,0,0,0,"Expanded","Historic",0,0,0,0,33.035358,1,0.11
"1529","SoCal","Swami's",2023-10-18,"Fall",6,0,0.95,0,25,3,0,0,0,0,"Expanded","Historic",0,0,0,0,33.035358,1,0.03
"1530","SoCal","Swami's",2023-10-18,"Fall",6,14.47,0.7,0,9,8,0,0,0,0,"Expanded","Historic",0,0,0,0,33.035358,1,0.08
"1531","SoCal","Swami's",2023-10-18,"Fall",3,0,1.39,1,39,55,0,0,0,0,"Expanded","Historic",0,0,0,0,33.035358,0.975,0.55
"1532","SoCal","Swami's",2023-10-18,"Fall",3,9.3,1.14,0.1,33,50,0,0,0,0,"Expanded","Historic",0,0,0,0,33.035358,0.996978851963746,0.5
"1533","SoCal","Swami's",2023-10-18,"Fall",3,10.58,0.89,0,0,2,0,0,0,0,"Expanded","Historic",0,0,0,0,33.035358,NA,0.02
"1534","SoCal","Swami's",2023-10-18,"Fall",3,10.94,0.64,0,0,0,0,0,0,0,"Expanded","Historic",0,0,0,0,33.035358,NA,0
"1535","SoCal","Dana Point",2023-09-30,"Fall",23,0,1.4,5,23,2,0,0,0,0,"Expanded","Historic",0,0,0,0,33.459834,0.821428571428571,0.02
"1536","SoCal","Dana Point",2023-09-30,"Fall",23,1.26,1.15,4,5,28,0,0,0,0,"Expanded","Historic",0,0,0,0,33.459834,0.555555555555556,0.28
"1537","SoCal","Dana Point",2023-09-30,"Fall",23,1.94,0.9,0,6,98,0,0,0,0,"Expanded","Historic",0,0,0,0,33.459834,1,0.98
"1538","SoCal","Dana Point",2023-09-30,"Fall",23,2.52,0.65,0,3,45,1,0,2,0,"Expanded","Historic",0,1,1.09861228866811,0,33.459834,1,0.45
"1539","SoCal","Dana Point",2023-09-30,"Fall",23,3.4,0.4,0,0,0,0,0,0,0,"Expanded","Historic",0,0,0,0,33.459834,NA,0
"1540","SoCal","Dana Point",2023-09-30,"Fall",23,7.6,0.15,0,0,2,0,0,0,0,"Expanded","Historic",0,0,0,0,33.459834,NA,0.02
"1541","SoCal","Dana Point",2023-09-30,"Fall",20,0,1.37,2,50,2,0,0,0,0,"Expanded","Historic",0,0,0,0,33.459834,0.961538461538462,0.02
"1542","SoCal","Dana Point",2023-09-30,"Fall",20,1.16,1.12,0.3,1,12,0,0,0,0,"Expanded","Historic",0,0,0,0,33.459834,0.769230769230769,0.12
"1543","SoCal","Dana Point",2023-09-30,"Fall",20,2.4,0.87,0,2,75,1,6,2,5,"Expanded","Historic",1,1,1.09861228866811,1.79175946922805,33.459834,1,0.75
"1544","SoCal","Dana Point",2023-09-30,"Fall",20,3.39,0.62,0.1,1,90,0,0,0,0,"Expanded","Historic",0,0,0,0,33.459834,0.909090909090909,0.9
"1545","SoCal","Dana Point",2023-09-30,"Fall",20,3.64,0.37,0.1,2,42,0,0,0,0,"Expanded","Historic",0,0,0,0,33.459834,0.952380952380952,0.42
"1546","SoCal","Dana Point",2023-09-30,"Fall",20,7.52,0.12,0,0,0,0,0,0,0,"Expanded","Historic",0,0,0,0,33.459834,NA,0
"1547","SoCal","Dana Point",2023-09-30,"Fall",14,0,1.14,1,4,93,0,0,0,0,"Expanded","Historic",0,0,0,0,33.459834,0.8,0.93
"1548","SoCal","Dana Point",2023-09-30,"Fall",14,2.6,0.89,0,5,75,0,0,0,0,"Expanded","Historic",0,0,0,0,33.459834,1,0.75
"1549","SoCal","Dana Point",2023-09-30,"Fall",14,3.4,0.64,0,10,100,0,0,0,0,"Expanded","Historic",0,0,0,0,33.459834,1,1
"1550","SoCal","Dana Point",2023-09-30,"Fall",14,3.88,0.39,0.5,0.5,0,0,0,0,0,"Expanded","Historic",0,0,0,0,33.459834,0.5,0
"1551","SoCal","Dana Point",2023-09-30,"Fall",14,6.3,0.14,0,0,0,0,0,0,0,"Expanded","Historic",0,0,0,0,33.459834,NA,0
"1552","SoCal","Dana Point",2023-09-30,"Fall",11,0.1,1.34,0,0,25,0,0,0,0,"Expanded","Historic",0,0,0,0,33.459834,NA,0.25
"1553","SoCal","Dana Point",2023-09-30,"Fall",11,0.74,1.09,0,2,90,0,0,0,0,"Expanded","Historic",0,0,0,0,33.459834,1,0.9
"1554","SoCal","Dana Point",2023-09-30,"Fall",11,1.2,0.84,0,8,75,0,0,0,0,"Expanded","Historic",0,0,0,0,33.459834,1,0.75
"1555","SoCal","Dana Point",2023-09-30,"Fall",11,4.04,0.59,0,12,44,0,0,0,0,"Expanded","Historic",0,0,0,0,33.459834,1,0.44
"1556","SoCal","Dana Point",2023-09-30,"Fall",11,4.36,0.34,0,0,0,0,0,0,0,"Expanded","Historic",0,0,0,0,33.459834,NA,0
"1557","SoCal","Dana Point",2023-09-30,"Fall",2,0,1.01,0.1,4,100,0,0,0,0,"Expanded","Historic",0,0,0,0,33.459834,0.975609756097561,1
"1558","SoCal","Dana Point",2023-09-30,"Fall",2,0.78,0.76,1,11,63,0,0,0,0,"Expanded","Historic",0,0,0,0,33.459834,0.916666666666667,0.63
"1559","SoCal","Dana Point",2023-09-30,"Fall",2,1.5,0.51,0.1,6,75,0,0,0,0,"Expanded","Historic",0,0,0,0,33.459834,0.983606557377049,0.75
"1560","SoCal","Dana Point",2023-09-30,"Fall",2,2.12,0.26,0,0,2,0,0,0,0,"Expanded","Historic",0,0,0,0,33.459834,NA,0.02
"1561","SoCal","Victoria Beach",2023-10-01,"Fall",22,0,1.56,0.5,7,50,0,0,0,0,"Expanded","Historic",0,0,0,0,33.51971,0.933333333333333,0.5
"1562","SoCal","Victoria Beach",2023-10-01,"Fall",22,3.44,1.31,2,2,65,0,0,0,0,"Expanded","Historic",0,0,0,0,33.51971,0.5,0.65
"1563","SoCal","Victoria Beach",2023-10-01,"Fall",22,5.65,1.06,0,3,92,0,0,0,0,"Expanded","Historic",0,0,0,0,33.51971,1,0.92
"1564","SoCal","Victoria Beach",2023-10-01,"Fall",22,6.9,0.81,0,1,25,0,0,0,0,"Expanded","Historic",0,0,0,0,33.51971,1,0.25
"1565","SoCal","Victoria Beach",2023-10-01,"Fall",17,0,1.75,0,2,68,0,3,0,3,"Expanded","Historic",1,0,0,1.38629436111989,33.51971,1,0.68
"1566","SoCal","Victoria Beach",2023-10-01,"Fall",17,0.5,1.5,2,13,55,0,0,0,0,"Expanded","Historic",0,0,0,0,33.51971,0.866666666666667,0.55
"1567","SoCal","Victoria Beach",2023-10-01,"Fall",17,5.52,1.25,7,18,73,0,0,0,0,"Expanded","Historic",0,0,0,0,33.51971,0.72,0.73
"1568","SoCal","Victoria Beach",2023-10-01,"Fall",17,9.38,1,0.3,0.2,3,0,0,0,0,"Expanded","Historic",0,0,0,0,33.51971,0.4,0.03
"1569","SoCal","Victoria Beach",2023-10-01,"Fall",7,0,1.55,1,1,75,0,0,0,0,"Expanded","Historic",0,0,0,0,33.51971,0.5,0.75
"1570","SoCal","Victoria Beach",2023-10-01,"Fall",7,6.28,1.3,5,0,75,0,0,1,0,"Expanded","Historic",0,0,0.693147180559945,0,33.51971,0,0.75
"1571","SoCal","Victoria Beach",2023-10-01,"Fall",7,6.8,1.05,2,28,98,0,0,0,0,"Expanded","Historic",0,0,0,0,33.51971,0.933333333333333,0.98
"1572","SoCal","Victoria Beach",2023-10-01,"Fall",7,7.05,0.8,0.1,9,35,0,0,0,0,"Expanded","Historic",0,0,0,0,33.51971,0.989010989010989,0.35
"1573","SoCal","Victoria Beach",2023-10-01,"Fall",3,0,1.47,1,4,18,0,0,0,0,"Expanded","Historic",0,0,0,0,33.51971,0.8,0.18
"1574","SoCal","Victoria Beach",2023-10-01,"Fall",3,3.31,1.22,0,5,80,0,0,0,0,"Expanded","Historic",0,0,0,0,33.51971,1,0.8
"1575","SoCal","Victoria Beach",2023-10-01,"Fall",3,3.56,0.97,1,5,35,0,0,0,0,"Expanded","Historic",0,0,0,0,33.51971,0.833333333333333,0.35
"1576","SoCal","Victoria Beach",2023-10-01,"Fall",3,3.81,0.72,0,0,3,0,0,0,0,"Expanded","Historic",0,0,0,0,33.51971,NA,0.03
"1577","SoCal","Victoria Beach",2023-10-01,"Fall",2,0.23,1.38,0.2,2,74,0,0,0,0,"Expanded","Historic",0,0,0,0,33.51971,0.909090909090909,0.74
"1578","SoCal","Victoria Beach",2023-10-01,"Fall",2,2.06,1.13,2,9,83,0,0,0,0,"Expanded","Historic",0,0,0,0,33.51971,0.818181818181818,0.83
"1579","SoCal","Victoria Beach",2023-10-01,"Fall",2,2.6,0.88,0,23,95,0,0,0,0,"Expanded","Historic",0,0,0,0,33.51971,1,0.95
"1580","SoCal","Victoria Beach",2023-10-01,"Fall",2,2.85,0.63,0,0,30,0,0,0,0,"Expanded","Historic",0,0,0,0,33.51971,NA,0.3
"1581","SoCal","Goff Island",2023-10-02,"Fall",22,0,1.82,0.1,1,0,0,0,0,0,"Expanded","Historic",0,0,0,0,33.513802,0.909090909090909,0
"1582","SoCal","Goff Island",2023-10-02,"Fall",22,0.69,1.57,0.5,4,0,0,0,0,0,"Expanded","Historic",0,0,0,0,33.513802,0.888888888888889,0
"1583","SoCal","Goff Island",2023-10-02,"Fall",22,11.8,1.32,0.3,0.1,5,0,0,0,0,"Expanded","Historic",0,0,0,0,33.513802,0.25,0.05
"1584","SoCal","Goff Island",2023-10-02,"Fall",22,14.1,1.07,0,0.1,0,0,0,0,0,"Expanded","Historic",0,0,0,0,33.513802,1,0
"1585","SoCal","Goff Island",2023-10-02,"Fall",22,15.36,0.82,0,0,0,0,0,0,0,"Expanded","Historic",0,0,0,0,33.513802,NA,0
"1586","SoCal","Goff Island",2023-10-02,"Fall",17,0,1.89,0.1,95,0,0,0,0,0,"Expanded","Historic",0,0,0,0,33.513802,0.998948475289169,0
"1587","SoCal","Goff Island",2023-10-02,"Fall",17,1.04,1.64,0.5,70,0,0,0,0,0,"Expanded","Historic",0,0,0,0,33.513802,0.99290780141844,0
"1588","SoCal","Goff Island",2023-10-02,"Fall",17,5.16,1.39,0.1,0.5,2,0,0,0,0,"Expanded","Historic",0,0,0,0,33.513802,0.833333333333333,0.02
"1589","SoCal","Goff Island",2023-10-02,"Fall",17,7.6,1.14,0.5,4,60,0,5,0,5,"Expanded","Historic",1,0,0,1.79175946922805,33.513802,0.888888888888889,0.6
"1590","SoCal","Goff Island",2023-10-02,"Fall",17,12.71,0.89,0,0,0,0,0,0,0,"Expanded","Historic",0,0,0,0,33.513802,NA,0
"1591","SoCal","Goff Island",2023-10-02,"Fall",15,3.45,1.87,10,49,0,0,0,0,0,"Expanded","Historic",0,0,0,0,33.513802,0.830508474576271,0
"1592","SoCal","Goff Island",2023-10-02,"Fall",15,4.09,1.62,6,19,0,0,0.5,0,1,"Expanded","Historic",1,0,0,0.693147180559945,33.513802,0.76,0
"1593","SoCal","Goff Island",2023-10-02,"Fall",15,5.86,1.37,13,32,0,0,1,0,1,"Expanded","Historic",1,0,0,0.693147180559945,33.513802,0.711111111111111,0
"1594","SoCal","Goff Island",2023-10-02,"Fall",15,7.08,1.12,0,0,3,0,0,0,0,"Expanded","Historic",0,0,0,0,33.513802,NA,0.03
"1595","SoCal","Goff Island",2023-10-02,"Fall",15,11.99,0.87,0.5,9,9,0,0,0,0,"Expanded","Historic",0,0,0,0,33.513802,0.947368421052632,0.09
"1596","SoCal","Goff Island",2023-10-02,"Fall",15,15.25,0.62,0,0,0,0,0,0,0,"Expanded","Historic",0,0,0,0,33.513802,NA,0
"1597","SoCal","Goff Island",2023-10-02,"Fall",11,8.4,1.66,7,55,1,0,0,0,0,"Expanded","Historic",0,0,0,0,33.513802,0.887096774193548,0.01
"1598","SoCal","Goff Island",2023-10-02,"Fall",11,8.87,1.41,2,4,1,0,1,0,1,"Expanded","Historic",1,0,0,0.693147180559945,33.513802,0.666666666666667,0.01
"1599","SoCal","Goff Island",2023-10-02,"Fall",11,9.26,1.16,0,0.3,4,0,0,0,0,"Expanded","Historic",0,0,0,0,33.513802,1,0.04
"1600","SoCal","Goff Island",2023-10-02,"Fall",11,11.96,0.91,2,43,96,0,0,0,0,"Expanded","Historic",0,0,0,0,33.513802,0.955555555555556,0.96
"1601","SoCal","Goff Island",2023-10-02,"Fall",11,15.2,0.66,0,0,0,0,0,0,0,"Expanded","Historic",0,0,0,0,33.513802,NA,0
"1602","SoCal","Goff Island",2023-10-02,"Fall",10,0,1.77,0.4,5,0,0,0,0,0,"Expanded","Historic",0,0,0,0,33.513802,0.925925925925926,0
"1603","SoCal","Goff Island",2023-10-02,"Fall",10,8.42,1.52,12,13,0,0,5,0,5,"Expanded","Historic",1,0,0,1.79175946922805,33.513802,0.52,0
"1604","SoCal","Goff Island",2023-10-02,"Fall",10,8.9,1.27,3,1,5,0,0,0,0,"Expanded","Historic",0,0,0,0,33.513802,0.25,0.05
"1605","SoCal","Goff Island",2023-10-02,"Fall",10,13.88,1.02,1,17,25,0,0,0,0,"Expanded","Historic",0,0,0,0,33.513802,0.944444444444444,0.25
"1606","SoCal","Goff Island",2023-10-02,"Fall",10,14.6,0.77,0,0,0,0,0,0,0,"Expanded","Historic",0,0,0,0,33.513802,NA,0
"1607","SoCal","Shaw's Cove",2023-10-17,"Fall",22,0,1.3,22,46,6,0,0,0,0,"NA","Historic",0,0,0,0,33.544786,0.676470588235294,0.06
"1608","SoCal","Shaw's Cove",2023-10-17,"Fall",22,4.81,1.05,1,8,75,0,0,0,0,"NA","Historic",0,0,0,0,33.544786,0.888888888888889,0.75
"1609","SoCal","Shaw's Cove",2023-10-17,"Fall",22,7.05,0.8,1,7,34,0,0,0,0,"NA","Historic",0,0,0,0,33.544786,0.875,0.34
"1610","SoCal","Shaw's Cove",2023-10-17,"Fall",22,8.45,0.55,0,15,25,0,0,0,0,"NA","Historic",0,0,0,0,33.544786,1,0.25
"1611","SoCal","Shaw's Cove",2023-10-17,"Fall",22,9.5,0.3,0,0.4,4,0,0,0,0,"NA","Historic",0,0,0,0,33.544786,1,0.04
"1612","SoCal","Shaw's Cove",2023-10-17,"Fall",19,0,1.15,8,62,14,0,0,0,0,"NA","Historic",0,0,0,0,33.544786,0.885714285714286,0.14
"1613","SoCal","Shaw's Cove",2023-10-17,"Fall",19,5.51,0.9,0.2,1,21,0,0,0,0,"NA","Historic",0,0,0,0,33.544786,0.833333333333333,0.21
"1614","SoCal","Shaw's Cove",2023-10-17,"Fall",19,6.8,0.65,0.5,4,37,0,0,0,0,"NA","Historic",0,0,0,0,33.544786,0.888888888888889,0.37
"1615","SoCal","Shaw's Cove",2023-10-17,"Fall",19,9.08,0.4,0,3,6,0,0,0,0,"NA","Historic",0,0,0,0,33.544786,1,0.06
"1616","SoCal","Shaw's Cove",2023-10-17,"Fall",10,0,1.14,10,22,18,0,0,0,0,"NA","Historic",0,0,0,0,33.544786,0.6875,0.18
"1617","SoCal","Shaw's Cove",2023-10-17,"Fall",10,3.92,0.89,0,2,35,0,0,0,0,"NA","Historic",0,0,0,0,33.544786,1,0.35
"1618","SoCal","Shaw's Cove",2023-10-17,"Fall",10,5.2,0.64,5,24,55,0.5,0,1,0,"NA","Historic",0,1,0.693147180559945,0,33.544786,0.827586206896552,0.55
"1619","SoCal","Shaw's Cove",2023-10-17,"Fall",10,6.2,0.39,1,24,50,0,0,0,0,"NA","Historic",0,0,0,0,33.544786,0.96,0.5
"1620","SoCal","Shaw's Cove",2023-10-17,"Fall",7,0.32,1.61,2,31,4,0,0,0,0,"NA","Historic",0,0,0,0,33.544786,0.939393939393939,0.04
"1621","SoCal","Shaw's Cove",2023-10-17,"Fall",7,0.72,1.36,1,14,8,0,0,0,0,"NA","Historic",0,0,0,0,33.544786,0.933333333333333,0.08
"1622","SoCal","Shaw's Cove",2023-10-17,"Fall",7,8.78,1.11,0,0,45,0,0,0,0,"NA","Historic",0,0,0,0,33.544786,NA,0.45
"1623","SoCal","Shaw's Cove",2023-10-17,"Fall",7,10.2,0.86,0,0,5,0,0,0,0,"NA","Historic",0,0,0,0,33.544786,NA,0.05
"1624","SoCal","Shaw's Cove",2023-10-17,"Fall",5,0,1.84,2,42,0,0,0,0,0,"NA","Historic",0,0,0,0,33.544786,0.954545454545455,0
"1625","SoCal","Shaw's Cove",2023-10-17,"Fall",5,0.86,1.59,2,55,0,0,0,0,0,"NA","Historic",0,0,0,0,33.544786,0.964912280701754,0
"1626","SoCal","Shaw's Cove",2023-10-17,"Fall",5,2.4,1.34,2,36,6,0,0,0,0,"NA","Historic",0,0,0,0,33.544786,0.947368421052632,0.06
"1627","SoCal","Shaw's Cove",2023-10-17,"Fall",5,4.49,1.09,0.3,2,18,0,0,0,0,"NA","Historic",0,0,0,0,33.544786,0.869565217391304,0.18
"1628","SoCal","Shaw's Cove",2023-10-17,"Fall",5,9.91,0.84,0,0,3,0,0,0,0,"NA","Historic",0,0,0,0,33.544786,NA,0.03
"1629","SoCal","Cardiff",2023-10-26,"Fall",23,0.39,1.2,0.2,4,86,0,0,0,0,"Expanded","Historic",0,0,0,0,32.999898,0.952380952380952,0.86
"1630","SoCal","Cardiff",2023-10-26,"Fall",23,0.77,0.95,0,2,25,0,0,0,0,"Expanded","Historic",0,0,0,0,32.999898,1,0.25
"1631","SoCal","Cardiff",2023-10-26,"Fall",12,0,1.18,2,12,82,0,0,0,0,"Expanded","Historic",0,0,0,0,32.999898,0.857142857142857,0.82
"1632","SoCal","Cardiff",2023-10-26,"Fall",12,0.73,0.93,0,25,35,0,0,0,0,"Expanded","Historic",0,0,0,0,32.999898,1,0.35
"1633","SoCal","Cardiff",2023-10-26,"Fall",12,0.98,0.68,0,0,0,0,0,0,0,"Expanded","Historic",0,0,0,0,32.999898,NA,0
"1634","SoCal","Cardiff",2023-10-26,"Fall",8,0,1.14,0.1,15,100,0,1,0,1,"Expanded","Historic",1,0,0,0.693147180559945,32.999898,0.993377483443709,1
"1635","SoCal","Cardiff",2023-10-26,"Fall",8,0.73,0.89,0,45,80,0,0,0,0,"Expanded","Historic",0,0,0,0,32.999898,1,0.8
"1636","SoCal","Cardiff",2023-10-26,"Fall",8,0.98,0.64,0,0,0,1,0,1,0,"Expanded","Historic",0,1,0.693147180559945,0,32.999898,NA,0
"1637","SoCal","Cardiff",2023-10-26,"Fall",8,1.62,0.39,0,0,0,0,0,0,0,"Expanded","Historic",0,0,0,0,32.999898,NA,0
"1638","SoCal","Cardiff",2023-10-26,"Fall",5,0,1.06,0.1,2,77,0,0,0,0,"Expanded","Historic",0,0,0,0,32.999898,0.952380952380952,0.77
"1639","SoCal","Cardiff",2023-10-26,"Fall",5,0.75,0.81,0,2,9,0.5,0,1,0,"Expanded","Historic",0,1,0.693147180559945,0,32.999898,1,0.09
"1640","SoCal","Cardiff",2023-10-26,"Fall",5,1.01,0.56,0,0.3,0,0,0,0,0,"Expanded","Historic",0,0,0,0,32.999898,1,0
"1641","SoCal","Cardiff",2023-10-26,"Fall",0,0,0.9,3,42,94,0,0,0,0,"Expanded","Historic",0,0,0,0,32.999898,0.933333333333333,0.94
"1642","SoCal","Cardiff",2023-10-26,"Fall",0,0.65,0.65,0,0,1,0,0,0,0,"Expanded","Historic",0,0,0,0,32.999898,NA,0.01
"1643","SoCal","Cardiff",2023-10-26,"Fall",0,0.85,0.4,0,0,0,0,0,0,0,"Expanded","Historic",0,0,0,0,32.999898,NA,0
"1644","SoCal","Little Corona",2023-10-28,"Fall",4,0,1.5,15,45,0,0,0,0,0,"NA","Historic",0,0,0,0,33.589036,0.75,0
"1645","SoCal","Little Corona",2023-10-28,"Fall",4,10.3,1.25,0,7,90,0,0,0,0,"NA","Historic",0,0,0,0,33.589036,1,0.9
"1646","SoCal","Little Corona",2023-10-28,"Fall",4,11.24,1,3,55,100,0,0,0,0,"NA","Historic",0,0,0,0,33.589036,0.948275862068966,1
"1647","SoCal","Little Corona",2023-10-28,"Fall",4,11.51,0.75,1,21,30,0,0,0,0,"NA","Historic",0,0,0,0,33.589036,0.954545454545455,0.3
"1648","SoCal","Little Corona",2023-10-28,"Fall",4,11.8,0.5,0,0,0,0,0,0,0,"NA","Historic",0,0,0,0,33.589036,NA,0
"1649","SoCal","Little Corona",2023-10-28,"Fall",4,14.2,0.25,0,0,2,0,0,0,0,"NA","Historic",0,0,0,0,33.589036,NA,0.02
"1650","SoCal","Little Corona",2023-10-28,"Fall",6,5.7,2.14,5,40,6,0,0,0,0,"NA","Historic",0,0,0,0,33.589036,0.888888888888889,0.06
"1651","SoCal","Little Corona",2023-10-28,"Fall",6,6.03,1.89,4,22,18,0,0,0,0,"NA","Historic",0,0,0,0,33.589036,0.846153846153846,0.18
"1652","SoCal","Little Corona",2023-10-28,"Fall",6,6.45,1.64,7,43,13,0,0,0,0,"NA","Historic",0,0,0,0,33.589036,0.86,0.13
"1653","SoCal","Little Corona",2023-10-28,"Fall",6,6.9,1.39,0.2,15,50,0,0,0,0,"NA","Historic",0,0,0,0,33.589036,0.986842105263158,0.5
"1654","SoCal","Little Corona",2023-10-28,"Fall",6,7.15,1.14,2,20,30,0,0,0,0,"NA","Historic",0,0,0,0,33.589036,0.909090909090909,0.3
"1655","SoCal","Little Corona",2023-10-28,"Fall",6,10.52,0.89,3,40,85,0,0,0,0,"NA","Historic",0,0,0,0,33.589036,0.930232558139535,0.85
"1656","SoCal","Little Corona",2023-10-28,"Fall",6,12.58,0.64,2,20,30,0,0,0,0,"NA","Historic",0,0,0,0,33.589036,0.909090909090909,0.3
"1657","SoCal","Little Corona",2023-10-28,"Fall",6,13,0.39,0,0.2,2,0,0,0,0,"NA","Historic",0,0,0,0,33.589036,1,0.02
"1658","SoCal","Little Corona",2023-10-28,"Fall",3,8.05,1.7,3,40,6,0,0,0,0,"NA","Historic",0,0,0,0,33.589036,0.930232558139535,0.06
"1659","SoCal","Little Corona",2023-10-28,"Fall",3,8.36,1.45,2,5,37,0,0,0,0,"NA","Historic",0,0,0,0,33.589036,0.714285714285714,0.37
"1660","SoCal","Little Corona",2023-10-28,"Fall",3,9.44,1.2,3,17,100,0,0,0,0,"NA","Historic",0,0,0,0,33.589036,0.85,1
"1661","SoCal","Little Corona",2023-10-28,"Fall",3,13.1,0.95,2,20,60,0,0,0,0,"NA","Historic",0,0,0,0,33.589036,0.909090909090909,0.6
"1662","SoCal","Little Corona",2023-10-28,"Fall",3,13.93,0.7,1,25,100,0,0,0,0,"NA","Historic",0,0,0,0,33.589036,0.961538461538462,1
"1663","SoCal","Little Corona",2023-10-28,"Fall",3,14.48,0.45,1,4,6,0,0,0,0,"NA","Historic",0,0,0,0,33.589036,0.8,0.06
"1664","SoCal","Little Corona",2023-10-28,"Fall",13,5.6,1.33,0.1,3,94,0,0,0,0,"NA","Historic",0,0,0,0,33.589036,0.967741935483871,0.94
"1665","SoCal","Little Corona",2023-10-28,"Fall",13,6.18,1.08,0,2,84,0,0,0,0,"NA","Historic",0,0,0,0,33.589036,1,0.84
"1666","SoCal","Little Corona",2023-10-28,"Fall",13,6.43,0.83,0.1,4,55,0,0,0,0,"NA","Historic",0,0,0,0,33.589036,0.975609756097561,0.55
"1667","SoCal","Little Corona",2023-10-28,"Fall",13,9.4,0.58,0.2,10,47,0,0,0,0,"NA","Historic",0,0,0,0,33.589036,0.980392156862745,0.47
"1668","SoCal","Little Corona",2023-10-28,"Fall",13,9.67,0.33,0,0,0,0,0,0,0,"NA","Historic",0,0,0,0,33.589036,NA,0
"1669","SoCal","Little Corona",2023-10-28,"Fall",16,0,1.42,5,65,6,0,0,0,0,"NA","Historic",0,0,0,0,33.589036,0.928571428571429,0.06
"1670","SoCal","Little Corona",2023-10-28,"Fall",16,2.14,1.17,0.3,6,40,0,0,0,0,"NA","Historic",0,0,0,0,33.589036,0.952380952380952,0.4
"1671","SoCal","Little Corona",2023-10-28,"Fall",16,2.44,0.92,0.2,12,80,0,0,0,0,"NA","Historic",0,0,0,0,33.589036,0.983606557377049,0.8
"1672","SoCal","Little Corona",2023-10-28,"Fall",16,6.66,0.67,0.1,8,23,0,0,0,0,"NA","Historic",0,0,0,0,33.589036,0.987654320987654,0.23
"1673","SoCal","Little Corona",2023-10-28,"Fall",16,6.93,0.42,0,0,0,0,0,0,0,"NA","Historic",0,0,0,0,33.589036,NA,0
"1674","SoCal","Crystal Cove",2023-10-27,"Fall",23,3.68,1.41,2,15,40,1,0,2,0,"NA","Historic",0,1,1.09861228866811,0,33.568614,0.882352941176471,0.4
"1675","SoCal","Crystal Cove",2023-10-27,"Fall",23,9.32,1.16,0,2,99,0,0,0,0,"NA","Historic",0,0,0,0,33.568614,1,0.99
"1676","SoCal","Crystal Cove",2023-10-27,"Fall",23,12,0.91,0.2,6,9,0,0,0,0,"NA","Historic",0,0,0,0,33.568614,0.967741935483871,0.09
"1677","SoCal","Crystal Cove",2023-10-27,"Fall",18,0.3,1.32,1,25,0,0,0,0,0,"NA","Historic",0,0,0,0,33.568614,0.961538461538462,0
"1678","SoCal","Crystal Cove",2023-10-27,"Fall",18,2.05,1.07,0,2,5,0,0,0,0,"NA","Historic",0,0,0,0,33.568614,1,0.05
"1679","SoCal","Crystal Cove",2023-10-27,"Fall",18,16.84,0.82,0,8,75,0.5,0,1,0,"NA","Historic",0,1,0.693147180559945,0,33.568614,1,0.75
"1680","SoCal","Crystal Cove",2023-10-27,"Fall",18,17.1,0.57,0,0,0,0,0,0,0,"NA","Historic",0,0,0,0,33.568614,NA,0
"1681","SoCal","Crystal Cove",2023-10-27,"Fall",9,0,1.64,0.3,5,65,0,0,0,0,"NA","Historic",0,0,0,0,33.568614,0.943396226415094,0.65
"1682","SoCal","Crystal Cove",2023-10-27,"Fall",9,0.99,1.39,2,7,60,0,0,0,0,"NA","Historic",0,0,0,0,33.568614,0.777777777777778,0.6
"1683","SoCal","Crystal Cove",2023-10-27,"Fall",9,1.25,1.14,0,3,8,0,0,0,0,"NA","Historic",0,0,0,0,33.568614,1,0.08
"1684","SoCal","Crystal Cove",2023-10-27,"Fall",9,11.96,0.89,0,0,0,0,0,0,0,"NA","Historic",0,0,0,0,33.568614,NA,0
"1685","SoCal","Crystal Cove",2023-10-27,"Fall",9,13,0.64,0,0,0,0,0,0,0,"NA","Historic",0,0,0,0,33.568614,NA,0
"1686","SoCal","Crystal Cove",2023-10-27,"Fall",4,0,2.05,25,25,18,0,0,0,0,"NA","Historic",0,0,0,0,33.568614,0.5,0.18
"1687","SoCal","Crystal Cove",2023-10-27,"Fall",4,0.62,1.8,0.2,0.2,30,0,0,0,0,"NA","Historic",0,0,0,0,33.568614,0.5,0.3
"1688","SoCal","Crystal Cove",2023-10-27,"Fall",4,4.1,1.55,0,0.5,98,0,0,0,0,"NA","Historic",0,0,0,0,33.568614,1,0.98
"1689","SoCal","Crystal Cove",2023-10-27,"Fall",4,4.54,1.3,0,1,80,0,0,0,0,"NA","Historic",0,0,0,0,33.568614,1,0.8
"1690","SoCal","Crystal Cove",2023-10-27,"Fall",4,4.96,1.05,0,9,0,0,0,0,0,"NA","Historic",0,0,0,0,33.568614,1,0
"1691","SoCal","Crystal Cove",2023-10-27,"Fall",4,6.65,0.8,0,0,0,0,0,0,0,"NA","Historic",0,0,0,0,33.568614,NA,0
"1692","SoCal","Crystal Cove",2023-10-27,"Fall",4,7.5,0.55,0,0,0,0,0,0,0,"NA","Historic",0,0,0,0,33.568614,NA,0
"1693","SoCal","Crystal Cove",2023-10-27,"Fall",0,0,1.17,0.5,6,85,0.5,0,1,0,"NA","Historic",0,1,0.693147180559945,0,33.568614,0.923076923076923,0.85
"1694","SoCal","Crystal Cove",2023-10-27,"Fall",0,0.44,0.92,2,6,0,0,0,0,0,"NA","Historic",0,0,0,0,33.568614,0.75,0
"1695","SoCal","Crystal Cove",2023-10-27,"Fall",0,0.7,0.67,0,0,0,0,0,0,0,"NA","Historic",0,0,0,0,33.568614,NA,0
"1696","SoCal","Crystal Cove",2023-10-27,"Fall",0,1.9,0.42,0,0,0,0,0,0,0,"NA","Historic",0,0,0,0,33.568614,NA,0
"1697","SoCal","Scripps",2023-10-29,"Fall",17,0,1.27,0,5,8,0,0,0,0,"Expanded","Historic",0,0,0,0,32.871258,1,0.08
"1698","SoCal","Scripps",2023-10-29,"Fall",17,0.83,1.02,0.1,5,21,0,0,0,0,"Expanded","Historic",0,0,0,0,32.871258,0.980392156862745,0.21
"1699","SoCal","Scripps",2023-10-29,"Fall",17,1.34,0.77,0.1,4,16,1,0,4,0,"Expanded","Historic",0,1,1.6094379124341,0,32.871258,0.975609756097561,0.16
"1700","SoCal","Scripps",2023-10-29,"Fall",17,1.65,0.52,0,18,0,0,0,0,0,"Expanded","Historic",0,0,0,0,32.871258,1,0
"1701","SoCal","Scripps",2023-10-29,"Fall",17,8.64,0.27,0,0,0,0,0,0,0,"Expanded","Historic",0,0,0,0,32.871258,NA,0
"1702","SoCal","Scripps",2023-10-29,"Fall",16,0,1.52,0,3,8,0,0,0,0,"Expanded","Historic",0,0,0,0,32.871258,1,0.08
"1703","SoCal","Scripps",2023-10-29,"Fall",16,0.91,1.27,0,2,15,0,0,0,0,"Expanded","Historic",0,0,0,0,32.871258,1,0.15
"1704","SoCal","Scripps",2023-10-29,"Fall",16,1.23,1.02,0,4,58,0,0,0,0,"Expanded","Historic",0,0,0,0,32.871258,1,0.58
"1705","SoCal","Scripps",2023-10-29,"Fall",16,1.59,0.77,0,8,2,0,0,0,0,"Expanded","Historic",0,0,0,0,32.871258,1,0.02
"1706","SoCal","Scripps",2023-10-29,"Fall",16,2.16,0.52,0,0,0,0,0,0,0,"Expanded","Historic",0,0,0,0,32.871258,NA,0
"1707","SoCal","Scripps",2023-10-29,"Fall",16,7.17,0.27,0.1,41,0,1,0,6,0,"Expanded","Historic",0,1,1.94591014905531,0,32.871258,0.997566909975669,0
"1708","SoCal","Scripps",2023-10-29,"Fall",15,0,1.46,5,60,5,0,0,0,0,"Expanded","Historic",0,0,0,0,32.871258,0.923076923076923,0.05
"1709","SoCal","Scripps",2023-10-29,"Fall",15,0.84,1.21,0.1,5,22,0,0,0,0,"Expanded","Historic",0,0,0,0,32.871258,0.980392156862745,0.22
"1710","SoCal","Scripps",2023-10-29,"Fall",15,1.27,0.96,0.4,20,94,1,1,2,3,"Expanded","Historic",1,1,1.09861228866811,1.38629436111989,32.871258,0.980392156862745,0.94
"1711","SoCal","Scripps",2023-10-29,"Fall",15,1.63,0.71,1,21,55,1,0,3,0,"Expanded","Historic",0,1,1.38629436111989,0,32.871258,0.954545454545455,0.55
"1712","SoCal","Scripps",2023-10-29,"Fall",15,2.16,0.46,6,2,3,0,0,0,0,"Expanded","Historic",0,0,0,0,32.871258,0.25,0.03
"1713","SoCal","Scripps",2023-10-29,"Fall",15,8.56,0.21,0,5,0,1,0,1,0,"Expanded","Historic",0,1,0.693147180559945,0,32.871258,1,0
"1714","SoCal","Scripps",2023-10-29,"Fall",11,0,1.57,1,3,7,0,2,0,2,"Expanded","Historic",1,0,0,1.09861228866811,32.871258,0.75,0.07
"1715","SoCal","Scripps",2023-10-29,"Fall",11,0.61,1.32,0,0.3,7,0,0,0,0,"Expanded","Historic",0,0,0,0,32.871258,1,0.07
"1716","SoCal","Scripps",2023-10-29,"Fall",11,1.09,1.07,0,5,28,0,0,0,0,"Expanded","Historic",0,0,0,0,32.871258,1,0.28
"1717","SoCal","Scripps",2023-10-29,"Fall",11,2.4,0.82,0.5,5,0,0,0,0,0,"Expanded","Historic",0,0,0,0,32.871258,0.909090909090909,0
"1718","SoCal","Scripps",2023-10-29,"Fall",11,8.28,0.57,3,85,0,0,0,0,0,"Expanded","Historic",0,0,0,0,32.871258,0.965909090909091,0
"1719","SoCal","Scripps",2023-10-29,"Fall",11,11.7,0.32,0,15,0,0,0,0,0,"Expanded","Historic",0,0,0,0,32.871258,1,0
"1720","SoCal","Scripps",2023-10-29,"Fall",11,13.2,0.07,0,0,0,2,0,2,0,"Expanded","Historic",0,1,1.09861228866811,0,32.871258,NA,0
"1721","SoCal","Scripps",2023-10-29,"Fall",9,0.8,1.2,0.5,18,20,0,0,0,0,"Expanded","Historic",0,0,0,0,32.871258,0.972972972972973,0.2
"1722","SoCal","Scripps",2023-10-29,"Fall",9,1.4,0.95,0.5,9,35,0,0,0,0,"Expanded","Historic",0,0,0,0,32.871258,0.947368421052632,0.35
"1723","SoCal","Scripps",2023-10-29,"Fall",9,3.12,0.7,0.2,1,8,0,0,0,0,"Expanded","Historic",0,0,0,0,32.871258,0.833333333333333,0.08
"1724","SoCal","Scripps",2023-10-29,"Fall",9,3.37,0.45,0,0,0,0,0,0,0,"Expanded","Historic",0,0,0,0,32.871258,NA,0
"1725","SoCal","Scripps",2023-10-29,"Fall",9,7.3,0.2,0,25,0,0,0,0,0,"Expanded","Historic",0,0,0,0,32.871258,1,0
"1726","SoCal","Scripps",2023-10-29,"Fall",9,9.03,-0.05,0,0,0,0.5,0,1,0,"Expanded","Historic",0,1,0.693147180559945,0,32.871258,NA,0
"1727","SoCal","Cabrillo",2023-10-30,"Fall",25,0.1,0.94,0.1,3,0,0,0,0,0,"Expanded","Historic",0,0,0,0,32.667746,0.967741935483871,0
"1728","SoCal","Cabrillo",2023-10-30,"Fall",25,0.54,0.69,0.1,2,0,0,0,0,0,"Expanded","Historic",0,0,0,0,32.667746,0.952380952380952,0
"1729","SoCal","Cabrillo",2023-10-30,"Fall",25,0.82,0.44,0,1,0,0,0,0,0,"Expanded","Historic",0,0,0,0,32.667746,1,0
"1730","SoCal","Cabrillo",2023-10-30,"Fall",25,6.14,0.19,0,0,0,0,0,0,0,"Expanded","Historic",0,0,0,0,32.667746,NA,0
"1731","SoCal","Cabrillo",2023-10-30,"Fall",5,0,1.26,0.1,1,0.6,0,0,0,0,"Expanded","Historic",0,0,0,0,32.667746,0.909090909090909,0.006
"1732","SoCal","Cabrillo",2023-10-30,"Fall",5,1.25,1.01,0,0,0.3,0,1,0,1,"Expanded","Historic",1,0,0,0.693147180559945,32.667746,NA,0.003
"1733","SoCal","Cabrillo",2023-10-30,"Fall",5,2.59,0.76,0,1,0,0,0,0,0,"Expanded","Historic",0,0,0,0,32.667746,1,0
"1734","SoCal","Cabrillo",2023-10-30,"Fall",5,3.78,0.51,0,0,0,0,0,0,0,"Expanded","Historic",0,0,0,0,32.667746,NA,0
"1735","SoCal","Cabrillo",2023-10-30,"Fall",5,4.05,0.26,0,0,0,0,0,0,0,"Expanded","Historic",0,0,0,0,32.667746,NA,0
"1736","SoCal","Cabrillo",2023-10-30,"Fall",5,6,0.01,0,0,0,0,0,0,0,"Expanded","Historic",0,0,0,0,32.667746,NA,0
"1737","SoCal","Cabrillo",2023-10-30,"Fall",9,0,1.17,1,2,0,0,0,0,0,"Expanded","Historic",0,0,0,0,32.667746,0.666666666666667,0
"1738","SoCal","Cabrillo",2023-10-30,"Fall",9,3,0.92,12,17,0,0,0,0,0,"Expanded","Historic",0,0,0,0,32.667746,0.586206896551724,0
"1739","SoCal","Cabrillo",2023-10-30,"Fall",9,3.5,0.67,2,9,0,0,0,0,0,"Expanded","Historic",0,0,0,0,32.667746,0.818181818181818,0
"1740","SoCal","Cabrillo",2023-10-30,"Fall",9,3.97,0.42,0,0,0,0,0,0,0,"Expanded","Historic",0,0,0,0,32.667746,NA,0
"1741","SoCal","Cabrillo",2023-10-30,"Fall",9,5.12,0.17,0,0,0,0,0,0,0,"Expanded","Historic",0,0,0,0,32.667746,NA,0
"1742","SoCal","Cabrillo",2023-10-30,"Fall",8,2.25,1.32,2,14,0,0,0,0,0,"Expanded","Historic",0,0,0,0,32.667746,0.875,0
"1743","SoCal","Cabrillo",2023-10-30,"Fall",8,2.85,1.07,3,16,0,0,0,0,0,"Expanded","Historic",0,0,0,0,32.667746,0.842105263157895,0
"1744","SoCal","Cabrillo",2023-10-30,"Fall",8,3.37,0.82,2,20,0,0,0,0,0,"Expanded","Historic",0,0,0,0,32.667746,0.909090909090909,0
"1745","SoCal","Cabrillo",2023-10-30,"Fall",8,3.9,0.57,0,0.3,0,0,0,0,1,"Expanded","Historic",0,0,0,0.693147180559945,32.667746,1,0
"1746","SoCal","Cabrillo",2023-10-30,"Fall",8,4.19,0.32,0,0,0,0,0,0,0,"Expanded","Historic",0,0,0,0,32.667746,NA,0
"1747","SoCal","Cabrillo",2023-10-30,"Fall",8,4.75,0.07,0,0,0,0,0,0,0,"Expanded","Historic",0,0,0,0,32.667746,NA,0
"1748","SoCal","Cabrillo",2023-10-30,"Fall",0,0,0.88,0,0,0,0,0,0,0,"Expanded","Historic",0,0,0,0,32.667746,NA,0
"1749","SoCal","Cabrillo",2023-10-30,"Fall",0,0.35,0.63,0,0,0,0,0,0,0,"Expanded","Historic",0,0,0,0,32.667746,NA,0
"1750","SoCal","Cabrillo",2023-10-30,"Fall",0,0.65,0.38,0,0,0,1,0,1,0,"Expanded","Historic",0,1,0.693147180559945,0,32.667746,NA,0
"1751","SoCal","Cabrillo",2023-10-30,"Fall",0,4.4,0.13,0,0,0,0.5,0,1,0,"Expanded","Historic",0,1,0.693147180559945,0,32.667746,NA,0
"1752","SoCal","Cabrillo",2023-10-30,"Fall",0,7.8,-0.12,0,0,0,0,0,0,0,"Expanded","Historic",0,0,0,0,32.667746,NA,0
