Entered_By,QAQC_By,Region,Site,Survey_Date,Vert_Transect_Dist_m,Quad_Dist_m,Species,Total_Length,Timed_Count_Conducted,In_Timed_Count,Remote_ID,Whelk_TH_m,Notes
RB,AA,SoCal,Victoria Beach,4/19/2022,24,3.65,As,10.69,N,N,NA,0.42,Mussel bed - no TC for Victoria during Spr2022 survey due to rough waves
RB,AA,SoCal,Victoria Beach,4/19/2022,24,1.04,M,28.2,N,N,NA,1.67,Mussel bed - no TC for Victoria during Spr2022 survey due to rough waves
RB,AA,SoCal,Victoria Beach,4/19/2022,5,1.1,Ne,21.8,N,N,NA,1.21,Mussel bed - no TC for Victoria during Spr2022 survey due to rough waves
RB,AA,SoCal,Victoria Beach,4/19/2022,13,3.84,As,18.1,N,N,NA,1.07,Mussel bed - no TC for Victoria during Spr2022 survey due to rough waves
RB,AA,SoCal,Victoria Beach,4/19/2022,13,3.84,As,14.9,N,N,NA,1.07,Mussel bed - no TC for Victoria during Spr2022 survey due to rough waves
RB,AA,SoCal,Victoria Beach,4/19/2022,13,3.84,As,15.7,N,N,NA,1.07,Mussel bed - no TC for Victoria during Spr2022 survey due to rough waves
RB,AA,SoCal,Victoria Beach,4/19/2022,13,3.84,M,19.9,N,N,NA,1.07,Mussel bed - no TC for Victoria during Spr2022 survey due to rough waves
RB,AA,SoCal,Victoria Beach,4/19/2022,13,3.84,M,21.1,N,N,NA,1.07,Mussel bed - no TC for Victoria during Spr2022 survey due to rough waves
RB,AA,SoCal,Victoria Beach,4/19/2022,13,1.63,As,19.9,N,N,NA,1.32,Mussel bed - no TC for Victoria during Spr2022 survey due to rough waves
RB,AA,SoCal,Victoria Beach,4/19/2022,12,3.7,M,33.4,N,N,NA,1.04,Mussel bed - no TC for Victoria during Spr2022 survey due to rough waves
RB,AA,SoCal,Victoria Beach,4/19/2022,12,3.7,As,11.6,N,N,NA,1.04,Mussel bed - no TC for Victoria during Spr2022 survey due to rough waves
RB,AA,SoCal,Victoria Beach,4/19/2022,12,3.7,As,11.8,N,N,NA,1.04,Mussel bed - no TC for Victoria during Spr2022 survey due to rough waves
RB,AA,SoCal,Victoria Beach,4/19/2022,10,3.3,As,16.5,N,N,NA,0.68,Mussel bed - no TC for Victoria during Spr2022 survey due to rough waves
RB,AA,SoCal,Victoria Beach,4/19/2022,10,3.3,As,17.6,N,N,NA,0.68,Mussel bed - no TC for Victoria during Spr2022 survey due to rough waves
RB,AA,SoCal,Victoria Beach,4/19/2022,10,3.3,As,21,N,N,NA,0.68,Mussel bed - no TC for Victoria during Spr2022 survey due to rough waves
RB,AA,SoCal,Victoria Beach,4/19/2022,10,3.3,As,10,N,N,NA,0.68,Mussel bed - no TC for Victoria during Spr2022 survey due to rough waves
RB,AA,SoCal,Victoria Beach,4/19/2022,10,2.4,M,21.1,N,N,NA,0.93,Mussel bed - no TC for Victoria during Spr2022 survey due to rough waves
RB,AA,SoCal,Victoria Beach,4/19/2022,10,2.4,As,15.4,N,N,NA,0.93,Mussel bed - no TC for Victoria during Spr2022 survey due to rough waves
RB,AA,SoCal,Victoria Beach,4/19/2022,10,1.84,M,13.3,N,N,NA,1.18,Mussel bed - no TC for Victoria during Spr2022 survey due to rough waves
RB,AA,SoCal,Victoria Beach,4/19/2022,10,0,M,NA,N,N,NA,1.43,Whelk not measured 
RB,AA,SoCal,Swami's,4/15/2022,1,9.88,M,29.2,Y,N,NA,1.06,
RB,AA,SoCal,Shaw's Cove,4/20/2022,8,8.15,As,16.5,Y,N,NA,0.83,
RB,AA,SoCal,Shaw's Cove,4/20/2022,15,7.51,As,20.6,Y,N,NA,0.51,
RB,AA,SoCal,Shaw's Cove,4/20/2022,15,7.31,As,17.7,Y,Y,NA,0.64,
RB,AA,SoCal,Shaw's Cove,4/20/2022,15,8,As,21.9,Y,N,NA,0.39,
RB,AA,SoCal,Shaw's Cove,4/20/2022,15,8,As,18.7,Y,N,NA,0.39,
RB,AA,SoCal,Shaw's Cove,4/20/2022,15,8.08,As,19.2,Y,N,NA,0.39,
RB,AA,SoCal,Shaw's Cove,4/20/2022,15,8.08,As,22,Y,N,NA,0.39,
RB,AA,SoCal,Shaw's Cove,4/20/2022,15,8.08,As,16.9,Y,Y,NA,0.39,
RB,AA,SoCal,Shaw's Cove,4/20/2022,13,4.64,Ne,24.6,Y,N,NA,1.11,
RB,AA,SoCal,Crystal Cove,4/21/2022,1,1.9,As,15.1,Y,N,NA,0.9,
RB,AA,SoCal,Crystal Cove,4/21/2022,1,1.18,As,13.6,Y,N,NA,1.15,
RB,AA,SoCal,Cabrillo,4/24/2022,23,0.53,M,22.5,N,N,NA,0.53,
RB,AA,SoCal,Cabrillo,4/24/2022,23,1.19,M,29.6,N,N,NA,0.28,
RB,AA,SoCal,Cabrillo,4/24/2022,23,1.19,M,28.7,N,N,NA,0.28,
RB,AA,SoCal,Cabrillo,4/24/2022,1,1.11,M,13.1,N,N,NA,0.68,
RB,AA,SoCal,Cabrillo,4/24/2022,1,1.11,M,22,N,N,NA,0.68,
RB,AA,SoCal,Cabrillo,4/24/2022,1,7.03,M,27,N,N,NA,-0.07,
RB,AA,SoCal,Cabrillo,4/24/2022,1,7.03,M,24.4,N,N,NA,-0.07,
RB,AA,SoCal,Cabrillo,4/24/2022,2,4.95,M,24.6,N,N,NA,0.25,
RB,AA,SoCal,Cabrillo,4/24/2022,2,4.95,M,27.1,N,N,NA,0.25,
RB,AA,SoCal,Cabrillo,4/24/2022,5,0.99,M,29.5,N,N,NA,0.82,
RB,AA,SoCal,Goff Island,4/26/2022,7,10.4,M,12.9,Y,N,NA,1.29,
RB,AA,SoCal,Goff Island,4/26/2022,4,12.73,M,24.5,Y,N,NA,0.6,
RB,AA,SoCal,Goff Island,4/26/2022,9,9.55,M,15.9,Y,N,NA,1.28,
RB,AA,SoCal,Goff Island,4/26/2022,6,1.09,M,30.1,Y,N,NA,1.09,
RB,AA,SoCal,Goff Island,4/26/2022,6,1.09,M,27.3,Y,N,NA,1.09,
RB,AA,SoCal,Goff Island,4/26/2022,6,1.09,M,27.2,Y,N,NA,1.09,
RB,AA,SoCal,Goff Island,4/26/2022,6,0,M,27.6,Y,N,NA,1.59,
RB,AA,SoCal,Goff Island,4/26/2022,6,0,M,29.9,Y,N,NA,1.59,
RB,AA,SoCal,Goff Island,4/26/2022,6,0,M,12.8,Y,N,NA,1.59,
RB,AA,SoCal,Scripps,4/27/2022,2,6.05,As,17.3,Y,N,NA,0.25,
RB,AA,SoCal,Scripps,4/27/2022,2,6.05,As,15.2,Y,N,NA,0.25,
RB,AA,SoCal,Scripps,4/27/2022,11,19.32,As,17.9,Y,N,NA,0.39,
RB,AA,SoCal,Scripps,4/27/2022,11,19.32,As,18,Y,N,NA,0.39,
RB,AA,SoCal,Scripps,4/27/2022,2,0.79,M,19.3,Y,N,NA,1.75,
RB,AA,SoCal,Scripps,4/27/2022,2,0.79,M,18.6,Y,N,NA,1.75,
RB,AA,SoCal,Scripps,4/27/2022,2,0.79,M,14.9,Y,N,NA,1.75,
AA,RB,Baja,Saldamando,5/20/2022,18,4,M,25.5,Y,Y,NA,0.82,"TH is average TH of surrounding quads; Timed count limited by how fast we could measure, same as San Miguel"
AA,RB,Baja,Saldamando,5/20/2022,18,4,M,22.3,Y,Y,NA,0.82,TH is from average TH of surrounding quads
AA,RB,Baja,Saldamando,5/20/2022,18,4,M,27.7,Y,Y,NA,0.82,TH is from average TH of surrounding quads
AA,RB,Baja,Saldamando,5/20/2022,18,4,M,25,Y,Y,NA,0.82,TH is from average TH of surrounding quads
AA,RB,Baja,Saldamando,5/20/2022,18,4,M,24.4,Y,Y,NA,0.82,TH is from average TH of surrounding quads
AA,RB,Baja,Saldamando,5/20/2022,18,4,M,22.3,Y,Y,NA,0.82,TH is from average TH of surrounding quads
AA,RB,Baja,Saldamando,5/20/2022,18,4,M,25.6,Y,Y,NA,0.82,TH is from average TH of surrounding quads
AA,RB,Baja,Saldamando,5/20/2022,18,4,M,22,Y,Y,NA,0.82,TH is from average TH of surrounding quads
AA,RB,Baja,Saldamando,5/20/2022,18,4,M,26.1,Y,Y,NA,0.82,TH is from average TH of surrounding quads
AA,RB,Baja,Saldamando,5/20/2022,18,4,M,22.9,Y,Y,NA,0.82,TH is from average TH of surrounding quads
AA,RB,Baja,Saldamando,5/20/2022,18,4,M,25.9,Y,Y,NA,0.82,TH is from average TH of surrounding quads
AA,RB,Baja,Saldamando,5/20/2022,18,4,M,24.8,Y,Y,NA,0.82,TH is from average TH of surrounding quads
AA,RB,Baja,Saldamando,5/20/2022,18,4,M,9.2,Y,Y,NA,0.82,TH is from average TH of surrounding quads
AA,RB,Baja,Saldamando,5/20/2022,18,4,M,26.5,Y,Y,NA,0.82,TH is from average TH of surrounding quads
AA,RB,Baja,Saldamando,5/20/2022,18,4,M,32.4,Y,Y,NA,0.82,TH is from average TH of surrounding quads
AA,RB,Baja,Saldamando,5/20/2022,18,4,M,24.8,Y,Y,NA,0.82,TH is from average TH of surrounding quads
AA,RB,Baja,Saldamando,5/20/2022,18,4,M,26.4,Y,Y,NA,0.82,TH is from average TH of surrounding quads
AA,RB,Baja,Saldamando,5/20/2022,18,4,M,26,Y,Y,NA,0.82,TH is from average TH of surrounding quads
AA,RB,Baja,Saldamando,5/20/2022,18,4,M,24,Y,Y,NA,0.82,TH is from average TH of surrounding quads
AA,RB,Baja,Saldamando,5/20/2022,18,4,M,25.6,Y,Y,NA,0.82,TH is from average TH of surrounding quads
AA,RB,Baja,Saldamando,5/20/2022,18,4,M,22.1,Y,Y,NA,0.82,TH is from average TH of surrounding quads
AA,RB,Baja,Saldamando,5/20/2022,18,4,M,23.6,Y,Y,NA,0.82,TH is from average TH of surrounding quads
AA,RB,Baja,Saldamando,5/20/2022,18,4,M,18.1,Y,Y,NA,0.82,TH is from average TH of surrounding quads
AA,RB,Baja,Saldamando,5/20/2022,18,4,M,26.8,Y,Y,NA,0.82,TH is from average TH of surrounding quads
AA,RB,Baja,Saldamando,5/20/2022,18,4,M,22.3,Y,Y,NA,0.82,TH is from average TH of surrounding quads
AA,RB,Baja,Saldamando,5/20/2022,18,4,M,20.8,Y,Y,NA,0.82,TH is from average TH of surrounding quads
AA,RB,Baja,Saldamando,5/20/2022,18,4,M,22.5,Y,Y,NA,0.82,TH is from average TH of surrounding quads
AA,RB,Baja,Saldamando,5/20/2022,18,4,M,24.8,Y,Y,NA,0.82,TH is from average TH of surrounding quads
AA,RB,Baja,Saldamando,5/20/2022,18,4,M,23.8,Y,Y,NA,0.82,TH is from average TH of surrounding quads
AA,RB,Baja,Saldamando,5/20/2022,18,4,M,27.5,Y,Y,NA,0.82,TH is from average TH of surrounding quads
AA,RB,Baja,Saldamando,5/20/2022,18,4,M,24.3,Y,Y,NA,0.82,TH is from average TH of surrounding quads
AA,RB,Baja,Saldamando,5/20/2022,18,4,M,25.2,Y,Y,NA,0.82,TH is from average TH of surrounding quads
AA,RB,Baja,Saldamando,5/20/2022,18,4,M,22.9,Y,Y,NA,0.82,TH is from average TH of surrounding quads
AA,RB,Baja,Saldamando,5/20/2022,18,4,M,20.9,Y,Y,NA,0.82,TH is from average TH of surrounding quads
AA,RB,Baja,Saldamando,5/20/2022,18,4,M,17,Y,Y,NA,0.82,TH is from average TH of surrounding quads
AA,RB,Baja,Saldamando,5/20/2022,18,4,M,23.4,Y,Y,NA,0.82,TH is from average TH of surrounding quads
AA,RB,Baja,Saldamando,5/20/2022,18,4,M,25.8,Y,Y,NA,0.82,TH is from average TH of surrounding quads
AA,RB,Baja,Saldamando,5/20/2022,18,4,M,24.5,Y,Y,NA,0.82,TH is from average TH of surrounding quads
AA,RB,Baja,Saldamando,5/20/2022,18,4,M,22.5,Y,Y,NA,0.82,TH is from average TH of surrounding quads
AA,RB,Baja,Saldamando,5/20/2022,18,4,M,26,Y,Y,NA,0.82,TH is from average TH of surrounding quads
AA,RB,Baja,Saldamando,5/20/2022,18,4,M,17.6,Y,Y,NA,0.82,TH is from average TH of surrounding quads
AA,RB,Baja,Saldamando,5/20/2022,18,4,M,27.8,Y,Y,NA,0.82,TH is from average TH of surrounding quads
AA,RB,Baja,Saldamando,5/20/2022,18,4,M,25.1,Y,Y,NA,0.82,TH is from average TH of surrounding quads
AA,RB,Baja,Saldamando,5/20/2022,18,4,M,15.7,Y,Y,NA,0.82,TH is from average TH of surrounding quads
AA,RB,Baja,Saldamando,5/20/2022,18,4,M,27.3,Y,Y,NA,0.82,TH is from average TH of surrounding quads
AA,RB,Baja,Saldamando,5/20/2022,18,4,M,25.3,Y,Y,NA,0.82,TH is from average TH of surrounding quads
AA,RB,Baja,Saldamando,5/20/2022,18,4,M,21.6,Y,Y,NA,0.82,TH is from average TH of surrounding quads
AA,RB,Baja,Saldamando,5/20/2022,18,4,M,29.1,Y,Y,NA,0.82,TH is from average TH of surrounding quads
AA,RB,Baja,Saldamando,5/20/2022,18,4,M,30.2,Y,Y,NA,0.82,TH is from average TH of surrounding quads
AA,RB,Baja,Saldamando,5/20/2022,18,4,M,28,Y,Y,NA,0.82,TH is from average TH of surrounding quads
AA,RB,Baja,Saldamando,5/20/2022,18,4,M,29.7,Y,Y,NA,0.82,TH is from average TH of surrounding quads
AA,RB,Baja,Saldamando,5/20/2022,18,4,M,19.3,Y,Y,NA,0.82,TH is from average TH of surrounding quads
AA,RB,Baja,Saldamando,5/20/2022,18,4,M,21.6,Y,Y,NA,0.82,TH is from average TH of surrounding quads
AA,RB,Baja,Saldamando,5/20/2022,18,4,M,27.7,Y,Y,NA,0.82,TH is from average TH of surrounding quads
AA,RB,Baja,Saldamando,5/20/2022,18,4,M,22,Y,Y,NA,0.82,TH is from average TH of surrounding quads
AA,RB,Baja,Saldamando,5/20/2022,18,5.9,M,24,Y,Y,NA,0.82,TH is from average TH of surrounding quads
AA,RB,Baja,Saldamando,5/20/2022,18,5.9,M,25.1,Y,Y,NA,0.82,TH is from average TH of surrounding quads
AA,RB,Baja,Saldamando,5/20/2022,18,5.9,M,26.1,Y,Y,NA,0.82,TH is from average TH of surrounding quads
AA,RB,Baja,Saldamando,5/20/2022,18,5.9,M,23.2,Y,Y,NA,0.82,TH is from average TH of surrounding quads
AA,RB,Baja,Saldamando,5/20/2022,18,5.9,M,27.3,Y,Y,NA,0.82,TH is from average TH of surrounding quads
AA,RB,Baja,Saldamando,5/20/2022,18,5.9,M,34.8,Y,Y,NA,0.82,TH is from average TH of surrounding quads
AA,RB,Baja,Saldamando,5/20/2022,18,5.9,M,27.5,Y,Y,NA,0.82,TH is from average TH of surrounding quads
AA,RB,Baja,Saldamando,5/20/2022,18,5.9,M,23.6,Y,Y,NA,0.82,TH is from average TH of surrounding quads
AA,RB,Baja,Saldamando,5/20/2022,18,5.9,M,17.6,Y,Y,NA,0.82,TH is from average TH of surrounding quads
AA,RB,Baja,Saldamando,5/20/2022,18,5.9,M,25.9,Y,Y,NA,0.82,TH is from average TH of surrounding quads
AA,RB,Baja,Saldamando,5/20/2022,18,5.9,M,14.1,Y,Y,NA,0.82,TH is from average TH of surrounding quads
AA,RB,Baja,Saldamando,5/20/2022,18,5.9,M,23.1,Y,Y,NA,0.82,TH is from average TH of surrounding quads
AA,RB,Baja,Saldamando,5/20/2022,18,5.9,M,26.1,Y,Y,NA,0.82,TH is from average TH of surrounding quads
AA,RB,Baja,Saldamando,5/20/2022,18,5.9,M,24,Y,Y,NA,0.82,TH is from average TH of surrounding quads
AA,RB,Baja,Saldamando,5/20/2022,18,5.9,M,26.2,Y,Y,NA,0.82,TH is from average TH of surrounding quads
AA,RB,Baja,Saldamando,5/20/2022,18,5.9,M,26,Y,Y,NA,0.82,TH is from average TH of surrounding quads
AA,RB,Baja,Saldamando,5/20/2022,18,5.9,M,25.1,Y,Y,NA,0.82,TH is from average TH of surrounding quads
AA,RB,Baja,Saldamando,5/20/2022,18,5.9,M,25.8,Y,Y,NA,0.82,TH is from average TH of surrounding quads
AA,RB,Baja,Saldamando,5/20/2022,18,5.9,M,24,Y,Y,NA,0.82,TH is from average TH of surrounding quads
AA,RB,Baja,Saldamando,5/20/2022,18,5.9,M,23.3,Y,Y,NA,0.82,TH is from average TH of surrounding quads
AA,RB,Baja,Saldamando,5/20/2022,18,5.9,M,26.4,Y,Y,NA,0.82,TH is from average TH of surrounding quads
AA,RB,Baja,Saldamando,5/20/2022,18,5.9,M,26.7,Y,Y,NA,0.82,TH is from average TH of surrounding quads
AA,RB,Baja,Saldamando,5/20/2022,18,5.9,M,24.8,Y,Y,NA,0.82,TH is from average TH of surrounding quads
AA,RB,Baja,Saldamando,5/20/2022,18,5.9,M,22.9,Y,Y,NA,0.82,TH is from average TH of surrounding quads
AA,RB,Baja,Saldamando,5/20/2022,18,5.9,M,26.7,Y,Y,NA,0.82,TH is from average TH of surrounding quads
AA,RB,Baja,Saldamando,5/20/2022,18,5.9,M,22.8,Y,Y,NA,0.82,TH is from average TH of surrounding quads
AA,RB,Baja,Saldamando,5/20/2022,18,5.9,M,26.2,Y,Y,NA,0.82,TH is from average TH of surrounding quads
AA,RB,Baja,Saldamando,5/20/2022,18,5.9,M,22.7,Y,Y,NA,0.82,TH is from average TH of surrounding quads
AA,RB,Baja,Saldamando,5/20/2022,18,5.9,M,20.6,Y,Y,NA,0.82,TH is from average TH of surrounding quads
AA,RB,Baja,Saldamando,5/20/2022,18,5.9,M,26.3,Y,Y,NA,0.82,TH is from average TH of surrounding quads
AA,RB,Baja,Saldamando,5/20/2022,18,5.9,M,31,Y,Y,NA,0.82,TH is from average TH of surrounding quads
AA,RB,Baja,Saldamando,5/20/2022,18,5.9,M,26.9,Y,Y,NA,0.82,TH is from average TH of surrounding quads
RB,AA,SoCal,Scripps,4/27/2022,10,4.22,Ne,16.4,Y,N,NA,0.55,
AA,RB,Baja,San Miguel,5/19/2022,17,0.45,M,19.8,Y,N,NA,1.03,
AA,RB,Baja,San Miguel,5/19/2022,17,0.45,M,NA,Y,N,NA,1.03,One whelk in this quadrat was not measured 
AA,RB,Baja,San Miguel,5/19/2022,22,0,M,25.6,Y,N,NA,1.16,
AA,RB,Baja,San Miguel,5/19/2022,22,0,M,25.1,Y,N,NA,1.16,
AA,RB,Baja,San Miguel,5/19/2022,22,0,M,24.4,Y,N,NA,1.16,
AA,RB,Baja,San Miguel,5/19/2022,22,0,M,23.4,Y,N,NA,1.16,
AA,RB,Baja,San Miguel,5/19/2022,21,2.8,M,24.4,Y,N,NA,1.51,
AA,RB,Baja,San Miguel,5/19/2022,21,2.8,M,22.6,Y,N,NA,1.51,
AA,RB,Baja,San Miguel,5/19/2022,21,2.8,M,26.1,Y,N,NA,1.51,
AA,RB,Baja,San Miguel,5/19/2022,22,0,M,19.6,Y,Y,NA,1.16,
AA,RB,Baja,San Miguel,5/19/2022,22,0,M,15.4,Y,Y,NA,1.16,
AA,RB,Baja,San Miguel,5/19/2022,22,0,M,23.7,Y,Y,NA,1.16,
AA,RB,Baja,San Miguel,5/19/2022,22,0,M,18.8,Y,Y,NA,1.16,
AA,RB,Baja,San Miguel,5/19/2022,22,0,M,27.5,Y,Y,NA,1.16,
AA,RB,Baja,San Miguel,5/19/2022,22,0,M,21.1,Y,Y,NA,1.16,
AA,RB,Baja,San Miguel,5/19/2022,22,0,M,21.1,Y,Y,NA,1.16,
AA,RB,Baja,San Miguel,5/19/2022,22,0,M,19.3,Y,Y,NA,1.16,
AA,RB,Baja,San Miguel,5/19/2022,22,0,M,24.8,Y,Y,NA,1.16,
AA,RB,Baja,San Miguel,5/19/2022,22,0,M,23.4,Y,Y,NA,1.16,
AA,RB,Baja,San Miguel,5/19/2022,22,0,M,20.9,Y,Y,NA,1.16,
AA,RB,Baja,San Miguel,5/19/2022,22,0,M,28,Y,Y,NA,1.16,
AA,RB,Baja,San Miguel,5/19/2022,22,0,M,23.8,Y,Y,NA,1.16,
AA,RB,Baja,San Miguel,5/19/2022,22,0,M,23.1,Y,Y,NA,1.16,
AA,RB,Baja,San Miguel,5/19/2022,22,0,M,25,Y,Y,NA,1.16,
AA,RB,Baja,San Miguel,5/19/2022,22,0,M,20.1,Y,Y,NA,1.16,
AA,RB,Baja,San Miguel,5/19/2022,22,0,M,24.9,Y,Y,NA,1.16,
AA,RB,Baja,San Miguel,5/19/2022,22,0,M,24.8,Y,Y,NA,1.16,
AA,RB,Baja,San Miguel,5/19/2022,22,0,M,23.2,Y,Y,NA,1.16,
AA,RB,Baja,San Miguel,5/19/2022,22,0,M,22.5,Y,Y,NA,1.16,
AA,RB,Baja,San Miguel,5/19/2022,22,0,M,22.1,Y,Y,NA,1.16,
AA,RB,Baja,San Miguel,5/19/2022,22,0,M,20.3,Y,Y,NA,1.16,
AA,RB,Baja,San Miguel,5/19/2022,22,0,M,22.6,Y,Y,NA,1.16,
AA,RB,Baja,San Miguel,5/19/2022,22,0,M,25.4,Y,Y,NA,1.16,
AA,RB,Baja,San Miguel,5/19/2022,22,0,M,22.5,Y,Y,NA,1.16,
AA,RB,Baja,San Miguel,5/19/2022,22,0,M,24.4,Y,Y,NA,1.16,
AA,RB,Baja,San Miguel,5/19/2022,22,0,M,22.3,Y,Y,NA,1.16,
AA,RB,Baja,San Miguel,5/19/2022,22,0,M,24.7,Y,Y,NA,1.16,
AA,RB,Baja,San Miguel,5/19/2022,22,0,M,23.8,Y,Y,NA,1.16,
AA,RB,Baja,San Miguel,5/19/2022,22,0,M,24.2,Y,Y,NA,1.16,
AA,RB,Baja,San Miguel,5/19/2022,22,0,M,25.7,Y,Y,NA,1.16,
AA,RB,Baja,San Miguel,5/19/2022,22,0,M,20.3,Y,Y,NA,1.16,
AA,RB,Baja,San Miguel,5/19/2022,22,0,M,20,Y,Y,NA,1.16,
AA,RB,Baja,San Miguel,5/19/2022,22,0,M,19.3,Y,Y,NA,1.16,
AA,RB,Baja,San Miguel,5/19/2022,22,0,M,19.8,Y,Y,NA,1.16,
AA,RB,Baja,San Miguel,5/19/2022,22,0,M,14.1,Y,Y,NA,1.16,
AA,RB,Baja,San Miguel,5/19/2022,22,0,M,16.3,Y,Y,NA,1.16,
AA,RB,Baja,San Miguel,5/19/2022,NA,NA,M,27.9,Y,Y,R1,0.7,closest to T21Q0.0
AA,RB,Baja,San Miguel,5/19/2022,NA,NA,M,16.2,Y,Y,R2,0.7,
AA,RB,Baja,San Miguel,5/19/2022,NA,NA,M,25,Y,Y,R3,0.7,
AA,RB,Baja,San Miguel,5/19/2022,NA,NA,M,26.5,Y,Y,R4,0.7,
AA,RB,Baja,San Miguel,5/19/2022,NA,NA,M,24.2,Y,Y,R5,0.7,
AA,RB,Baja,San Miguel,5/19/2022,NA,NA,M,31.4,Y,Y,R6,0.7,
AA,RB,Baja,San Miguel,5/19/2022,NA,NA,M,27.7,Y,Y,R7,0.7,
AA,RB,Baja,San Miguel,5/19/2022,NA,NA,M,22.6,Y,Y,R8,0.7,
AA,RB,Baja,San Miguel,5/19/2022,NA,NA,M,22.8,Y,Y,R9,0.7,
AA,RB,Baja,San Miguel,5/19/2022,NA,NA,M,26.7,Y,Y,R10,0.7,
AA,RB,Baja,San Miguel,5/19/2022,NA,NA,M,23.6,Y,Y,R11,0.7,
AA,RB,Baja,San Miguel,5/19/2022,NA,NA,M,26.8,Y,Y,R12,0.7,
AA,RB,Baja,San Miguel,5/19/2022,NA,NA,M,28.2,Y,Y,R13,0.7,
AA,RB,Baja,San Miguel,5/19/2022,NA,NA,M,19.7,Y,Y,R14,0.7,
AA,RB,Baja,San Miguel,5/19/2022,NA,NA,M,24.9,Y,Y,R15,0.7,
AA,RB,Baja,San Miguel,5/19/2022,NA,NA,M,15.5,Y,Y,R16,0.7,
AA,RB,Baja,San Miguel,5/19/2022,NA,NA,M,25.4,Y,Y,R17,0.7,
AA,RB,Baja,San Miguel,5/19/2022,NA,NA,M,12.7,Y,Y,R18,0.7,
AA,RB,Baja,San Miguel,5/19/2022,NA,NA,M,13.4,Y,Y,R19,0.7,
AA,RB,Baja,San Miguel,5/19/2022,NA,NA,M,23.1,Y,Y,R20,0.7,
AA,RB,Baja,San Miguel,5/19/2022,NA,NA,M,26.5,Y,Y,R21,0.7,
AA,RB,Baja,San Miguel,5/19/2022,21,2.8,M,19.7,Y,N,NA,1.51,
AA,RB,Baja,San Miguel,5/19/2022,16,1.22,M,21.9,Y,N,NA,0.8,
AA,RB,Baja,San Miguel,5/19/2022,16,1.22,M,19.5,Y,N,NA,0.8,
AA,RB,Baja,San Miguel,5/19/2022,16,1.22,M,15,Y,N,NA,0.8,
AA,RB,Baja,San Miguel,5/19/2022,16,0.73,M,26.3,Y,N,NA,1.05,
AA,RB,Baja,San Miguel,5/19/2022,16,0.73,M,19.9,Y,N,NA,1.05,
AA,RB,Baja,San Miguel,5/19/2022,16,0.73,M,22.1,Y,N,NA,1.05,
AA,RB,Baja,San Miguel,5/19/2022,16,0.73,M,20.1,Y,N,NA,1.05,
AA,RB,Baja,San Miguel,5/19/2022,16,0.73,M,16.5,Y,N,NA,1.05,
AA,RB,Baja,San Miguel,5/19/2022,16,0.73,M,14.9,Y,N,NA,1.05,
AA,RB,Baja,San Miguel,5/19/2022,16,0.73,M,21.6,Y,N,NA,1.05,
AA,RB,Baja,San Miguel,5/19/2022,16,0.73,M,15.1,Y,N,NA,1.05,
AA,RB,Baja,Saldamando,5/20/2022,22,10.7,As,8.7,Y,N,NA,0.47,
AA,RB,Baja,Saldamando,5/20/2022,16,12.6,As,15.2,Y,N,NA,0.95,
AA,RB,Baja,Saldamando,5/20/2022,16,12.6,As,13.1,Y,N,NA,0.95,
AA,RB,Baja,Saldamando,5/20/2022,16,3.8,M,25.8,Y,N,NA,1.2,
AA,RB,Baja,Saldamando,5/20/2022,16,3.8,M,27.6,Y,N,NA,1.2,
AA,RB,Baja,Saldamando,5/20/2022,16,3.8,M,17.7,Y,N,NA,1.2,
AA,RB,Baja,Saldamando,5/20/2022,13,12.48,M,26.6,Y,N,NA,0.53,
AA,RB,Baja,Saldamando,5/20/2022,13,12.48,As,14.5,Y,N,NA,0.53,
AA,RB,Baja,Saldamando,5/20/2022,13,12.48,As,12.4,Y,N,NA,0.53,
AA,RB,Baja,Saldamando,5/20/2022,13,12.48,As,11.4,Y,N,NA,0.53,
AA,RB,Baja,Saldamando,5/20/2022,18,12.09,As,12.5,Y,N,NA,0.7,
AA,RB,Baja,Saldamando,5/20/2022,18,12.09,As,14.9,Y,N,NA,0.7,
AA,RB,Baja,Saldamando,5/20/2022,18,12.09,As,12.2,Y,N,NA,0.7,
AA,RB,Baja,Saldamando,5/20/2022,18,12.09,As,11.1,Y,N,NA,0.7,
AA,RB,Baja,Saldamando,5/20/2022,18,12.09,As,7,Y,N,NA,0.7,
AA,RB,Baja,Saldamando,5/20/2022,18,12.09,As,11.2,Y,N,NA,0.7,
AA,RB,Baja,Saldamando,5/20/2022,18,12.09,As,8.6,Y,N,NA,0.7,
AA,RB,Baja,Saldamando,5/20/2022,18,12.09,As,12.7,Y,N,NA,0.7,
AA,RB,Baja,Saldamando,5/20/2022,18,12.09,As,11.4,Y,N,NA,0.7,
AA,RB,Baja,Saldamando,5/20/2022,18,12.09,As,12.3,Y,N,NA,0.7,
AA,RB,Baja,Saldamando,5/20/2022,18,12.09,As,9.9,Y,N,NA,0.7,
AA,RB,Baja,Saldamando,5/20/2022,18,12.09,As,12.4,Y,N,NA,0.7,
AA,RB,Baja,Saldamando,5/20/2022,18,12.09,As,11,Y,N,NA,0.7,
AA,RB,Baja,Saldamando,5/20/2022,18,12.09,As,12.2,Y,N,NA,0.7,
AA,RB,Baja,Saldamando,5/20/2022,18,12.09,M,26.5,Y,N,NA,0.7,
AA,RB,Baja,Saldamando,5/20/2022,18,12.09,M,17.4,Y,N,NA,0.7,
AA,RB,Baja,Saldamando,5/20/2022,18,12.09,M,13.5,Y,N,NA,0.7,
AA,RB,Baja,Saldamando,5/20/2022,18,12.09,M,10,Y,N,NA,0.7,
AA,RB,Baja,Saldamando,5/20/2022,18,12.09,M,32,Y,N,NA,0.7,
AA,RB,Baja,Saldamando,5/20/2022,18,12.09,M,26.3,Y,N,NA,0.7,
AA,RB,Baja,Saldamando,5/20/2022,18,12.09,M,27,Y,N,NA,0.7,
AA,RB,Baja,Saldamando,5/20/2022,18,12.09,M,26.9,Y,N,NA,0.7,
AA,RB,Baja,Saldamando,5/20/2022,18,12.09,M,23.7,Y,N,NA,0.7,
AA,RB,Baja,Saldamando,5/20/2022,18,12.09,M,16.3,Y,N,NA,0.7,
AA,RB,Baja,Saldamando,5/20/2022,18,12.09,M,27.4,Y,N,NA,0.7,
AA,RB,Baja,Saldamando,5/20/2022,18,12.09,M,24.8,Y,N,NA,0.7,
AA,RB,Baja,Saldamando,5/20/2022,18,2.43,M,16.5,Y,N,NA,0.97,
AA,RB,Baja,Saldamando,5/20/2022,17,8.5,M,20.7,Y,N,NA,0.59,
AA,RB,Baja,Campo Kennedy,5/21/2022,8,0.2,M,24.1,Y,N,NA,1.2,
AA,RB,Baja,Campo Kennedy,5/21/2022,3,5.66,As,23.5,Y,N,NA,0.17,
AA,RB,Baja,Campo Kennedy,5/21/2022,3,5.66,As,19,Y,N,NA,0.17,
AA,RB,Baja,Punta Morro,5/22/2022,10,2.38,M,20,Y,N,NA,0.6,
AA,RB,Baja,Punta Morro,5/22/2022,10,2.38,M,22.5,Y,N,NA,0.6,
AA,RB,Baja,Punta Morro,5/22/2022,10,2.38,M,21,Y,N,NA,0.6,
AA,RB,Baja,Punta Morro,5/22/2022,10,2.38,M,22.5,Y,N,NA,0.6,
AA,RB,Baja,Punta Morro,5/22/2022,10,2.38,M,25,Y,N,NA,0.6,
AA,RB,Baja,Punta Morro,5/22/2022,10,2.38,M,23,Y,N,NA,0.6,
AA,RB,Baja,Punta Morro,5/22/2022,10,2.38,M,24,Y,N,NA,0.6,
AA,RB,Baja,Punta Morro,5/22/2022,10,2.38,M,22,Y,N,NA,0.6,
AA,RB,Baja,Punta Morro,5/22/2022,10,2.38,M,23,Y,N,NA,0.6,
AA,RB,Baja,Punta Morro,5/22/2022,10,2.38,M,21.5,Y,N,NA,0.6,
AA,RB,Baja,Punta Morro,5/22/2022,10,2.38,M,23.5,Y,N,NA,0.6,
AA,RB,Baja,Punta Morro,5/22/2022,10,2.38,M,23,Y,N,NA,0.6,
AA,RB,Baja,Punta Morro,5/22/2022,10,2.38,M,23,Y,N,NA,0.6,
AA,RB,Baja,Punta Morro,5/22/2022,10,2.38,M,22,Y,N,NA,0.6,
AA,RB,Baja,Punta Morro,5/22/2022,10,2.38,M,24,Y,N,NA,0.6,
AA,RB,Baja,Punta Morro,5/22/2022,10,2.38,M,21,Y,N,NA,0.6,
AA,RB,Baja,Punta Morro,5/22/2022,10,2.38,M,22,Y,N,NA,0.6,
AA,RB,Baja,Punta Morro,5/22/2022,10,2.38,M,23,Y,N,NA,0.6,
AA,RB,Baja,Punta Morro,5/22/2022,10,2.38,M,22,Y,N,NA,0.6,
AA,RB,Baja,Punta Morro,5/22/2022,10,2.38,M,24.5,Y,N,NA,0.6,
AA,RB,Baja,Punta Morro,5/22/2022,10,2.38,M,23,Y,N,NA,0.6,
AA,RB,Baja,Punta Morro,5/22/2022,10,2.38,M,23.5,Y,N,NA,0.6,
AA,RB,Baja,Punta Morro,5/22/2022,11,9.4,Rp,18.5,Y,N,NA,0.38,May or may not be As; RB originally changed As? to As. Now thinks they are probably a different spp (Roperia poulsoni)
AA,RB,Baja,Punta Morro,5/22/2022,10,2.38,M,20.5,Y,N,NA,0.6,
AA,RB,Baja,Punta Morro,5/22/2022,10,1.1,M,17.7,Y,Y,NA,0.73,
AA,RB,Baja,Punta Morro,5/22/2022,10,1.1,M,17.6,Y,Y,NA,0.73,
AA,RB,Baja,Punta Morro,5/22/2022,10,1.1,M,22.2,Y,Y,NA,0.73,
AA,RB,Baja,Punta Morro,5/22/2022,10,1.1,M,26.4,Y,Y,NA,0.73,
AA,RB,Baja,Punta Morro,5/22/2022,10,1.1,M,18.1,Y,Y,NA,0.73,
AA,RB,Baja,Punta Morro,5/22/2022,10,1.1,M,19,Y,Y,NA,0.73,
AA,RB,Baja,Punta Morro,5/22/2022,10,1.1,M,19.1,Y,Y,NA,0.73,
AA,RB,Baja,Punta Morro,5/22/2022,10,1.1,M,21.9,Y,Y,NA,0.73,
AA,RB,Baja,Punta Morro,5/22/2022,10,1.1,M,20.7,Y,Y,NA,0.73,
AA,RB,Baja,Punta Morro,5/22/2022,10,1.1,M,18.9,Y,Y,NA,0.73,
AA,RB,Baja,Punta Morro,5/22/2022,10,1.1,M,22.7,Y,Y,NA,0.73,
AA,RB,Baja,Punta Morro,5/22/2022,10,1.1,M,21.5,Y,Y,NA,0.73,
AA,RB,Baja,Punta Morro,5/22/2022,10,1.1,M,20.6,Y,Y,NA,0.73,
AA,RB,Baja,Punta Morro,5/22/2022,10,1.1,M,18.7,Y,Y,NA,0.73,
AA,RB,Baja,Punta Morro,5/22/2022,10,1.1,M,22.8,Y,Y,NA,0.73,
AA,RB,Baja,Punta Morro,5/22/2022,10,1.1,M,22.2,Y,Y,NA,0.73,
AA,RB,Baja,Punta Morro,5/22/2022,10,1.1,M,20,Y,Y,NA,0.73,
AA,RB,Baja,Punta Morro,5/22/2022,10,1.1,M,20.9,Y,Y,NA,0.73,
AA,RB,Baja,Punta Morro,5/22/2022,10,1.1,M,20.8,Y,Y,NA,0.73,
AA,RB,Baja,Punta Morro,5/22/2022,10,1.1,M,21.6,Y,Y,NA,0.73,
AA,RB,Baja,Punta Morro,5/22/2022,10,1.1,M,18.7,Y,Y,NA,0.73,
AA,RB,Baja,Punta Morro,5/22/2022,10,1.1,M,18.3,Y,Y,NA,0.73,
AA,RB,Baja,Punta Morro,5/22/2022,10,1.1,M,17.9,Y,Y,NA,0.73,
AA,RB,Baja,Punta Morro,5/22/2022,10,1.1,M,19.5,Y,Y,NA,0.73,
AA,RB,Baja,Punta Morro,5/22/2022,10,1.1,M,22.6,Y,Y,NA,0.73,
AA,RB,Baja,Punta Morro,5/22/2022,10,1.1,M,19.3,Y,Y,NA,0.73,
AA,RB,Baja,Punta Morro,5/22/2022,10,1.1,M,22.1,Y,Y,NA,0.73,
AA,RB,Baja,Punta Morro,5/22/2022,10,1.1,M,18.4,Y,Y,NA,0.73,
AA,RB,Baja,Punta Morro,5/22/2022,10,1.1,M,17.9,Y,Y,NA,0.73,
AA,RB,Baja,Punta Morro,5/22/2022,10,1.1,M,18.8,Y,Y,NA,0.73,
AA,RB,Baja,Punta Morro,5/22/2022,11,6.3,Rp,30.3,Y,Y,NA,0.13,
AA,RB,Baja,Punta Morro,5/22/2022,11,6.3,Rp,24.8,Y,Y,NA,0.13,
AA,RB,Baja,Punta Morro,5/22/2022,11,6.3,Rp,25.2,Y,Y,NA,0.13,
AA,RB,Baja,Punta Morro,5/22/2022,11,6.3,Rp,23.6,Y,Y,NA,0.13,
AA,RB,Baja,Punta Morro,5/22/2022,11,6.3,Rp,18.6,Y,Y,NA,0.13,
AA,RB,Baja,Punta Morro,5/22/2022,11,6.3,Rp,21.7,Y,Y,NA,0.13,
AA,RB,Baja,Punta Morro,5/22/2022,11,6.3,Rp,18.5,Y,Y,NA,0.13,
AA,RB,Baja,Punta Morro,5/22/2022,10,2.38,M,24,Y,N,NA,0.6,
AA,RB,Baja,Punta Morro,5/22/2022,2,0,Rp,21.6,Y,N,NA,0.86,
AA,RB,Baja,Punta Morro,5/22/2022,10,2.38,M,24,Y,N,NA,0.6,
AA,RB,Baja,Punta Morro,5/22/2022,10,2.38,M,25,Y,N,NA,0.6,
AA,RB,Baja,Punta Morro,5/22/2022,10,2.38,M,23,Y,N,NA,0.6,
AA,RB,Baja,Punta Morro,5/22/2022,10,2.38,M,22,Y,N,NA,0.6,
AA,RB,Baja,Punta Morro,5/22/2022,10,2.38,M,22.5,Y,N,NA,0.6,
AA,RB,Baja,Punta Morro,5/22/2022,10,2.38,M,25,Y,N,NA,0.6,
AA,RB,Baja,Punta Morro,5/22/2022,10,2.38,M,24,Y,N,NA,0.6,
AA,RB,Baja,Punta Morro,5/22/2022,10,2.38,M,22,Y,N,NA,0.6,
AA,RB,Baja,Punta Morro,5/22/2022,10,2.38,M,25.2,Y,N,NA,0.6,"DA, CS measured for AA, JL"
AA,RB,Baja,Punta Morro,5/22/2022,10,2.38,M,19.5,Y,N,NA,0.6,"DA, CS measured for AA, JL"
AA,RB,Baja,Punta Morro,5/22/2022,10,2.38,M,19.7,Y,N,NA,0.6,"DA, CS measured for AA, JL"
AA,RB,Baja,Punta Morro,5/22/2022,10,2.38,M,24.2,Y,N,NA,0.6,"DA, CS measured for AA, JL"
AA,RB,Baja,Punta Morro,5/22/2022,10,2.38,M,22.4,Y,N,NA,0.6,"DA, CS measured for AA, JL"
AA,RB,Baja,Punta Morro,5/22/2022,10,2.38,M,24.4,Y,N,NA,0.6,"DA, CS measured for AA, JL"
AA,RB,Baja,Punta Morro,5/22/2022,10,2.38,M,23.3,Y,N,NA,0.6,"DA, CS measured for AA, JL"
AA,RB,Baja,Punta Morro,5/22/2022,10,2.38,M,22.8,Y,N,NA,0.6,"DA, CS measured for AA, JL"
AA,RB,Baja,Punta Morro,5/22/2022,10,2.38,M,20.3,Y,N,NA,0.6,"DA, CS measured for AA, JL"
AA,RB,Baja,Punta Morro,5/22/2022,10,2.38,M,21.8,Y,N,NA,0.6,"DA, CS measured for AA, JL"
AA,RB,Baja,Punta Morro,5/22/2022,10,2.38,M,22.1,Y,N,NA,0.6,"DA, CS measured for AA, JL"
AA,RB,Baja,Punta Morro,5/22/2022,10,2.38,M,24.3,Y,N,NA,0.6,"DA, CS measured for AA, JL"
AA,RB,Baja,Punta Morro,5/22/2022,10,2.38,M,22.8,Y,N,NA,0.6,"DA, CS measured for AA, JL"
AA,RB,Baja,Punta Morro,5/22/2022,10,2.38,M,22,Y,N,NA,0.6,"DA, CS measured for AA, JL"
AA,RB,Baja,Punta Morro,5/22/2022,10,2.38,M,20.7,Y,N,NA,0.6,"DA, CS measured for AA, JL"
AA,RB,Baja,Punta Morro,5/22/2022,10,2.38,M,21.6,Y,N,NA,0.6,"DA, CS measured for AA, JL"
AA,RB,Baja,Punta Morro,5/22/2022,10,2.38,M,25.3,Y,N,NA,0.6,"DA, CS measured for AA, JL"
AA,RB,Baja,Punta Morro,5/22/2022,10,2.38,M,29.5,Y,N,NA,0.6,"DA, CS measured for AA, JL"
AA,RB,Baja,Punta Morro,5/22/2022,10,0.9,M,18,Y,N,NA,0.85,
AA,RB,Baja,Punta Morro,5/22/2022,10,0.9,M,17.5,Y,N,NA,0.85,
AA,RB,Baja,Punta Morro,5/22/2022,10,0.9,M,18.5,Y,N,NA,0.85,
AA,RB,Baja,Punta Morro,5/22/2022,10,0.9,M,18.5,Y,N,NA,0.85,
AA,RB,Baja,Punta Morro,5/22/2022,10,0.9,M,16,Y,N,NA,0.85,
AA,RB,Baja,Punta Morro,5/22/2022,10,0.9,M,15,Y,N,NA,0.85,
AA,RB,Baja,Punta Morro,5/22/2022,10,0.9,M,20,Y,N,NA,0.85,
AA,RB,Baja,Punta Morro,5/22/2022,10,0.9,M,19,Y,N,NA,0.85,
AA,RB,Baja,Punta Morro,5/22/2022,10,0.9,M,20,Y,N,NA,0.85,
AA,RB,Baja,Punta Morro,5/22/2022,10,0.9,M,17.7,Y,N,NA,0.85,
AA,RB,Baja,Punta Morro,5/22/2022,10,0.9,M,22,Y,N,NA,0.85,
AA,RB,Baja,Punta Morro,5/22/2022,10,0.9,M,17.5,Y,N,NA,0.85,
AA,RB,Baja,Punta Morro,5/22/2022,11,1.95,M,19.5,Y,N,NA,0.63,
AA,RB,Baja,Punta Morro,5/22/2022,11,0,M,20,Y,N,NA,0.88,
AA,RB,Baja,Punta Morro,5/22/2022,19,0,M,17.6,Y,N,NA,0.93,
AA,RB,Baja,Punta Morro,5/22/2022,19,0.4,M,18.9,Y,N,NA,0.68,
AA,RB,Baja,Punta Morro,5/22/2022,19,0.4,M,21.5,Y,N,NA,0.68,
AA,RB,Baja,Punta Morro,5/22/2022,10,2.38,M,22.3,Y,N,NA,0.6,
AA,RB,Baja,Punta Morro,5/22/2022,10,2.38,M,23.3,Y,N,NA,0.6,
AA,RB,Baja,Punta Morro,5/22/2022,10,2.38,M,26,Y,N,NA,0.6,
AA,RB,Baja,Punta Morro,5/22/2022,10,2.38,M,20.5,Y,N,NA,0.6,
AA,RB,Baja,Punta Morro,5/22/2022,10,2.38,M,21.9,Y,N,NA,0.6,
AA,RB,Baja,Punta Morro,5/22/2022,10,2.38,M,25.9,Y,N,NA,0.6,
AA,RB,Baja,Punta Morro,5/22/2022,10,2.38,M,22.6,Y,N,NA,0.6,
AA,RB,Baja,Punta Morro,5/22/2022,10,2.38,M,21.1,Y,N,NA,0.6,
AA,RB,Baja,Punta Morro,5/22/2022,10,2.38,M,19.3,Y,N,NA,0.6,
AA,RB,Baja,Punta Morro,5/22/2022,10,2.38,M,20.8,Y,N,NA,0.6,
AA,RB,Baja,Punta Morro,5/22/2022,10,2.38,M,22.8,Y,N,NA,0.6,
AA,RB,Baja,Punta Morro,5/22/2022,10,2.38,M,23.2,Y,N,NA,0.6,
AA,RB,Baja,Punta Morro,5/22/2022,10,2.38,M,22.5,Y,N,NA,0.6,
AA,RB,Baja,Punta Morro,5/22/2022,10,2.38,M,19.2,Y,N,NA,0.6,
AA,RB,Baja,Punta Morro,5/22/2022,10,2.38,M,21,Y,N,NA,0.6,
AA,RB,Baja,Punta Morro,5/22/2022,10,2.38,M,22.3,Y,N,NA,0.6,
AA,RB,Baja,Punta Morro,5/22/2022,10,2.38,M,20.2,Y,N,NA,0.6,
AA,RB,Baja,Punta Morro,5/22/2022,10,2.38,M,25,Y,N,NA,0.6,
AA,RB,Baja,Punta Morro,5/22/2022,10,2.38,M,21.8,Y,N,NA,0.6,
AA,RB,Baja,Punta Morro,5/22/2022,10,2.38,M,23,Y,N,NA,0.6,
AA,RB,Baja,Punta Morro,5/22/2022,10,2.38,M,20.7,Y,N,NA,0.6,
AA,RB,Baja,Punta Morro,5/22/2022,10,2.38,M,24.6,Y,N,NA,0.6,
AA,RB,Baja,Punta Morro,5/22/2022,10,2.38,M,20.1,Y,N,NA,0.6,
AA,RB,Baja,Punta Morro,5/22/2022,10,2.38,M,23.7,Y,N,NA,0.6,
AA,RB,Baja,Campo Kennedy,5/21/2022,16,1.1,M,28.8,Y,Y,NA,1.13,
AA,RB,Baja,Campo Kennedy,5/21/2022,16,1.1,M,26.4,Y,Y,NA,1.13,
AA,RB,Baja,Campo Kennedy,5/21/2022,16,1.1,As,18.6,Y,Y,NA,1.13,
AA,RB,Baja,Campo Kennedy,5/21/2022,16,1.1,M,23.4,Y,Y,NA,1.13,
AA,RB,Baja,Campo Kennedy,5/21/2022,16,1.1,As,16.4,Y,Y,NA,1.13,
AA,RB,Baja,Campo Kennedy,5/21/2022,16,1.1,As,18.6,Y,Y,NA,1.13,
AA,RB,Baja,Campo Kennedy,5/21/2022,16,1.1,M,24.8,Y,Y,NA,1.13,
AA,RB,Baja,Campo Kennedy,5/21/2022,16,1.1,As,17.4,Y,Y,NA,1.13,
AA,RB,Baja,Campo Kennedy,5/21/2022,16,1.1,As,19.7,Y,Y,NA,1.13,
AA,RB,Baja,Campo Kennedy,5/21/2022,16,1.1,M,24.5,Y,Y,NA,1.13,
AA,RB,Baja,Campo Kennedy,5/21/2022,16,1.1,As,17.7,Y,Y,NA,1.13,
AA,RB,Baja,Campo Kennedy,5/21/2022,16,1.1,As,16.1,Y,Y,NA,1.13,
AA,RB,Baja,Campo Kennedy,5/21/2022,16,1.1,As,19.2,Y,Y,NA,1.13,
AA,RB,Baja,Campo Kennedy,5/21/2022,16,0.8,As,19.7,Y,Y,NA,1.13,
AA,RB,Baja,Campo Kennedy,5/21/2022,16,0.8,As,19.9,Y,Y,NA,1.13,
AA,RB,Baja,Campo Kennedy,5/21/2022,16,0.8,As,16.3,Y,Y,NA,1.13,
AA,RB,Baja,Campo Kennedy,5/21/2022,16,0.8,As,18.8,Y,Y,NA,1.13,
AA,RB,Baja,Campo Kennedy,5/21/2022,16,0.8,As,16.9,Y,Y,NA,1.13,
AA,RB,Baja,Campo Kennedy,5/21/2022,16,0.8,As,14.1,Y,Y,NA,1.13,
AA,RB,Baja,Campo Kennedy,5/21/2022,16,0.8,As,18.5,Y,Y,NA,1.13,
AA,RB,Baja,Campo Kennedy,5/21/2022,16,0.8,As,17.5,Y,Y,NA,1.13,
AA,RB,Baja,Campo Kennedy,5/21/2022,16,0.8,As,15.5,Y,Y,NA,1.13,
AA,RB,Baja,Campo Kennedy,5/21/2022,16,0.8,As,18.4,Y,Y,NA,1.13,
AA,RB,Baja,Campo Kennedy,5/21/2022,16,0.8,As,14.4,Y,Y,NA,1.13,
AA,RB,Baja,Campo Kennedy,5/21/2022,16,0.8,As,16.1,Y,Y,NA,1.13,
AA,RB,Baja,Campo Kennedy,5/21/2022,16,0.8,As,17.4,Y,Y,NA,1.13,
AA,RB,Baja,Campo Kennedy,5/21/2022,16,0.8,As,17.6,Y,Y,NA,1.13,
AA,RB,Baja,Campo Kennedy,5/21/2022,16,0.8,As,17.5,Y,Y,NA,1.13,
AA,RB,Baja,Campo Kennedy,5/21/2022,16,0.8,As,18.7,Y,Y,NA,1.13,
AA,RB,Baja,Campo Kennedy,5/21/2022,16,0.8,As,17.1,Y,Y,NA,1.13,
AA,RB,Baja,Campo Kennedy,5/21/2022,16,0.8,As,15.5,Y,Y,NA,1.13,
AA,RB,Baja,Campo Kennedy,5/21/2022,16,0.8,As,17,Y,Y,NA,1.13,
AA,RB,Baja,Campo Kennedy,5/21/2022,16,0.8,As,15.7,Y,Y,NA,1.13,
AA,RB,Baja,Campo Kennedy,5/21/2022,16,0.8,As,13.5,Y,Y,NA,1.13,
AA,RB,Baja,Campo Kennedy,5/21/2022,16,0.8,As,14.6,Y,Y,NA,1.13,
AA,RB,Baja,Campo Kennedy,5/21/2022,16,0.8,As,14.5,Y,Y,NA,1.13,
AA,RB,Baja,Campo Kennedy,5/21/2022,16,0.8,As,14.4,Y,Y,NA,1.13,
AA,RB,Baja,Campo Kennedy,5/21/2022,16,0.8,As,15.9,Y,Y,NA,1.13,
AA,RB,Baja,Campo Kennedy,5/21/2022,16,0.8,As,17.1,Y,Y,NA,1.13,
AA,RB,Baja,Campo Kennedy,5/21/2022,16,0.8,As,14.7,Y,Y,NA,1.13,
AA,RB,Baja,Campo Kennedy,5/21/2022,16,0.8,As,14.4,Y,Y,NA,1.13,
AA,RB,Baja,Campo Kennedy,5/21/2022,16,0.8,As,10.6,Y,Y,NA,1.13,
AA,RB,Baja,Campo Kennedy,5/21/2022,10,0,M,29.7,Y,Y,NA,0.95,
AA,RB,Baja,Campo Kennedy,5/21/2022,10,0,As,17.8,Y,Y,NA,0.95,
AA,RB,Baja,Campo Kennedy,5/21/2022,16,1.5,M,28.9,Y,Y,NA,0.88,
AA,RB,Baja,Campo Kennedy,5/21/2022,16,1.5,M,24.4,Y,Y,NA,0.88,
AA,RB,Baja,Campo Kennedy,5/21/2022,16,1.5,As,19.6,Y,Y,NA,0.88,
AA,RB,Baja,Campo Kennedy,5/21/2022,16,1.5,As,18.9,Y,Y,NA,0.88,
AA,RB,Baja,Campo Kennedy,5/21/2022,7,2,As,17.4,Y,Y,NA,0.98,
AA,RB,Baja,Campo Kennedy,5/21/2022,7,2,As,22.1,Y,Y,NA,0.98,
AA,RB,Baja,Campo Kennedy,5/21/2022,7,2,As,17.5,Y,Y,NA,0.98,
AA,RB,Baja,Campo Kennedy,5/21/2022,7,2,As,18.7,Y,Y,NA,0.98,
AA,RB,Baja,Campo Kennedy,5/21/2022,7,2,As,17.6,Y,Y,NA,0.98,
AA,RB,Baja,Campo Kennedy,5/21/2022,7,2,As,15.9,Y,Y,NA,0.98,
AA,RB,Baja,Campo Kennedy,5/21/2022,7,2,As,15.5,Y,Y,NA,0.98,
AA,RB,Baja,Punta Morro,5/22/2022,10,2.38,M,22,Y,N,NA,0.6,
AA,RB,Baja,Punta Morro,5/22/2022,10,2.38,M,21.6,Y,N,NA,0.6,
AA,RB,Baja,Punta Morro,5/22/2022,10,2.38,M,24.4,Y,N,NA,0.6,
AA,RB,Baja,Punta Morro,5/22/2022,10,2.38,M,21.3,Y,N,NA,0.6,
AA,RB,Baja,Punta Morro,5/22/2022,10,2.38,M,21.6,Y,N,NA,0.6,
AA,RB,Baja,Punta Morro,5/22/2022,10,2.38,M,23.3,Y,N,NA,0.6,
AA,RB,Baja,Punta Morro,5/22/2022,10,2.38,M,20,Y,N,NA,0.6,
AA,RB,Baja,Punta Morro,5/22/2022,10,2.38,M,20.7,Y,N,NA,0.6,
AA,RB,Baja,Punta Morro,5/22/2022,10,2.38,M,21.3,Y,N,NA,0.6,
AA,RB,Baja,Punta Morro,5/22/2022,10,2.38,M,22.7,Y,N,NA,0.6,
AA,RB,Baja,Punta Morro,5/22/2022,10,2.38,M,23.4,Y,N,NA,0.6,
AA,RB,Baja,Punta Morro,5/22/2022,10,2.38,M,22.9,Y,N,NA,0.6,
AA,RB,Baja,Punta Morro,5/22/2022,10,2.38,M,23.6,Y,N,NA,0.6,
AA,RB,Baja,Punta Morro,5/22/2022,10,2.38,M,24.7,Y,N,NA,0.6,
AA,RB,Baja,Punta Morro,5/22/2022,10,2.38,M,22.8,Y,N,NA,0.6,
AA,RB,Baja,Punta Morro,5/22/2022,10,2.38,M,23.4,Y,N,NA,0.6,
AA,RB,Baja,Punta Morro,5/22/2022,10,2.38,M,21.2,Y,N,NA,0.6,
AA,RB,Baja,Punta Morro,5/22/2022,10,2.38,M,23.4,Y,N,NA,0.6,
AA,RB,Baja,Punta Morro,5/22/2022,10,2.38,M,23.6,Y,N,NA,0.6,
AA,RB,Baja,Punta Morro,5/22/2022,10,2.38,M,21.6,Y,N,NA,0.6,
AA,RB,Baja,La Chorera Norte,5/24/2022,11,1.4,M,19.9,Y,Y,NA,0.84,Assumed to be in Timed Count b/c transect + quad combination does not match surveyed quads
AA,RB,Baja,La Chorera Norte,5/24/2022,11,1.4,M,17.7,Y,Y,NA,0.84,Assumed to be in Timed Count b/c transect + quad combination does not match surveyed quads
AA,RB,Baja,La Chorera Norte,5/24/2022,11,1.4,M,16.6,Y,Y,NA,0.84,Assumed to be in Timed Count b/c transect + quad combination does not match surveyed quads
AA,RB,Baja,La Chorera Norte,5/24/2022,11,1.4,M,17.1,Y,Y,NA,0.84,Assumed to be in Timed Count b/c transect + quad combination does not match surveyed quads
AA,RB,Baja,La Chorera Norte,5/24/2022,11,1.4,M,17.9,Y,Y,NA,0.84,Assumed to be in Timed Count b/c transect + quad combination does not match surveyed quads
AA,RB,Baja,La Chorera Norte,5/24/2022,11,1.4,M,18.2,Y,Y,NA,0.84,Assumed to be in Timed Count b/c transect + quad combination does not match surveyed quads
AA,RB,Baja,La Chorera Norte,5/24/2022,11,1.4,M,16.1,Y,Y,NA,0.84,Assumed to be in Timed Count b/c transect + quad combination does not match surveyed quads
AA,RB,Baja,La Chorera Norte,5/24/2022,11,1.4,M,17.2,Y,Y,NA,0.84,Assumed to be in Timed Count b/c transect + quad combination does not match surveyed quads
AA,RB,Baja,La Chorera Norte,5/24/2022,11,1.4,M,17.4,Y,Y,NA,0.84,Assumed to be in Timed Count b/c transect + quad combination does not match surveyed quads
AA,RB,Baja,La Chorera Norte,5/24/2022,11,1.4,M,16.7,Y,Y,NA,0.84,Assumed to be in Timed Count b/c transect + quad combination does not match surveyed quads
AA,RB,Baja,La Chorera Norte,5/24/2022,11,1.4,M,17.9,Y,Y,NA,0.84,Assumed to be in Timed Count b/c transect + quad combination does not match surveyed quads
AA,RB,Baja,La Chorera Norte,5/24/2022,11,1.4,M,17.2,Y,Y,NA,0.84,Assumed to be in Timed Count b/c transect + quad combination does not match surveyed quads
AA,RB,Baja,La Chorera Norte,5/24/2022,11,1.4,M,16.8,Y,Y,NA,0.84,Assumed to be in Timed Count b/c transect + quad combination does not match surveyed quads
AA,RB,Baja,La Chorera Norte,5/24/2022,11,1.4,M,17.4,Y,Y,NA,0.84,Assumed to be in Timed Count b/c transect + quad combination does not match surveyed quads
AA,RB,Baja,La Chorera Norte,5/24/2022,11,1.4,M,15.9,Y,Y,NA,0.84,Assumed to be in Timed Count b/c transect + quad combination does not match surveyed quads
AA,RB,Baja,La Chorera Norte,5/24/2022,11,1.4,M,14.5,Y,Y,NA,0.84,Assumed to be in Timed Count b/c transect + quad combination does not match surveyed quads
AA,RB,Baja,La Chorera Norte,5/24/2022,11,1.4,M,17.1,Y,Y,NA,0.84,Assumed to be in Timed Count b/c transect + quad combination does not match surveyed quads
AA,RB,Baja,La Chorera Norte,5/24/2022,11,1.4,M,15.6,Y,Y,NA,0.84,Assumed to be in Timed Count b/c transect + quad combination does not match surveyed quads
AA,RB,Baja,La Chorera Norte,5/24/2022,11,1.4,M,15.8,Y,Y,NA,0.84,Assumed to be in Timed Count b/c transect + quad combination does not match surveyed quads
AA,RB,Baja,La Chorera Norte,5/24/2022,11,1.4,M,17.5,Y,Y,NA,0.84,Assumed to be in Timed Count b/c transect + quad combination does not match surveyed quads
AA,RB,Baja,La Chorera Norte,5/24/2022,11,1.4,M,15.8,Y,Y,NA,0.84,Assumed to be in Timed Count b/c transect + quad combination does not match surveyed quads
AA,RB,Baja,Punta Morro,5/22/2022,10,2.38,M,20,Y,N,NA,0.6,
AA,RB,Baja,Punta Morro,5/22/2022,10,2.38,M,21.3,Y,N,NA,0.6,
AA,RB,Baja,Punta Morro,5/22/2022,10,2.38,M,20.9,Y,N,NA,0.6,
AA,RB,Baja,Punta Morro,5/22/2022,10,2.38,M,21.5,Y,N,NA,0.6,
AA,RB,Baja,Punta Morro,5/22/2022,10,2.38,M,23.4,Y,N,NA,0.6,
AA,RB,Baja,Punta Morro,5/22/2022,10,2.38,M,21.4,Y,N,NA,0.6,
AA,RB,Baja,Punta Morro,5/22/2022,10,2.38,M,21.9,Y,N,NA,0.6,
AA,RB,Baja,Punta Morro,5/22/2022,10,2.38,M,26.8,Y,N,NA,0.6,
AA,RB,Baja,Punta Morro,5/22/2022,10,2.38,M,24.4,Y,N,NA,0.6,
AA,RB,Baja,Punta Morro,5/22/2022,10,2.38,M,22,Y,N,NA,0.6,
AA,RB,Baja,Punta Morro,5/22/2022,10,2.38,M,21.1,Y,N,NA,0.6,
AA,RB,Baja,Punta Morro,5/22/2022,10,2.38,M,19,Y,N,NA,0.6,
AA,RB,Baja,Punta Morro,5/22/2022,10,2.38,M,24.9,Y,N,NA,0.6,
AA,RB,Baja,Punta Morro,5/22/2022,10,2.38,M,21.8,Y,N,NA,0.6,
AA,RB,Baja,Punta Morro,5/22/2022,10,2.38,M,20.5,Y,N,NA,0.6,
AA,RB,Baja,Punta Morro,5/22/2022,10,2.38,M,21.1,Y,N,NA,0.6,
AA,RB,Baja,Punta Morro,5/22/2022,10,2.38,M,20,Y,N,NA,0.6,
AA,RB,Baja,Punta Morro,5/22/2022,10,2.38,M,20,Y,N,NA,0.6,
AA,RB,Baja,Punta Morro,5/22/2022,10,2.38,M,22.5,Y,N,NA,0.6,
AA,RB,Baja,La Chorera,5/23/2022,1,5.06,M,8,Y,N,NA,1.14,
AA,RB,Baja,La Chorera,5/23/2022,1,5.06,M,16,Y,N,NA,1.14,
AA,RB,Baja,La Chorera,5/23/2022,1,5.06,M,18,Y,N,NA,1.14,
AA,RB,Baja,La Chorera,5/23/2022,1,0,M,14,Y,N,NA,1.64,
AA,RB,Baja,La Chorera,5/23/2022,18,10.4,As,20,Y,N,NA,0.64,
RB,RB,Baja,La Chorera,5/23/2022,18,10.4,M,NA,Y,N,NA,0.64,Whelk not measured - forgotten?
RB,RB,Baja,La Chorera,5/23/2022,18,10.4,M,NA,Y,N,NA,0.64,Whelk not measured - forgotten?
AA,RB,Baja,La Chorera,5/23/2022,18,6.79,M,15.8,Y,N,NA,0.89,
AA,RB,Baja,La Chorera,5/23/2022,18,6.79,M,16.7,Y,N,NA,0.89,
AA,RB,Baja,La Chorera,5/23/2022,18,0,M,13.9,Y,N,NA,1.89,
AA,RB,Baja,La Chorera,5/23/2022,17,7.8,M,14.5,Y,N,NA,1.11,
AA,RB,Baja,La Chorera,5/23/2022,17,1.1,M,14.2,Y,N,NA,1.36,
AA,RB,Baja,La Chorera,5/23/2022,17,0,M,13.1,Y,N,NA,1.61,
AA,RB,Baja,La Chorera,5/23/2022,17,0,As,NA,Y,N,NA,1.61,1 As individual not measured
AA,RB,Baja,La Chorera,5/23/2022,2,11.55,M,17.5,Y,N,NA,0.94,
AA,RB,Baja,La Chorera,5/23/2022,2,11.55,M,17.7,Y,N,NA,0.94,
AA,RB,Baja,La Chorera,5/23/2022,2,5.19,M,15,Y,N,NA,1.19,
AA,RB,Baja,La Chorera,5/23/2022,2,0,M,24.3,Y,N,NA,1.44,
AA,RB,Baja,La Chorera,5/23/2022,2,0,M,14.2,Y,N,NA,1.44,
AA,RB,Baja,La Chorera,5/23/2022,7,4.55,M,19,Y,Y,NA,1.12,
AA,RB,Baja,La Chorera,5/23/2022,7,4.55,M,14.2,Y,N,NA,1.12,
AA,RB,Baja,La Chorera,5/23/2022,7,14.05,M,16.5,Y,N,NA,0.24,Assigned lowest quadrat value
AA,RB,Baja,La Chorera,5/23/2022,7,13.6,M,11.6,Y,N,NA,0.74,
AA,RB,Baja,La Chorera,5/23/2022,7,13.6,M,18.6,Y,N,NA,0.74,
AA,RB,Baja,La Chorera,5/23/2022,7,13.4,M,11.3,Y,N,NA,0.87,"Quadrat not kept after resurveying step-downs (no community data), but whelks measured"
AA,RB,Baja,La Chorera,5/23/2022,7,13.4,M,16.5,Y,N,NA,0.87,"Quadrat not kept after resurveying step-downs (no community data), but whelks measured"
AA,RB,Baja,La Chorera,5/23/2022,7,13.4,M,19,Y,N,NA,0.87,"Quadrat not kept after resurveying step-downs (no community data), but whelks measured"
AA,RB,Baja,La Chorera,5/23/2022,7,13.4,M,18.5,Y,N,NA,0.87,"Quadrat not kept after resurveying step-downs (no community data), but whelks measured"
AA,RB,Baja,La Chorera,5/23/2022,7,13.4,M,18.5,Y,N,NA,0.87,"Quadrat not kept after resurveying step-downs (no community data), but whelks measured"
AA,RB,Baja,La Chorera,5/23/2022,7,8.08,M,17.4,Y,Y,NA,1.12,
AA,RB,Baja,La Chorera,5/23/2022,7,8.08,M,16.3,Y,N,NA,1.12,
AA,RB,Baja,La Chorera,5/23/2022,7,8.08,M,15.6,Y,N,NA,1.12,
AA,RB,Baja,La Chorera,5/23/2022,7,8.08,M,18.1,Y,N,NA,1.12,
AA,RB,Baja,La Chorera,5/23/2022,7,8.08,M,13.9,Y,N,NA,1.12,
AA,RB,Baja,La Chorera,5/23/2022,7,8.08,M,15.3,Y,N,NA,1.12,
AA,RB,Baja,La Chorera,5/23/2022,7,8.08,M,14,Y,N,NA,1.12,
AA,RB,Baja,La Chorera,5/23/2022,7,3.7,M,15.3,Y,N,NA,1.24,
AA,RB,Baja,La Chorera,5/23/2022,7,3.7,M,16.1,Y,N,NA,1.24,
AA,RB,Baja,La Chorera,5/23/2022,7,3.7,M,13,Y,N,NA,1.24,
AA,RB,Baja,La Chorera,5/23/2022,7,3.7,M,11.2,Y,N,NA,1.24,
AA,RB,Baja,La Chorera,5/23/2022,7,3.7,M,12.6,Y,N,NA,1.24,
AA,RB,Baja,La Chorera,5/23/2022,7,3.7,M,13.9,Y,N,NA,1.24,
AA,RB,Baja,La Chorera,5/23/2022,7,9.9,M,16.3,Y,N,NA,0.99,
AA,RB,Baja,La Chorera,5/23/2022,7,9.9,M,16.6,Y,N,NA,0.99,
AA,RB,Baja,La Chorera,5/23/2022,7,9.9,M,16.6,Y,N,NA,0.99,
AA,RB,Baja,La Chorera,5/23/2022,7,9.9,M,9.4,Y,N,NA,0.99,
AA,RB,Baja,La Chorera,5/23/2022,7,9.9,M,13.5,Y,N,NA,0.99,
AA,RB,Baja,La Chorera,5/23/2022,7,9.9,M,15.3,Y,N,NA,0.99,
AA,RB,Baja,La Chorera Norte,5/24/2022,11,2.5,Ap,17,Y,N,NA,0.71,
AA,RB,Baja,La Chorera Norte,5/24/2022,8,8.58,M,19.2,Y,N,NA,0.35,
AA,RB,Baja,La Chorera Norte,5/24/2022,8,8.58,M,18.3,Y,N,NA,0.35,
AA,RB,Baja,La Chorera Norte,5/24/2022,8,5.67,M,18.6,Y,N,NA,0.6,
AA,RB,Baja,La Chorera Norte,5/24/2022,8,4.51,M,17.4,Y,N,NA,0.85,
AA,RB,Baja,La Chorera Norte,5/24/2022,8,0,M,16.2,Y,N,NA,1.35,
AA,RB,Baja,La Chorera Norte,5/24/2022,11,3.4,M,16.9,Y,Y,NA,0.59,
AA,RB,Baja,La Chorera Norte,5/24/2022,11,3.4,M,17.1,Y,Y,NA,0.59,
AA,RB,Baja,La Chorera Norte,5/24/2022,11,3.4,M,16.1,Y,Y,NA,0.59,
AA,RB,Baja,La Chorera Norte,5/24/2022,11,3.4,M,17.6,Y,Y,NA,0.59,
AA,RB,Baja,La Chorera Norte,5/24/2022,11,3.4,M,16.9,Y,Y,NA,0.59,
AA,RB,Baja,La Chorera Norte,5/24/2022,11,3.4,M,15.2,Y,Y,NA,0.59,
AA,RB,Baja,La Chorera Norte,5/24/2022,11,3.4,M,16.3,Y,Y,NA,0.59,
AA,RB,Baja,La Chorera Norte,5/24/2022,11,3.4,M,16.7,Y,Y,NA,0.59,
AA,RB,Baja,La Chorera Norte,5/24/2022,11,3.4,M,17.1,Y,Y,NA,0.59,
AA,RB,Baja,La Chorera Norte,5/24/2022,11,3.4,M,16.8,Y,Y,NA,0.59,
AA,RB,Baja,La Chorera Norte,5/24/2022,11,3.4,M,16.3,Y,Y,NA,0.59,
AA,RB,Baja,La Chorera Norte,5/24/2022,11,3.4,M,15.6,Y,Y,NA,0.59,
AA,RB,Baja,La Chorera Norte,5/24/2022,11,3.4,M,15.8,Y,Y,NA,0.59,
AA,RB,Baja,La Chorera Norte,5/24/2022,9,4,M,23.2,Y,Y,NA,0.39,
AA,RB,Baja,La Chorera Norte,5/24/2022,9,4,M,19.7,Y,Y,NA,0.39,
AA,RB,Baja,La Chorera Norte,5/24/2022,9,4,M,19,Y,Y,NA,0.39,
AA,RB,Baja,La Chorera Norte,5/24/2022,9,4,M,19.2,Y,Y,NA,0.39,
AA,RB,Baja,La Chorera Norte,5/24/2022,9,4,M,16.8,Y,Y,NA,0.39,
AA,RB,Baja,La Chorera Norte,5/24/2022,9,4,M,18.1,Y,Y,NA,0.39,
AA,RB,Baja,La Chorera Norte,5/24/2022,9,4,M,21.1,Y,Y,NA,0.39,
AA,RB,Baja,La Chorera Norte,5/24/2022,9,4,M,17.2,Y,Y,NA,0.39,
AA,RB,Baja,La Chorera Norte,5/24/2022,9,4,M,19,Y,Y,NA,0.39,
AA,RB,Baja,La Chorera Norte,5/24/2022,9,4,M,18.5,Y,Y,NA,0.39,
AA,RB,Baja,La Chorera Norte,5/24/2022,9,4,M,17.1,Y,Y,NA,0.39,
AA,RB,Baja,La Chorera Norte,5/24/2022,9,4,M,15.8,Y,Y,NA,0.39,
AA,RB,Baja,La Chorera Norte,5/24/2022,9,4,M,17.7,Y,Y,NA,0.39,
AA,RB,Baja,La Chorera Norte,5/24/2022,9,4,M,16.5,Y,Y,NA,0.39,
AA,RB,Baja,La Chorera Norte,5/24/2022,9,4,M,18.8,Y,Y,NA,0.39,
AA,RB,Baja,La Chorera Norte,5/24/2022,9,4,M,16.9,Y,Y,NA,0.39,
AA,RB,Baja,La Chorera Norte,5/24/2022,9,4,M,17.9,Y,Y,NA,0.39,
AA,RB,Baja,La Chorera Norte,5/24/2022,9,4,M,17.1,Y,Y,NA,0.39,
AA,RB,Baja,La Chorera Norte,5/24/2022,9,4,M,16.5,Y,Y,NA,0.39,
AA,RB,Baja,La Chorera Norte,5/24/2022,9,4,M,15.5,Y,Y,NA,0.39,
AA,RB,Baja,La Chorera Norte,5/24/2022,9,4,M,16.8,Y,Y,NA,0.39,
AA,RB,Baja,La Chorera Norte,5/24/2022,9,6.59,M,18.3,Y,N,NA,0.26,
AA,RB,Baja,La Chorera Norte,5/24/2022,9,3.1,M,21.3,Y,N,NA,0.51,
AA,RB,Baja,La Chorera Norte,5/24/2022,9,1.6,M,15.5,Y,N,NA,0.76,
AA,RB,Baja,La Chorera Norte,5/24/2022,9,1.21,M,13.5,Y,N,NA,1.01,
AA,RB,Baja,La Chorera Norte,5/24/2022,9,1.21,M,16.2,Y,N,NA,1.01,
AA,RB,Baja,La Chorera Norte,5/24/2022,9,1.21,M,15,Y,N,NA,1.01,
AA,RB,Baja,La Chorera Norte,5/24/2022,9,1.21,M,17.5,Y,N,NA,1.01,
AA,RB,Baja,La Chorera Norte,5/24/2022,9,1.21,M,16.3,Y,N,NA,1.01,
AA,RB,Baja,La Chorera,5/23/2022,17,5.8,M,16.2,Y,Y,NA,1.24,
AA,RB,Baja,La Chorera,5/23/2022,17,5.8,M,12.9,Y,Y,NA,1.24,
AA,RB,Baja,La Chorera,5/23/2022,17,5.8,M,16,Y,Y,NA,1.24,
AA,RB,Baja,La Chorera,5/23/2022,17,4.1,M,17.5,Y,Y,NA,1.24,
AA,RB,Baja,La Chorera,5/23/2022,17,4.1,M,16.3,Y,Y,NA,1.24,
AA,RB,Baja,La Chorera,5/23/2022,17,4.1,M,19.3,Y,Y,NA,1.24,
AA,RB,Baja,La Chorera,5/23/2022,17,4.1,M,17,Y,Y,NA,1.24,
AA,RB,Baja,La Chorera,5/23/2022,17,4.1,M,15.2,Y,Y,NA,1.24,
AA,RB,Baja,La Chorera,5/23/2022,17,4.1,M,13.2,Y,Y,NA,1.24,
AA,RB,Baja,La Chorera,5/23/2022,17,4.1,M,13.1,Y,Y,NA,1.24,
AA,RB,Baja,La Chorera,5/23/2022,17,6,M,17.7,Y,Y,NA,1.24,
AA,RB,Baja,La Chorera,5/23/2022,17,6,M,16.7,Y,Y,NA,1.24,
AA,RB,Baja,La Chorera,5/23/2022,17,6,M,18.3,Y,Y,NA,1.24,
AA,RB,Baja,La Chorera,5/23/2022,17,6.2,M,16.2,Y,Y,NA,1.24,
AA,RB,Baja,La Chorera,5/23/2022,17,6.4,M,32.5,Y,Y,NA,1.24,
AA,RB,Baja,La Chorera,5/23/2022,17,4.1,M,21.1,Y,Y,NA,1.24,
AA,RB,Baja,La Chorera,5/23/2022,17,4.1,M,16.5,Y,Y,NA,1.24,
AA,RB,Baja,La Chorera,5/23/2022,17,4.1,M,19.2,Y,Y,NA,1.24,
AA,RB,Baja,La Chorera,5/23/2022,17,4.1,M,16.8,Y,Y,NA,1.24,
AA,RB,Baja,La Chorera,5/23/2022,17,4.6,M,14.3,Y,Y,NA,1.24,
AA,RB,Baja,La Chorera,5/23/2022,17,4.6,M,31.1,Y,Y,NA,1.24,
AA,RB,Baja,La Chorera,5/23/2022,17,4.6,M,16.7,Y,Y,NA,1.24,
AA,RB,Baja,La Chorera,5/23/2022,17,4.6,M,17.2,Y,Y,NA,1.24,
AA,RB,Baja,La Chorera,5/23/2022,17,4.6,M,15.6,Y,Y,NA,1.24,
AA,RB,Baja,La Chorera Norte,5/24/2022,9,1.21,M,18.2,Y,N,NA,1.01,
AA,RB,Baja,La Chorera Norte,5/24/2022,9,1.21,M,16,Y,N,NA,1.01,
AA,RB,Baja,La Chorera Norte,5/24/2022,9,1.21,M,17.5,Y,N,NA,1.01,
AA,RB,Baja,La Chorera Norte,5/24/2022,9,1.21,M,16.2,Y,N,NA,1.01,
AA,RB,Baja,La Chorera Norte,5/24/2022,9,1.21,M,18.3,Y,N,NA,1.01,
AA,RB,Baja,La Chorera Norte,5/24/2022,9,1.21,M,17.2,Y,N,NA,1.01,
AA,RB,Baja,La Chorera Norte,5/24/2022,9,1.21,M,12.4,Y,N,NA,1.01,
AA,RB,Baja,La Chorera Norte,5/24/2022,2,7.95,M,17.2,Y,N,NA,0.57,
AA,RB,Baja,La Chorera Norte,5/24/2022,2,7.95,M,12.3,Y,N,NA,0.57,
AA,RB,Baja,La Chorera Norte,5/24/2022,2,7.95,M,17,Y,N,NA,0.57,
AA,RB,Baja,La Chorera Norte,5/24/2022,2,7.95,M,17.8,Y,N,NA,0.57,
AA,RB,Baja,La Chorera Norte,5/24/2022,11,5.92,As,12.4,Y,N,NA,0.46,
AA,RB,Baja,La Chorera Norte,5/24/2022,11,5.92,M,20.2,Y,N,NA,0.46,
AA,RB,Baja,La Chorera Norte,5/24/2022,11,5.92,M,20.1,Y,N,NA,0.46,
AA,RB,Baja,La Chorera Norte,5/24/2022,11,5.92,M,17,Y,N,NA,0.46,
AA,RB,Baja,La Chorera Norte,5/24/2022,11,0.78,M,15.1,Y,N,NA,0.96,
AA,RB,Baja,La Chorera Norte,5/24/2022,11,0.78,M,11.4,Y,N,NA,0.96,
AA,RB,Baja,La Chorera Norte,5/24/2022,11,0.78,M,16.5,Y,N,NA,0.96,
AA,RB,Baja,La Chorera Norte,5/24/2022,11,0.78,M,14,Y,N,NA,0.96,
AA,RB,Baja,La Chorera Norte,5/24/2022,11,0.5,M,15.9,Y,N,NA,1.21,
AA,RB,Baja,La Chorera Norte,5/24/2022,2,7.13,M,17.13,Y,N,NA,0.82,
AA,RB,Baja,La Chorera Norte,5/24/2022,2,6.14,M,17,Y,N,NA,1.07,
AA,RB,Baja,La Chorera Norte,5/24/2022,2,6.14,M,14.8,Y,N,NA,1.07,
AA,RB,Baja,La Chorera Norte,5/24/2022,2,6.14,M,14,Y,N,NA,1.07,
AA,RB,Baja,La Chorera Norte,5/24/2022,2,5.55,M,13,Y,N,NA,1.32,
AA,RB,Baja,La Chorera Norte,5/24/2022,13,0.69,M,NA,Y,N,NA,1.19,Whelk could not be collected to be measured 
AA,RB,Baja,La Chorera Norte,5/24/2022,13,6.3,M,17.8,Y,N,NA,0.44,"Group A; changed to ""N"" in TC on 11/15/2022"
AA,RB,Baja,La Chorera Norte,5/24/2022,13,6.3,M,17.3,Y,N,NA,0.44,"Group A; changed to ""N"" in TC on 11/15/2023"
AA,RB,Baja,La Chorera Norte,5/24/2022,13,6.3,M,18.9,Y,N,NA,0.44,"Group A; changed to ""N"" in TC on 11/15/2024"
AA,RB,Baja,La Chorera Norte,5/24/2022,13,6.3,M,18.4,Y,N,NA,0.44,"Group A; changed to ""N"" in TC on 11/15/2025"
AA,RB,Baja,La Chorera Norte,5/24/2022,13,6.3,M,18,Y,N,NA,0.44,"Group A; changed to ""N"" in TC on 11/15/2026"
AA,RB,Baja,La Chorera Norte,5/24/2022,13,6.3,M,18.4,Y,N,NA,0.44,"Group A; changed to ""N"" in TC on 11/15/2027"
AA,RB,Baja,La Chorera Norte,5/24/2022,13,6.3,M,17.9,Y,N,NA,0.44,"Group A; changed to ""N"" in TC on 11/15/2028"
AA,RB,Baja,La Chorera Norte,5/24/2022,13,6.3,M,21.1,Y,N,NA,0.44,"Group B; changed to ""N"" in TC on 11/15/2022"
AA,RB,Baja,La Chorera Norte,5/24/2022,13,6.3,M,17.8,Y,N,NA,0.44,"Group B; changed to ""N"" in TC on 11/15/2023"
AA,RB,Baja,La Chorera Norte,5/24/2022,13,6.3,M,18.9,Y,N,NA,0.44,"Group B; changed to ""N"" in TC on 11/15/2024"
AA,RB,Baja,La Chorera Norte,5/24/2022,13,6.3,M,17.8,Y,N,NA,0.44,"Group B; changed to ""N"" in TC on 11/15/2025"
AA,RB,Baja,La Chorera Norte,5/24/2022,13,6.3,M,18,Y,N,NA,0.44,"Group B; changed to ""N"" in TC on 11/15/2026"
AA,RB,Baja,La Chorera Norte,5/24/2022,13,6.3,M,16.7,Y,N,NA,0.44,"Group B; changed to ""N"" in TC on 11/15/2027"
AA,RB,Baja,La Chorera Norte,5/24/2022,13,6.3,M,17.3,Y,N,NA,0.44,"Group B; changed to ""N"" in TC on 11/15/2028"
AA,RB,Baja,La Chorera Norte,5/24/2022,13,6.3,M,19.3,Y,N,NA,0.44,"Group C; changed to ""N"" in TC on 11/15/2022"
AA,RB,Baja,La Chorera Norte,5/24/2022,13,6.3,M,17.5,Y,N,NA,0.44,"Group C; changed to ""N"" in TC on 11/15/2023"
AA,RB,Baja,La Chorera Norte,5/24/2022,13,6.3,M,20.3,Y,N,NA,0.44,"Group C; changed to ""N"" in TC on 11/15/2024"
AA,RB,Baja,La Chorera Norte,5/24/2022,13,6.3,M,16.9,Y,N,NA,0.44,"Group C; changed to ""N"" in TC on 11/15/2025"
AA,RB,Baja,La Chorera Norte,5/24/2022,13,6.3,M,17,Y,N,NA,0.44,"Group C; changed to ""N"" in TC on 11/15/2026"
AA,RB,Baja,La Chorera Norte,5/24/2022,13,6.3,M,16.8,Y,N,NA,0.44,"Group C; changed to ""N"" in TC on 11/15/2027"
AA,RB,Baja,La Chorera Norte,5/24/2022,13,1.85,M,14.2,Y,N,NA,0.69,"Changed to ""N"" in TC on 11/15/2027"
AA,RB,Baja,La Chorera Norte,5/24/2022,13,1.85,M,16.8,Y,N,NA,0.69,"Changed to ""N"" in TC on 11/15/2028"
AA,RB,Baja,La Chorera Norte,5/24/2022,13,1.85,M,16.4,Y,N,NA,0.69,"Changed to ""N"" in TC on 11/15/2029"
AA,RB,Baja,La Chorera Norte,5/24/2022,13,1,M,16,Y,N,NA,0.94,"Changed to ""N"" in TC on 11/15/2030"
AA,RB,Baja,La Chorera Norte,5/24/2022,13,1,M,16.2,Y,N,NA,0.94,"Changed to ""N"" in TC on 11/15/2031"
AA,RB,NorCal,Mendocino North,6/18/2022,0,3.7,As,25,Y,Y,R1,0.43,Near T0Q3.7 but still considered remote. Group A
AA,RB,NorCal,Mendocino North,6/18/2022,0,3.7,As,27.1,Y,Y,R2,0.43,Near T0Q3.7 but still considered remote. Group A
AA,RB,NorCal,Mendocino North,6/18/2022,0,3.7,As,26.7,Y,Y,R3,0.43,Near T0Q3.7 but still considered remote. Group A
AA,RB,NorCal,Mendocino North,6/18/2022,0,3.7,As,24.2,Y,Y,R4,0.43,Near T0Q3.7 but still considered remote. Group A
AA,RB,NorCal,Mendocino North,6/18/2022,0,3.7,As,25.7,Y,Y,R5,0.43,Near T0Q3.7 but still considered remote. Group A
AA,RB,NorCal,Mendocino North,6/18/2022,0,3.7,As,26.3,Y,Y,R6,0.43,Near T0Q3.7 but still considered remote. Group A
AA,RB,NorCal,Mendocino North,6/18/2022,0,3.7,As,25.4,Y,Y,R7,0.43,Near T0Q3.7 but still considered remote. Group A
AA,RB,NorCal,Mendocino North,6/18/2022,0,3.7,As,24.6,Y,Y,R8,0.43,Near T0Q3.7 but still considered remote. Group A
AA,RB,NorCal,Mendocino North,6/18/2022,0,3.7,As,26.1,Y,Y,R9,0.43,Near T0Q3.7 but still considered remote. Group A
AA,RB,NorCal,Mendocino North,6/18/2022,0,3.7,As,28.6,Y,Y,R10,0.43,Near T0Q3.7 but still considered remote. Group A
AA,RB,NorCal,Mendocino North,6/18/2022,0,3.7,As,24.7,Y,Y,R11,0.43,Near T0Q3.7 but still considered remote. Group A
AA,RB,NorCal,Mendocino North,6/18/2022,0,3.7,As,24.8,Y,Y,R12,0.43,Near T0Q3.7 but still considered remote. Group A
AA,RB,NorCal,Mendocino North,6/18/2022,0,3.7,As,25,Y,Y,R13,0.43,Near T0Q3.7 but still considered remote. Group A
AA,RB,NorCal,Mendocino North,6/18/2022,0,3.7,As,28.1,Y,Y,R14,0.43,Near T0Q3.7 but still considered remote. Group A
AA,RB,NorCal,Mendocino North,6/18/2022,0,3.7,As,23.9,Y,Y,R15,0.43,Near T0Q3.7 but still considered remote. Group A
AA,RB,NorCal,Mendocino North,6/18/2022,0,3.7,As,23.7,Y,Y,R16,0.43,Near T0Q3.7 but still considered remote. Group A
AA,RB,NorCal,Mendocino North,6/18/2022,NA,NA,As,27.5,Y,Y,R1,0.4,Group B (remote)
AA,RB,NorCal,Mendocino North,6/18/2022,NA,NA,As,24.9,Y,Y,R2,0.4,Group B (remote)
AA,RB,NorCal,Mendocino North,6/18/2022,NA,NA,As,26,Y,Y,R3,0.4,Group B (remote)
AA,RB,NorCal,Mendocino North,6/18/2022,NA,NA,As,26.5,Y,Y,R4,0.4,Group B (remote)
AA,RB,NorCal,Mendocino North,6/18/2022,NA,NA,As,24.5,Y,Y,R5,0.4,Group B (remote)
AA,RB,NorCal,Mendocino North,6/18/2022,NA,NA,As,22.8,Y,Y,R6,0.4,Group B (remote)
AA,RB,NorCal,Mendocino North,6/18/2022,NA,NA,As,27.9,Y,Y,R7,0.4,Group B (remote)
AA,RB,NorCal,Mendocino North,6/18/2022,NA,NA,As,23.9,Y,Y,R8,0.4,Group B (remote)
AA,RB,NorCal,Mendocino North,6/18/2022,NA,NA,As,25.5,Y,Y,R9,0.4,Group B (remote)
AA,RB,NorCal,Mendocino North,6/18/2022,NA,NA,As,25.6,Y,Y,R10,0.4,Group B (remote)
AA,RB,NorCal,Mendocino North,6/18/2022,NA,NA,As,26.3,Y,Y,R11,0.4,Group B (remote)
AA,RB,NorCal,Mendocino North,6/18/2022,NA,NA,As,27.4,Y,Y,R1,0.18,Group C (remote)
AA,RB,NorCal,Mendocino North,6/18/2022,NA,NA,As,26.4,Y,Y,R2,0.18,Group C (remote)
AA,RB,NorCal,Mendocino North,6/18/2022,NA,NA,As,23.4,Y,Y,R3,0.18,Group C (remote)
AA,RB,NorCal,Mendocino North,6/18/2022,NA,NA,As,23.6,Y,Y,R1,0.22,Group D (remote)
AA,RB,NorCal,Mendocino North,6/18/2022,NA,NA,As,25.2,Y,Y,R2,0.22,Group D (remote)
AA,RB,NorCal,Mendocino North,6/18/2022,NA,NA,As,25,Y,Y,R3,0.22,Group D (remote)
AA,RB,NorCal,Mendocino North,6/18/2022,NA,NA,As,24.4,Y,Y,R4,0.22,Group D (remote)
AA,RB,NorCal,Mendocino North,6/18/2022,NA,NA,As,23.9,Y,Y,R5,0.22,Group D (remote)
AA,RB,NorCal,Mendocino North,6/18/2022,NA,NA,As,24.8,Y,Y,R6,0.22,Group D (remote)
AA,RB,NorCal,Mendocino North,6/18/2022,NA,NA,As,24.5,Y,Y,R7,0.22,Group D (remote)
AA,RB,NorCal,Mendocino North,6/18/2022,NA,NA,As,23.7,Y,Y,R8,0.22,Group D (remote)
AA,RB,NorCal,Mendocino North,6/18/2022,NA,NA,As,25.4,Y,Y,R9,0.22,Group D (remote)
AA,RB,NorCal,Mendocino North,6/18/2022,NA,NA,As,25.1,Y,Y,R10,0.22,Group D (remote)
AA,RB,NorCal,Mendocino North,6/18/2022,NA,NA,As,25.6,Y,Y,R11,0.22,Group D (remote)
AA,RB,NorCal,Mendocino North,6/18/2022,NA,NA,As,27.1,Y,Y,R12,0.22,Group D (remote)
AA,RB,NorCal,Mendocino North,6/18/2022,NA,NA,As,23.5,Y,Y,R13,0.22,Group D (remote)
AA,RB,NorCal,Mendocino North,6/18/2022,NA,NA,As,25.6,Y,Y,R14,0.22,Group D (remote)
AA,RB,NorCal,Mendocino North,6/18/2022,NA,NA,As,24.5,Y,Y,R15,0.22,Group D (remote)
AA,RB,Baja,La Chorera Norte,5/24/2022,13,0.69,M,16.4,Y,N,NA,1.19,"Group A - photo does not list group; changed to ""N"" in TC on 11/15/2027"
AA,RB,Baja,La Chorera Norte,5/24/2022,13,0.69,M,16.4,Y,N,NA,1.19,"Group A - photo does not list group; changed to ""N"" in TC on 11/15/2028"
AA,RB,Baja,La Chorera Norte,5/24/2022,13,0.69,M,16.5,Y,N,NA,1.19,"Group A - photo does not list group; changed to ""N"" in TC on 11/15/2029"
AA,RB,Baja,La Chorera Norte,5/24/2022,13,0.69,M,17.5,Y,N,NA,1.19,"Group A - photo does not list group; changed to ""N"" in TC on 11/15/2030"
AA,RB,Baja,La Chorera Norte,5/24/2022,13,0.69,M,16.6,Y,N,NA,1.19,"Group A - photo does not list group; changed to ""N"" in TC on 11/15/2031"
AA,RB,Baja,La Chorera Norte,5/24/2022,13,0.69,M,15.5,Y,N,NA,1.19,"Group A - photo does not list group; changed to ""N"" in TC on 11/15/2032"
AA,RB,Baja,La Chorera Norte,5/24/2022,13,0.69,M,15.1,Y,N,NA,1.19,"Group A - photo does not list group; changed to ""N"" in TC on 11/15/2033"
AA,RB,Baja,La Chorera Norte,5/24/2022,13,0.69,M,14.3,Y,N,NA,1.19,Group B
AA,RB,Baja,La Chorera Norte,5/24/2022,13,0.69,M,13.6,Y,N,NA,1.19,Group B
AA,RB,Baja,La Chorera Norte,5/24/2022,13,0.69,M,14.2,Y,N,NA,1.19,Group B
AA,RB,NorCal,Mendocino South,6/19/2022,7,9.8,As,23.9,Y,Y,NA,-0.78,"""A"""
AA,RB,NorCal,Mendocino South,6/19/2022,7,9.8,As,25.4,Y,Y,NA,-0.78,"""A"""
AA,RB,NorCal,Mendocino South,6/19/2022,7,9.8,As,24.7,Y,Y,NA,-0.78,"""A"""
AA,RB,NorCal,Mendocino South,6/19/2022,7,9.8,As,25.3,Y,Y,NA,-0.78,"""A"""
AA,RB,NorCal,Mendocino South,6/19/2022,7,9.8,As,25.7,Y,Y,NA,-0.78,"""A"""
AA,RB,NorCal,Mendocino South,6/19/2022,7,9.8,As,23.4,Y,Y,NA,-0.78,"""A"""
AA,RB,NorCal,Mendocino South,6/19/2022,7,9.8,As,22.7,Y,Y,NA,-0.78,"""A"""
AA,RB,NorCal,Mendocino South,6/19/2022,7,9.8,As,24.8,Y,Y,NA,-0.78,"""A"""
AA,RB,NorCal,Mendocino South,6/19/2022,7,9.8,As,26.4,Y,Y,NA,-0.78,"""A"""
AA,RB,NorCal,Mendocino South,6/19/2022,7,9.8,As,24.2,Y,Y,NA,-0.78,"""A"""
AA,RB,NorCal,Mendocino South,6/19/2022,7,9.8,As,25.6,Y,Y,NA,-0.78,"""A"""
AA,RB,NorCal,Mendocino South,6/19/2022,7,9.8,As,24.2,Y,Y,NA,-0.78,"""A"""
AA,RB,NorCal,Mendocino South,6/19/2022,7,9.8,As,24.8,Y,Y,NA,-0.78,"""A"""
AA,RB,NorCal,Mendocino South,6/19/2022,7,9.8,As,24.4,Y,Y,NA,-0.78,"""A"""
AA,RB,NorCal,Mendocino South,6/19/2022,7,9.8,As,25.4,Y,Y,NA,-0.78,"""A"""
AA,RB,NorCal,Mendocino South,6/19/2022,NA,NA,As,24.2,Y,Y,R1,0.39,"""B"""
AA,RB,NorCal,Mendocino South,6/19/2022,NA,NA,As,25.4,Y,Y,R2,0.39,"""B"""
AA,RB,NorCal,Mendocino South,6/19/2022,NA,NA,As,26.8,Y,Y,R3,0.39,"""B"""
AA,RB,NorCal,Mendocino South,6/19/2022,NA,NA,As,23.8,Y,Y,R4,0.39,"""B"""
AA,RB,NorCal,Mendocino South,6/19/2022,NA,NA,As,24.7,Y,Y,R5,0.39,"""B"""
AA,RB,NorCal,Mendocino South,6/19/2022,NA,NA,As,25.7,Y,Y,R6,0.39,"""B"""
AA,RB,NorCal,Mendocino South,6/19/2022,NA,NA,As,25.8,Y,Y,R7,0.39,"""B"""
AA,RB,NorCal,Mendocino South,6/19/2022,NA,NA,As,26,Y,Y,R8,0.39,"""B"""
AA,RB,NorCal,Mendocino South,6/19/2022,NA,NA,As,24.9,Y,Y,R9,0.39,"""B"""
AA,RB,NorCal,Mendocino South,6/19/2022,NA,NA,As,25,Y,Y,R10,0.39,"""B"""
AA,RB,NorCal,Mendocino South,6/19/2022,NA,NA,As,24.4,Y,Y,R11,0.39,"""B"""
AA,RB,NorCal,Mendocino South,6/19/2022,NA,NA,As,24.7,Y,Y,R12,0.39,"""B"""
AA,RB,NorCal,Mendocino South,6/19/2022,NA,NA,As,26.5,Y,Y,R13,0.39,"""B"""
AA,RB,NorCal,Mendocino South,6/19/2022,NA,NA,As,24,Y,Y,R14,0.39,"""B"""
AA,RB,NorCal,Mendocino South,6/19/2022,NA,NA,As,25.9,Y,Y,R15,0.39,"""B"""
AA,RB,NorCal,Mendocino South,6/19/2022,NA,NA,As,27.3,Y,Y,R16,0.39,"""B"""
AA,RB,NorCal,Mendocino South,6/19/2022,10,15.2,As,22.8,Y,Y,NA,0.72,"""C""; used lowest TH value for this transect"
AA,RB,NorCal,Mendocino South,6/19/2022,10,15.2,As,25.4,Y,Y,NA,0.72,"""C""; used lowest TH value for this transect"
AA,RB,NorCal,Mendocino South,6/19/2022,10,15.2,As,24.1,Y,Y,NA,0.72,"""C""; used lowest TH value for this transect"
AA,RB,NorCal,Mendocino South,6/19/2022,10,15.2,As,23.9,Y,Y,NA,0.72,"""C""; used lowest TH value for this transect"
AA,RB,NorCal,Mendocino South,6/19/2022,10,15.2,As,22.1,Y,Y,NA,0.72,"""C""; used lowest TH value for this transect"
AA,RB,NorCal,Mendocino South,6/19/2022,10,15.2,As,22.5,Y,Y,NA,0.72,"""C""; used lowest TH value for this transect"
AA,RB,NorCal,Mendocino South,6/19/2022,10,15.2,As,23.9,Y,Y,NA,0.72,"""C""; used lowest TH value for this transect"
AA,RB,NorCal,Mendocino South,6/19/2022,10,15.2,As,24.8,Y,Y,NA,0.72,"""C""; used lowest TH value for this transect"
AA,RB,NorCal,Mendocino South,6/19/2022,10,15.2,As,26.8,Y,Y,NA,0.72,"""C""; used lowest TH value for this transect"
AA,RB,NorCal,Mendocino South,6/19/2022,10,15.2,As,23.8,Y,Y,NA,0.72,"""C""; used lowest TH value for this transect"
AA,RB,NorCal,Mendocino South,6/19/2022,10,15.2,As,24.6,Y,Y,NA,0.72,"""C""; used lowest TH value for this transect"
AA,RB,NorCal,Mendocino South,6/19/2022,10,15.2,As,24,Y,Y,NA,0.72,"""C""; used lowest TH value for this transect"
AA,RB,NorCal,Mendocino South,6/19/2022,10,15.2,As,24.2,Y,Y,NA,0.72,"""C""; used lowest TH value for this transect"
AA,RB,NorCal,Mendocino South,6/19/2022,10,15.2,As,25,Y,Y,NA,0.72,"""C""; used lowest TH value for this transect"
AA,RB,NorCal,Mendocino South,6/19/2022,10,5.4,As,20.3,Y,Y,NA,0.85,"""D"""
AA,RB,NorCal,Mendocino South,6/19/2022,10,5.4,As,25.6,Y,Y,NA,0.85,"""D"""
AA,RB,NorCal,Mendocino South,6/19/2022,10,5.4,As,23.2,Y,Y,NA,0.85,"""D"""
AA,RB,NorCal,Mendocino South,6/19/2022,10,5.4,As,26.8,Y,Y,NA,0.85,"""D"""
AA,RB,NorCal,Mendocino South,6/19/2022,10,5.4,As,25.2,Y,Y,NA,0.85,"""D"""
AA,RB,NorCal,Mendocino South,6/19/2022,10,5.4,As,23.3,Y,Y,NA,0.85,"""D"""
AA,RB,NorCal,Mendocino South,6/19/2022,10,5.4,As,23.9,Y,Y,NA,0.85,"""D"""
AA,RB,NorCal,Mendocino South,6/19/2022,10,5.4,As,24.1,Y,Y,NA,0.85,"""D"""
AA,RB,NorCal,Mendocino South,6/19/2022,10,5.4,As,23.2,Y,Y,NA,0.85,"""D"""
AA,RB,NorCal,Mendocino South,6/19/2022,10,5.4,As,23.7,Y,Y,NA,0.85,"""D"""
AA,RB,NorCal,Mendocino South,6/19/2022,10,5.4,As,20.1,Y,Y,NA,0.85,"""D"""
AA,RB,NorCal,Mendocino South,6/19/2022,10,5.4,As,25.6,Y,Y,NA,0.85,"""D"""
AA,RB,NorCal,Mendocino South,6/19/2022,8,5.15,As,24.5,Y,Y,NA,0.73,"""E"""
AA,RB,NorCal,Mendocino South,6/19/2022,8,5.15,As,25.6,Y,Y,NA,0.73,"""E"""
AA,RB,Baja,La Chorera Norte,5/24/2022,13,0.69,M,13.3,Y,N,NA,1.19,Group B
AA,RB,Baja,La Chorera Norte,5/24/2022,13,0.4,M,11.5,Y,N,NA,1.44,Group B
AA,RB,Baja,La Chorera Norte,5/24/2022,13,0.4,M,16.5,Y,N,NA,1.44,Group A  
AA,RB,NorCal,Moat Creek,6/17/2022,NA,NA,Ap,25.3,Y,Y,R1,1.06,A
AA,RB,NorCal,Moat Creek,6/17/2022,NA,NA,Ap,26.5,Y,Y,R2,1.06,A
AA,RB,NorCal,Moat Creek,6/17/2022,NA,NA,Ap,24.2,Y,Y,R3,1.06,A
AA,RB,NorCal,Moat Creek,6/17/2022,NA,NA,Ap,24.4,Y,Y,R4,1.06,A
AA,RB,NorCal,Moat Creek,6/17/2022,NA,NA,Ap,26.1,Y,Y,R5,1.09,B
AA,RB,NorCal,Moat Creek,6/17/2022,NA,NA,Ap,26.3,Y,Y,R6,1.09,B
AA,RB,NorCal,Moat Creek,6/17/2022,NA,NA,Ap,26.6,Y,Y,R7,1.09,B
AA,RB,NorCal,Moat Creek,6/17/2022,NA,NA,Ap,25.6,Y,Y,R8,1.09,B
AA,RB,NorCal,Moat Creek,6/17/2022,NA,NA,Ap,25.6,Y,Y,R9,1.56,C
AA,RB,NorCal,Moat Creek,6/17/2022,NA,NA,Ap,24,Y,Y,R10,1.56,C
AA,RB,NorCal,Moat Creek,6/17/2022,NA,NA,Ap,27.4,Y,Y,R11,1.55,D
AA,RB,NorCal,Moat Creek,6/17/2022,NA,NA,Ap,25.4,Y,Y,R12,1.55,D
AA,RB,NorCal,Moat Creek,6/17/2022,NA,NA,Ap,24.3,Y,Y,R13,1.55,D
AA,RB,NorCal,Moat Creek,6/17/2022,NA,NA,Ap,24.9,Y,Y,R14,1.62,E
AA,RB,NorCal,Moat Creek,6/17/2022,NA,NA,Ap,23.1,Y,Y,R15,1.4,F
AA,RB,NorCal,Moat Creek,6/17/2022,NA,NA,Ap,24,Y,Y,R16,1.4,F
AA,RB,NorCal,Moat Creek,6/17/2022,NA,NA,Ap,26.1,Y,Y,R17,1.4,F
AA,RB,NorCal,Moat Creek,6/17/2022,NA,NA,Ap,25.2,Y,Y,R18,1.14,G
AA,RB,NorCal,Moat Creek,6/17/2022,NA,NA,Ap,26,Y,Y,R19,1.14,G
AA,RB,NorCal,Moat Creek,6/17/2022,NA,NA,Ap,27.9,Y,Y,R20,1.14,G
AA,RB,NorCal,Moat Creek,6/17/2022,NA,NA,Ap,27.3,Y,Y,R21,1.14,G
AA,RB,NorCal,Moat Creek,6/17/2022,NA,NA,Ap,24.2,Y,Y,R22,0.9,H
AA,RB,NorCal,Moat Creek,6/17/2022,NA,NA,Ap,25.6,Y,Y,R23,0.9,H
AA,RB,NorCal,Moat Creek,6/17/2022,NA,NA,Ap,25.3,Y,Y,R24,0.9,H Did second timed count at secondary location where we saw Aspirata (later ID'd as A. punctulata)
AA,RB,Baja,La Chorera Norte,5/24/2022,13,0.4,M,16.7,Y,N,NA,1.44,Group A  
AA,RB,Baja,La Chorera Norte,5/24/2022,13,0.4,M,17.4,Y,N,NA,1.44,Group A  
AA,RB,Baja,La Chorera Norte,5/24/2022,13,0.4,M,15.2,Y,N,NA,1.44,Group A  
AA,RB,Baja,La Chorera Norte,5/24/2022,13,0.4,M,15,Y,N,NA,1.44,Group A  
AA,RB,Baja,La Chorera Norte,5/24/2022,13,0.4,M,16.6,Y,N,NA,1.44,Group A  
AA,RB,Baja,La Chorera Norte,5/24/2022,13,0.4,M,16.6,Y,N,NA,1.44,Group A
AA,RB,Baja,La Chorera Norte,5/24/2022,13,0.4,M,16.8,Y,N,NA,1.44,Group B
AA,RB,Baja,La Chorera Norte,5/24/2022,13,0.4,M,16.4,Y,N,NA,1.44,Group B
AA,RB,Baja,La Chorera Norte,5/24/2022,13,0.4,M,15.1,Y,N,NA,1.44,Group B
AA,RB,Baja,La Chorera Norte,5/24/2022,13,0.4,M,14.4,Y,N,NA,1.44,Group B
AA,RB,Baja,La Chorera Norte,5/24/2022,13,0.4,M,13.3,Y,N,NA,1.44,Group B
AA,RB,Baja,La Chorera Norte,5/24/2022,13,0.4,M,14,Y,N,NA,1.44,Group B
AA,RB,Baja,La Chorera Norte,5/24/2022,13,0.4,M,13.1,Y,N,NA,1.44,Group B
AA,RB,NorCal,Dillon Beach,6/15/2022,21,4.85,As,22.5,Y,N,NA,0.94,
AA,RB,NorCal,Dillon Beach,6/15/2022,21,4.85,As,21.2,Y,N,NA,0.94,
AA,RB,NorCal,Dillon Beach,6/15/2022,21,4.85,As,25,Y,N,NA,0.94,
AA,RB,NorCal,Dillon Beach,6/15/2022,21,4.85,As,28.1,Y,N,NA,0.94,
AA,RB,NorCal,Dillon Beach,6/15/2022,21,5.51,As,21.3,Y,N,NA,0.69,
AA,RB,NorCal,Dillon Beach,6/15/2022,21,5.51,As,23,Y,N,NA,0.69,
AA,RB,NorCal,Dillon Beach,6/15/2022,21,5.51,As,19.9,Y,N,NA,0.69,
AA,RB,NorCal,Dillon Beach,6/15/2022,14,15.16,As,17.4,Y,N,NA,0.43,
AA,RB,NorCal,Dillon Beach,6/15/2022,14,15.16,As,22.3,Y,N,NA,0.43,
AA,RB,NorCal,Dillon Beach,6/15/2022,14,15.16,As,20,Y,N,NA,0.43,
AA,RB,NorCal,Dillon Beach,6/15/2022,14,5.29,As,17.5,Y,N,NA,0.93,
AA,RB,NorCal,Dillon Beach,6/15/2022,14,5.29,As,22.7,Y,N,NA,0.93,
AA,RB,NorCal,Dillon Beach,6/15/2022,14,5.29,As,24,Y,N,NA,0.93,
AA,RB,NorCal,Dillon Beach,6/15/2022,14,5.29,As,25.5,Y,N,NA,0.93,
AA,RB,NorCal,Dillon Beach,6/15/2022,14,5.29,As,22.7,Y,N,NA,0.93,
AA,RB,NorCal,Dillon Beach,6/15/2022,14,5.29,As,27.9,Y,N,NA,0.93,
AA,RB,NorCal,Dillon Beach,6/15/2022,14,5.29,As,25,Y,N,NA,0.93,
AA,RB,NorCal,Dillon Beach,6/15/2022,14,5.29,As,23,Y,N,NA,0.93,
AA,RB,NorCal,Dillon Beach,6/15/2022,14,5.29,As,23.1,Y,N,NA,0.93,
AA,RB,NorCal,Dillon Beach,6/15/2022,14,5.29,As,28.6,Y,N,NA,0.93,
AA,RB,NorCal,Dillon Beach,6/15/2022,14,5.29,As,23,Y,N,NA,0.93,
AA,RB,NorCal,Dillon Beach,6/15/2022,13,5.45,As,21.8,Y,N,NA,0.81,
AA,RB,NorCal,Dillon Beach,6/15/2022,13,5.45,As,20.9,Y,N,NA,0.81,
AA,RB,NorCal,Dillon Beach,6/15/2022,13,4.38,As,22.4,Y,N,NA,1.06,
AA,RB,NorCal,Dillon Beach,6/15/2022,3,5.12,As,25.3,Y,N,NA,1.08,
AA,RB,NorCal,Dillon Beach,6/15/2022,3,5.12,As,21.2,Y,N,NA,1.08,
AA,RB,NorCal,Dillon Beach,6/15/2022,3,5.12,As,23.9,Y,N,NA,1.08,
AA,RB,NorCal,Dillon Beach,6/15/2022,3,5.12,As,25.2,Y,N,NA,1.08,
AA,RB,NorCal,Dillon Beach,6/15/2022,0,7.45,As,26.7,Y,N,NA,0.95,
AA,RB,NorCal,Dillon Beach,6/15/2022,0,7.45,As,26.5,Y,N,NA,0.95,
AA,RB,NorCal,Dillon Beach,6/15/2022,0,7.45,As,23.5,Y,N,NA,0.95,
AA,RB,NorCal,Dillon Beach,6/15/2022,0,7.45,As,25.8,Y,N,NA,0.95,
AA,RB,NorCal,Dillon Beach,6/15/2022,0,7.45,As,24.3,Y,N,NA,0.95,
AA,RB,NorCal,Dillon Beach,6/15/2022,0,7.45,As,20.3,Y,N,NA,0.95,
AA,RB,NorCal,Dillon Beach,6/15/2022,0,7.45,As,16.4,Y,N,NA,0.95,
AA,RB,NorCal,Dillon Beach,6/15/2022,21,5.7,As,19,Y,Y,NA,0.82,A
AA,RB,NorCal,Dillon Beach,6/15/2022,21,5.7,As,19.2,Y,Y,NA,0.82,A
AA,RB,NorCal,Dillon Beach,6/15/2022,21,5.7,As,20.8,Y,Y,NA,0.82,A
AA,RB,NorCal,Dillon Beach,6/15/2022,21,5.7,As,19.7,Y,Y,NA,0.82,A
AA,RB,NorCal,Dillon Beach,6/15/2022,21,5.7,As,20.6,Y,Y,NA,0.82,A
AA,RB,NorCal,Dillon Beach,6/15/2022,21,5.7,As,20.1,Y,Y,NA,0.82,A
AA,RB,NorCal,Dillon Beach,6/15/2022,21,5.7,As,17.6,Y,Y,NA,0.82,A
AA,RB,NorCal,Dillon Beach,6/15/2022,21,5.7,As,17.8,Y,Y,NA,0.82,A
AA,RB,NorCal,Dillon Beach,6/15/2022,21,5.7,As,21.4,Y,Y,NA,0.82,A
AA,RB,NorCal,Dillon Beach,6/15/2022,21,5.7,As,14.4,Y,Y,NA,0.82,A
AA,RB,NorCal,Dillon Beach,6/15/2022,21,4.6,As,23.3,Y,Y,NA,0.94,B; assigned highest TH possible for this group
AA,RB,NorCal,Dillon Beach,6/15/2022,21,4.6,As,22.5,Y,Y,NA,0.94,B; assigned highest TH possible for this group
AA,RB,NorCal,Dillon Beach,6/15/2022,21,4.6,As,22.1,Y,Y,NA,0.94,B; assigned highest TH possible for this group
AA,RB,NorCal,Dillon Beach,6/15/2022,21,4.6,As,22.4,Y,Y,NA,0.94,B; assigned highest TH possible for this group
AA,RB,NorCal,Dillon Beach,6/15/2022,21,4.6,As,23,Y,Y,NA,0.94,B; assigned highest TH possible for this group
AA,RB,NorCal,Dillon Beach,6/15/2022,21,4.6,As,20.2,Y,Y,NA,0.94,B; assigned highest TH possible for this group
AA,RB,NorCal,Dillon Beach,6/15/2022,21,4.6,As,23.1,Y,Y,NA,0.94,B; assigned highest TH possible for this group
AA,RB,NorCal,Dillon Beach,6/15/2022,21,4.6,As,19.3,Y,Y,NA,0.94,B; assigned highest TH possible for this group
AA,RB,NorCal,Dillon Beach,6/15/2022,21,4.6,As,24.2,Y,Y,NA,0.94,B; assigned highest TH possible for this group
AA,RB,NorCal,Dillon Beach,6/15/2022,21,4.6,As,21.8,Y,Y,NA,0.94,B; assigned highest TH possible for this group
AA,RB,NorCal,Dillon Beach,6/15/2022,21,4.6,As,28.7,Y,Y,NA,0.94,B; assigned highest TH possible for this group
AA,RB,NorCal,Dillon Beach,6/15/2022,21,4.6,As,24.4,Y,Y,NA,0.94,B; assigned highest TH possible for this group
AA,RB,NorCal,Dillon Beach,6/15/2022,21,4.6,As,20.3,Y,Y,NA,0.94,B; assigned highest TH possible for this group
AA,RB,NorCal,Dillon Beach,6/15/2022,21,4.6,As,20.1,Y,Y,NA,0.94,B; assigned highest TH possible for this group
AA,RB,NorCal,Dillon Beach,6/15/2022,21,4.6,As,23.7,Y,Y,NA,0.94,B; assigned highest TH possible for this group
AA,RB,NorCal,Dillon Beach,6/15/2022,21,4.6,As,21.1,Y,Y,NA,0.94,B; assigned highest TH possible for this group
AA,RB,NorCal,Dillon Beach,6/15/2022,21,4.6,As,21.7,Y,Y,NA,0.94,B; assigned highest TH possible for this group
AA,RB,NorCal,Dillon Beach,6/15/2022,21,4.6,As,23.5,Y,Y,NA,0.94,B; assigned highest TH possible for this group
AA,RB,NorCal,Dillon Beach,6/15/2022,21,4.6,As,21.8,Y,Y,NA,0.94,B; assigned highest TH possible for this group
AA,RB,NorCal,Dillon Beach,6/15/2022,21,4.6,As,24.5,Y,Y,NA,0.94,B; assigned highest TH possible for this group
AA,RB,NorCal,Dillon Beach,6/15/2022,21,4.6,As,24,Y,Y,NA,0.94,B; assigned highest TH possible for this group
AA,RB,NorCal,Dillon Beach,6/15/2022,21,4.6,As,20.8,Y,Y,NA,0.94,B; assigned highest TH possible for this group
AA,RB,NorCal,Dillon Beach,6/15/2022,21,4.6,As,22.3,Y,Y,NA,0.94,B; assigned highest TH possible for this group
AA,RB,NorCal,Dillon Beach,6/15/2022,21,4.6,As,21.5,Y,Y,NA,0.94,B; assigned highest TH possible for this group
AA,RB,NorCal,Dillon Beach,6/15/2022,21,4.6,As,21.7,Y,Y,NA,0.94,B; assigned highest TH possible for this group
AA,RB,NorCal,Dillon Beach,6/15/2022,21,4.6,As,20.6,Y,Y,NA,0.94,B; assigned highest TH possible for this group
AA,RB,NorCal,Dillon Beach,6/15/2022,21,4.6,As,23.2,Y,Y,NA,0.94,B; assigned highest TH possible for this group
AA,RB,NorCal,Dillon Beach,6/15/2022,21,4.6,As,21.8,Y,Y,NA,0.94,B; assigned highest TH possible for this group
AA,RB,NorCal,Dillon Beach,6/15/2022,21,4.6,As,22,Y,Y,NA,0.94,B; assigned highest TH possible for this group
AA,RB,NorCal,Dillon Beach,6/15/2022,21,4.6,As,22,Y,Y,NA,0.94,B; assigned highest TH possible for this group
AA,RB,NorCal,Dillon Beach,6/15/2022,21,4.6,As,20.1,Y,Y,NA,0.94,B; assigned highest TH possible for this group
AA,RB,NorCal,Dillon Beach,6/15/2022,21,4.6,As,20,Y,Y,NA,0.94,B; assigned highest TH possible for this group
AA,RB,NorCal,Dillon Beach,6/15/2022,21,4.6,As,28.3,Y,Y,NA,0.94,B; assigned highest TH possible for this group
AA,RB,NorCal,Dillon Beach,6/15/2022,21,2.15,As,18.8,Y,Y,NA,0.94,B; assigned highest TH possible for this group
AA,RB,NorCal,Dillon Beach,6/15/2022,21,4.7,As,27.9,Y,Y,NA,0.94,B; assigned highest TH possible for this group
AA,RB,NorCal,Dillon Beach,6/15/2022,21,4.7,As,26.7,Y,Y,NA,0.94,B; assigned highest TH possible for this group
AA,RB,NorCal,Dillon Beach,6/15/2022,21,4.7,As,23,Y,Y,NA,0.94,B; assigned highest TH possible for this group
AA,RB,NorCal,Dillon Beach,6/15/2022,21,4.7,As,24.2,Y,Y,NA,0.94,B; assigned highest TH possible for this group
AA,RB,NorCal,Dillon Beach,6/15/2022,21,4.7,As,23.9,Y,Y,NA,0.94,B; assigned highest TH possible for this group
AA,RB,NorCal,Dillon Beach,6/15/2022,21,4.7,As,29,Y,Y,NA,0.94,B; assigned highest TH possible for this group
AA,RB,NorCal,Dillon Beach,6/15/2022,21,4.7,As,25.8,Y,Y,NA,0.94,B; assigned highest TH possible for this group
AA,RB,NorCal,Dillon Beach,6/15/2022,21,4.7,As,24.1,Y,Y,NA,0.94,B; assigned highest TH possible for this group
AA,RB,NorCal,Dillon Beach,6/15/2022,21,4.7,As,21.7,Y,Y,NA,0.94,B; assigned highest TH possible for this group
AA,RB,NorCal,Dillon Beach,6/15/2022,21,4.7,As,22.2,Y,Y,NA,0.94,B; assigned highest TH possible for this group
AA,RB,NorCal,Dillon Beach,6/15/2022,21,4.7,As,21,Y,Y,NA,0.94,B; assigned highest TH possible for this group
AA,RB,NorCal,Dillon Beach,6/15/2022,21,4.7,As,21.1,Y,Y,NA,0.94,B; assigned highest TH possible for this group
AA,RB,NorCal,Dillon Beach,6/15/2022,21,4.7,As,19.5,Y,Y,NA,0.94,B; assigned highest TH possible for this group; no Nucella measured in timed count
AA,RB,NorCal,Dillon Beach,6/15/2022,0,13.7,As,24.3,Y,N,NA,0.7,
AA,RB,NorCal,Dillon Beach,6/15/2022,0,13.7,As,25.9,Y,N,NA,0.7,
AA,RB,NorCal,Dillon Beach,6/15/2022,0,13.7,As,25.9,Y,N,NA,0.7,
AA,RB,NorCal,Dillon Beach,6/15/2022,0,13.7,As,27.6,Y,N,NA,0.7,
AA,RB,NorCal,Dillon Beach,6/15/2022,0,13.7,As,21.9,Y,N,NA,0.7,
AA,RB,NorCal,Dillon Beach,6/15/2022,0,13.7,As,24.5,Y,N,NA,0.7,
AA,RB,NorCal,Dillon Beach,6/15/2022,0,13.7,As,27.9,Y,N,NA,0.7,
AA,RB,NorCal,Dillon Beach,6/15/2022,0,13.7,As,23.9,Y,N,NA,0.7,
AA,RB,NorCal,Dillon Beach,6/15/2022,0,13.7,As,23.8,Y,N,NA,0.7,
AA,RB,NorCal,Dillon Beach,6/15/2022,0,20.1,As,NA,Y,N,NA,0.2,Not measured - survey done from photo
AA,RB,NorCal,Sea Ranch,6/16/2022,25,1.84,Ne,13.1,Y,N,NA,1.81,
AA,RB,NorCal,Sea Ranch,6/16/2022,25,1.84,Ne,20,Y,N,NA,1.81,
AA,RB,NorCal,Sea Ranch,6/16/2022,23,2.75,Ne,14.2,Y,N,NA,1.45,
AA,RB,NorCal,Sea Ranch,6/16/2022,23,2.25,Ne,15.5,Y,N,NA,1.7,
AA,RB,NorCal,Sea Ranch,6/16/2022,23,2.25,Ne,13,Y,N,NA,1.7,
AA,RB,NorCal,Sea Ranch,6/16/2022,23,2.25,Ne,16,Y,N,NA,1.7,
AA,RB,NorCal,Sea Ranch,6/16/2022,23,0,Ne,11.9,Y,N,NA,2.45,
AA,RB,NorCal,Sea Ranch,6/16/2022,23,0,Ne,10,Y,N,NA,2.45,
AA,RB,NorCal,Sea Ranch,6/16/2022,20,0.42,Ne,12.1,Y,N,NA,1.99,
AA,RB,NorCal,Sea Ranch,6/16/2022,6,5.11,Ne,18.2,Y,N,NA,1.56,
AA,RB,NorCal,Sea Ranch,6/16/2022,6,2.15,Ne,11.6,Y,N,NA,2.31,Assumed that 12.15 indicated 2.15 b/c 12.15 does not exist
AA,RB,NorCal,Sea Ranch,6/16/2022,6,2.15,Ne,14.1,Y,N,NA,2.31,Assumed that 12.15 indicated 2.15 b/c 12.15 does not exist
AA,RB,NorCal,Sea Ranch,6/16/2022,12,3.5,Nc,6.8,Y,N,NA,1.21,
AA,RB,NorCal,Sea Ranch,6/16/2022,12,2.31,Ne,16.7,Y,N,NA,1.46,
AA,RB,NorCal,Rancho Marino,6/14/2022,7,5.2,Nc,17.9,Y,Y,NA,1.15,
AA,RB,NorCal,Rancho Marino,6/14/2022,7,5.2,Nc,15.1,Y,Y,NA,1.15,
AA,RB,NorCal,Rancho Marino,6/14/2022,NA,NA,Ap,17.2,Y,Y,R1,0.82,
AA,RB,NorCal,Rancho Marino,6/14/2022,1,2,Nc,16.2,Y,Y,NA,1.08,
AA,RB,NorCal,Rancho Marino,6/14/2022,1,2,Nc,15.8,Y,Y,NA,1.08,
AA,RB,NorCal,Rancho Marino,6/14/2022,1,2,Nc,17,Y,Y,NA,1.08,
AA,RB,NorCal,Rancho Marino,6/14/2022,1,2,Nc,16.9,Y,Y,NA,1.08,
AA,RB,NorCal,Rancho Marino,6/14/2022,1,2,Nc,12.7,Y,Y,NA,1.08,
AA,RB,NorCal,Rancho Marino,6/14/2022,1,2,Nc,14.1,Y,Y,NA,1.08,
AA,RB,NorCal,Rancho Marino,6/14/2022,1,2,Nc,14.5,Y,Y,NA,1.08,
AA,RB,NorCal,Rancho Marino,6/14/2022,1,2,Nc,14.2,Y,Y,NA,1.08,
AA,RB,NorCal,Rancho Marino,6/14/2022,1,2,Nc,15,Y,Y,NA,1.08,
AA,RB,NorCal,Rancho Marino,6/14/2022,1,2,Nc,16.6,Y,Y,NA,1.08,
AA,RB,NorCal,Rancho Marino,6/14/2022,1,2,Nc,13.9,Y,Y,NA,1.08,
AA,RB,NorCal,Rancho Marino,6/14/2022,1,2,Nc,12.5,Y,Y,NA,1.08,
AA,RB,NorCal,Rancho Marino,6/14/2022,1,2,Nc,14.9,Y,Y,NA,1.08,
AA,RB,NorCal,Rancho Marino,6/14/2022,1,2,Nc,13.9,Y,Y,NA,1.08,
AA,RB,NorCal,Rancho Marino,6/14/2022,1,2,Ne,20.9,Y,Y,NA,1.08,
AA,RB,NorCal,Rancho Marino,6/14/2022,1,7.5,Nc,12.1,Y,Y,NA,0.58,
AA,RB,NorCal,Rancho Marino,6/14/2022,1,7.5,Nc,15.3,Y,Y,NA,0.58,
AA,RB,NorCal,Rancho Marino,6/14/2022,1,7.5,Nc,19.2,Y,Y,NA,0.58,
AA,RB,NorCal,Rancho Marino,6/14/2022,1,3,Nc,14.5,Y,Y,NA,0.83,No photos of either sp
AA,RB,NorCal,Sea Ranch,6/16/2022,12,2.31,Ne,12.9,Y,N,NA,1.46,
AA,RB,NorCal,Sea Ranch,6/16/2022,12,0.98,Ne,14.1,Y,N,NA,2.21,
AA,RB,NorCal,Sea Ranch,6/16/2022,12,0.47,Ne,13,Y,N,NA,2.46,
AA,RB,NorCal,Sea Ranch,6/16/2022,12,0.47,Ne,13.9,Y,N,NA,2.46,
AA,RB,NorCal,Sea Ranch,6/16/2022,12,0.47,Ne,12.4,Y,N,NA,2.46,
AA,RB,NorCal,Sea Ranch,6/16/2022,12,0.47,Ne,12.1,Y,N,NA,2.46,
AA,RB,NorCal,Sea Ranch,6/16/2022,12,0.47,Ne,9.1,Y,N,NA,2.46,
AA,RB,NorCal,Sea Ranch,6/16/2022,12,0.47,Ne,11.6,Y,N,NA,2.46,
AA,RB,NorCal,Sea Ranch,6/16/2022,12,0.47,Ne,12.6,Y,N,NA,2.46,
AA,RB,NorCal,Sea Ranch,6/16/2022,12,0.47,Ne,11.4,Y,N,NA,2.46,
AA,RB,NorCal,Sea Ranch,6/16/2022,12,0,Ne,10.4,Y,N,NA,2.71,
AA,RB,NorCal,Sea Ranch,6/16/2022,12,0,Ne,10.4,Y,N,NA,2.71,
AA,RB,NorCal,Sea Ranch,6/16/2022,12,3.5,Ne,28.7,Y,N,NA,1.21,no acanth in timed count
AA,RB,NorCal,Mendocino North,6/18/2022,0,1,Ne,22.2,Y,N,NA,1.01,
AA,RB,NorCal,Mendocino North,6/18/2022,0,1,Ne,24,Y,N,NA,1.01,
AA,RB,NorCal,Mendocino North,6/18/2022,0,1,Ne,21.4,Y,N,NA,1.01,
AA,RB,NorCal,Mendocino North,6/18/2022,0,1,Ne,18.9,Y,N,NA,1.01,
AA,RB,NorCal,Mendocino North,6/18/2022,0,1,Ne,20,Y,N,NA,1.01,
AA,RB,NorCal,Mendocino North,6/18/2022,0,0.65,Ne,18.9,Y,N,NA,1.26,
AA,RB,NorCal,Mendocino North,6/18/2022,0,0.65,Ne,19,Y,N,NA,1.26,
AA,RB,NorCal,Mendocino North,6/18/2022,0,0.65,Ne,19.7,Y,N,NA,1.26,
AA,RB,NorCal,Mendocino North,6/18/2022,0,0.65,Ne,19.1,Y,N,NA,1.26,
AA,RB,NorCal,Mendocino North,6/18/2022,0,0.65,Ne,22.9,Y,N,NA,1.26,
AA,RB,NorCal,Coal Oil,6/13/2022,NA,NA,As,21.9,Y,Y,R1,0.13,
AA,RB,NorCal,Coal Oil,6/13/2022,NA,NA,As,18.6,Y,Y,R2,0.13,
AA,RB,NorCal,Coal Oil,6/13/2022,NA,NA,As,24.1,Y,Y,R3,0.13,
AA,RB,NorCal,Coal Oil,6/13/2022,NA,NA,As,17.5,Y,Y,R4,0.13,
AA,RB,NorCal,Coal Oil,6/13/2022,NA,NA,As,19.3,Y,Y,R5,0.13,
AA,RB,NorCal,Coal Oil,6/13/2022,NA,NA,As,21.3,Y,Y,R6,0.13,
AA,RB,NorCal,Coal Oil,6/13/2022,NA,NA,As,21.2,Y,Y,R7,0.13,
AA,RB,NorCal,Coal Oil,6/13/2022,NA,NA,As,19.3,Y,Y,R8,0.13,
AA,RB,NorCal,Coal Oil,6/13/2022,NA,NA,As,21.5,Y,Y,R9,0.13,
AA,RB,NorCal,Coal Oil,6/13/2022,NA,NA,As,18,Y,Y,R10,0.13,
AA,RB,NorCal,Coal Oil,6/13/2022,NA,NA,As,20.3,Y,Y,R11,0.13,
AA,RB,NorCal,Coal Oil,6/13/2022,NA,NA,As,21.5,Y,Y,R12,0.13,
AA,RB,NorCal,Coal Oil,6/13/2022,NA,NA,As,24.6,Y,Y,R13,0.13,
AA,RB,NorCal,Coal Oil,6/13/2022,NA,NA,As,20.7,Y,Y,R14,0.13,
AA,RB,NorCal,Coal Oil,6/13/2022,NA,NA,As,22.1,Y,Y,R15,0.13,
AA,RB,NorCal,Coal Oil,6/13/2022,NA,NA,As,21,Y,Y,R16,0.13,
AA,RB,NorCal,Coal Oil,6/13/2022,NA,NA,As,17.5,Y,Y,R17,0.13,
AA,RB,NorCal,Coal Oil,6/13/2022,NA,NA,As,22.8,Y,Y,R18,0.13,
AA,RB,NorCal,Coal Oil,6/13/2022,NA,NA,As,19.8,Y,Y,R19,0.13,
AA,RB,NorCal,Coal Oil,6/13/2022,NA,NA,As,19.9,Y,Y,R20,0.13,
AA,RB,NorCal,Coal Oil,6/13/2022,NA,NA,As,17.6,Y,Y,R21,0.13,
AA,RB,NorCal,Coal Oil,6/13/2022,NA,NA,As,20.4,Y,Y,R22,0.13,
AA,RB,NorCal,Coal Oil,6/13/2022,NA,NA,As,21.8,Y,Y,R23,0.14,
AA,RB,NorCal,Coal Oil,6/13/2022,NA,NA,As,18.4,Y,Y,R24,0.14,
AA,RB,NorCal,Coal Oil,6/13/2022,NA,NA,As,18.7,Y,Y,R25,0.14,
AA,RB,NorCal,Coal Oil,6/13/2022,NA,NA,As,22.1,Y,Y,R26,0.14,
AA,RB,NorCal,Coal Oil,6/13/2022,NA,NA,As,20.7,Y,Y,R27,0.14,
AA,RB,NorCal,Coal Oil,6/13/2022,NA,NA,As,20.4,Y,Y,R28,0.14,
AA,RB,NorCal,Coal Oil,6/13/2022,NA,NA,As,24,Y,Y,R29,0.14,
AA,RB,NorCal,Coal Oil,6/13/2022,NA,NA,As,20.6,Y,Y,R30,0.14,
AA,RB,NorCal,Coal Oil,6/13/2022,NA,NA,As,23.3,Y,Y,R31,0.14,
AA,RB,NorCal,Coal Oil,6/13/2022,NA,NA,As,20,Y,Y,R32,0.14,
AA,RB,NorCal,Coal Oil,6/13/2022,NA,NA,As,19.6,Y,Y,R33,0.14,
AA,RB,NorCal,Coal Oil,6/13/2022,NA,NA,As,22.1,Y,Y,R34,0.14,
AA,RB,NorCal,Coal Oil,6/13/2022,NA,NA,As,21.8,Y,Y,R35,0.14,
AA,RB,NorCal,Mendocino North,6/18/2022,0,0,Ne,19,Y,N,NA,1.51,
AA,RB,NorCal,Mendocino North,6/18/2022,15,1.16,Ol,24.9,Y,N,NA,0.66,
RB,AA,SoCal,Crystal Cove,4/21/2022,14,6.2,As,12.2,Y,Y,NA,0.78,
RB,AA,SoCal,Crystal Cove,4/21/2022,14,0.64,As,16.2,Y,Y,NA,0.78,Just N of transect
RB,AA,SoCal,Crystal Cove,4/21/2022,14,9,As,16.1,Y,Y,NA,0.78,
RB,AA,SoCal,Crystal Cove,4/21/2022,22,5.31,As,14.9,Y,Y,NA,0.63,"Used lowest TH on transect, but real TH is probably lower"
RB,AA,SoCal,Crystal Cove,4/21/2022,22,5.31,As,15.4,Y,Y,NA,0.63,"Used lowest TH on transect, but real TH is probably lower"
RB,AA,SoCal,Crystal Cove,4/21/2022,22,5.31,As,16.1,Y,Y,NA,0.63,"Used lowest TH on transect, but real TH is probably lower"
RB,AA,SoCal,Crystal Cove,4/21/2022,22,5.7,As,15.8,Y,Y,NA,0.63,"Used lowest TH on transect, but real TH is probably lower"
RB,AA,SoCal,Crystal Cove,4/21/2022,22,5.7,As,16.8,Y,Y,NA,0.63,"Used lowest TH on transect, but real TH is probably lower"
RB,AA,SoCal,Crystal Cove,4/21/2022,22,5.7,As,16.4,Y,Y,NA,0.63,"Used lowest TH on transect, but real TH is probably lower"
RB,AA,SoCal,Crystal Cove,4/21/2022,22,10.5,As,18.1,Y,Y,NA,0.63,"Used lowest TH on transect, but real TH is probably lower"
AA,RB,NorCal,Mendocino North,6/18/2022,15,0,Ne,21,Y,N,NA,1.41,
AA,RB,NorCal,Mendocino North,6/18/2022,23,17.73,Ne,22.2,Y,N,NA,0.47,
RB,AA,SoCal,Shaw's Cove,4/20/2022,13,7.55,Ne,NA,Y,N,NA,0.36,Whelk could not be measured - in crack
RB,AA,SoCal,Shaw's Cove,4/20/2022,18,4.09,Ne,23,Y,Y,NA,1.03,
RB,AA,SoCal,Shaw's Cove,4/20/2022,18,7.7,As,19.9,Y,Y,NA,0.66,
RB,AA,SoCal,Shaw's Cove,4/20/2022,18,7.7,As,12.5,Y,Y,NA,0.66,
RB,AA,SoCal,Shaw's Cove,4/20/2022,18,7.7,As,19.7,Y,Y,NA,0.66,
RB,AA,SoCal,Shaw's Cove,4/20/2022,18,7.7,As,19.3,Y,Y,NA,0.66,
RB,AA,SoCal,Shaw's Cove,4/20/2022,18,7.7,As,12,Y,Y,NA,0.66,
RB,AA,SoCal,Shaw's Cove,4/20/2022,18,7.7,As,25.5,Y,Y,NA,0.66,
RB,AA,SoCal,Shaw's Cove,4/20/2022,18,7.7,As,12.4,Y,Y,NA,0.66,
RB,AA,SoCal,Shaw's Cove,4/20/2022,18,7.7,As,18.1,Y,Y,NA,0.66,
RB,AA,SoCal,Shaw's Cove,4/20/2022,18,7.7,As,22,Y,Y,NA,0.66,
RB,AA,SoCal,Shaw's Cove,4/20/2022,18,7.7,As,18,Y,Y,NA,0.66,
RB,AA,SoCal,Shaw's Cove,4/20/2022,18,7.7,As,12.6,Y,Y,NA,0.66,
RB,AA,SoCal,Shaw's Cove,4/20/2022,18,7.7,As,11.9,Y,Y,NA,0.66,
RB,AA,SoCal,Shaw's Cove,4/20/2022,18,7.7,As,12.5,Y,Y,NA,0.66,
RB,AA,SoCal,Shaw's Cove,4/20/2022,18,7.7,As,12.4,Y,Y,NA,0.66,
RB,AA,SoCal,Shaw's Cove,4/20/2022,18,7.7,As,12,Y,Y,NA,0.66,
RB,AA,SoCal,Shaw's Cove,4/20/2022,18,7.7,As,11.5,Y,Y,NA,0.66,
RB,AA,SoCal,Shaw's Cove,4/20/2022,18,7.7,As,19.3,Y,Y,NA,0.66,
RB,AA,SoCal,Shaw's Cove,4/20/2022,18,7.7,As,18.9,Y,Y,NA,0.66,
RB,AA,SoCal,Shaw's Cove,4/20/2022,18,7.7,As,12.5,Y,Y,NA,0.66,
RB,AA,SoCal,Shaw's Cove,4/20/2022,18,7.7,As,19,Y,Y,NA,0.66,
RB,AA,SoCal,Shaw's Cove,4/20/2022,15,4,Ne,23.1,Y,Y,NA,0.89,
AA,RB,NorCal,Mendocino North,6/18/2022,25,10.47,Nc,30,Y,N,NA,0.34,
AA,RB,NorCal,Mendocino North,6/18/2022,25,1.03,Ol,22.9,Y,N,NA,0.84,
AA,RB,NorCal,Mendocino North,6/18/2022,25,0,Ol,23.1,Y,N,NA,1.59,
AA,RB,NorCal,Mendocino North,6/18/2022,23,0,Ne,18.8,Y,N,NA,1.22,
AA,RB,NorCal,Mendocino North,6/18/2022,23,0,Ne,20.5,Y,N,NA,1.22,
AA,RB,NorCal,Mendocino North,6/18/2022,23,0,Ne,21.2,Y,N,NA,1.22,
AA,RB,NorCal,Mendocino North,6/18/2022,14,23.89,Ol,22.1,Y,N,NA,0.53,
RB,AA,SoCal,Heisler Park,4/13/2022,NA,NA,M,32.8,Y,Y,R1,0.94,
RB,AA,SoCal,Heisler Park,4/13/2022,NA,NA,M,26.5,Y,Y,R2,0.94,
RB,AA,SoCal,Heisler Park,4/13/2022,NA,NA,M,33.3,Y,Y,R3,0.94,
RB,AA,SoCal,Swami's,4/15/2022,8,4.89,M,31,Y,Y,NA,1.19,Under overhang near mussels
RB,AA,SoCal,Swami's,4/15/2022,8,14.5,As,12,Y,Y,NA,0.75,On platform in mussel bed
RB,AA,SoCal,Swami's,4/15/2022,8,15.7,M,28,Y,Y,NA,0.81,
RB,AA,SoCal,Swami's,4/15/2022,8,15.7,M,22,Y,Y,NA,0.81,
RB,AA,SoCal,Swami's,4/15/2022,8,15.7,M,25,Y,Y,NA,0.81,
RB,AA,SoCal,Swami's,4/15/2022,8,15.7,M,33,Y,Y,NA,0.81,
RB,AA,SoCal,Swami's,4/15/2022,8,15.7,M,25,Y,Y,NA,0.81,
RB,AA,SoCal,Swami's,4/15/2022,8,15.7,M,29,Y,Y,NA,0.81,
RB,AA,SoCal,Swami's,4/15/2022,8,15.7,M,32,Y,Y,NA,0.81,
AA,RB,NorCal,Mendocino North,6/18/2022,14,21.4,Ol,22.2,Y,N,NA,0.78,
RB,AA,SoCal,Swami's,4/15/2022,1,9.3,M,28.7,Y,Y,NA,1.13,
RB,AA,SoCal,Swami's,4/15/2022,1,9.3,M,26.9,Y,Y,NA,1.13,
RB,AA,SoCal,Swami's,4/15/2022,1,8.78,M,26.5,Y,Y,NA,1.13,
RB,AA,SoCal,Swami's,4/15/2022,1,3.78,M,14.7,Y,Y,NA,1.07,
AA,RB,NorCal,Mendocino North,6/18/2022,14,0.53,Ne,16.4,Y,N,NA,1.53,
AA,RB,NorCal,Mendocino South,6/19/2022,9,1.89,Ne,23.3,Y,N,NA,1.19,
AA,RB,NorCal,Mendocino South,6/19/2022,8,15.34,As,24.7,Y,N,NA,0.6,
AA,RB,NorCal,Mendocino South,6/19/2022,8,15.34,As,24.5,Y,N,NA,0.6,
AA,RB,NorCal,Mussel Rock,6/20/2022,18,0.32,Ne,16,Y,N,NA,1.24,
AA,RB,NorCal,Mussel Rock,6/20/2022,18,0.32,Ne,12.5,Y,N,NA,1.24,
AA,RB,NorCal,Mussel Rock,6/20/2022,18,0.32,Nc,12,Y,N,NA,1.24,
AA,RB,NorCal,Mussel Rock,6/20/2022,13,2.58,Ne,12,Y,N,NA,1.46,
AA,RB,NorCal,Mussel Rock,6/20/2022,13,2.58,Ne,16.4,Y,N,NA,1.46,
AA,RB,NorCal,Mussel Rock,6/20/2022,11,0,Ne,12,Y,N,NA,1.84,
AA,RB,NorCal,Mussel Rock,6/20/2022,10,1.6,Ne,26.5,Y,N,NA,1.6,
AA,RB,NorCal,Mussel Rock,6/20/2022,10,1.6,Ne,18.2,Y,N,NA,1.6,
AA,RB,NorCal,Mussel Rock,6/20/2022,10,1.81,Ne,10.6,Y,N,NA,1.35,
AA,RB,NorCal,Mussel Rock,6/20/2022,10,2.35,Ne,13.9,Y,N,NA,0.85,
AA,RB,NorCal,Mussel Rock,6/20/2022,10,2.35,Ne,12.9,Y,N,NA,0.85,
AA,RB,NorCal,Mussel Rock,6/20/2022,9,0,Ne,17.4,Y,N,NA,1.81,
AA,RB,NorCal,Mussel Rock,6/20/2022,9,0,Ne,18.4,Y,N,NA,1.81,
AA,RB,NorCal,Mussel Rock,6/20/2022,9,0,Ne,19.1,Y,N,NA,1.81,
RB,AA,SoCal,Scripps,4/27/2022,NA,NA,As,27.3,Y,Y,R1,2.3,
RB,AA,SoCal,Scripps,4/27/2022,NA,NA,M,25.4,Y,Y,R2,0.45,
RB,AA,SoCal,Scripps,4/27/2022,NA,NA,M,15.9,Y,Y,R3,1.07,
RB,AA,SoCal,Scripps,4/27/2022,NA,NA,M,27,Y,Y,R4,1.5,
RB,AA,SoCal,Scripps,4/27/2022,NA,NA,M,27.5,Y,Y,R5,1.01,
RB,AA,SoCal,Scripps,4/27/2022,NA,NA,M,21.2,Y,Y,R6,1.01,
RB,AA,SoCal,Scripps,4/27/2022,NA,NA,M,24.7,Y,Y,R7,1.01,
RB,AA,SoCal,Scripps,4/27/2022,NA,NA,M,21,Y,Y,R8,1.01,
RB,AA,SoCal,Scripps,4/27/2022,NA,NA,M,22.7,Y,Y,R9,1.01,
RB,AA,SoCal,Scripps,4/27/2022,NA,NA,M,25.2,Y,Y,R10,1.01,
RB,AA,SoCal,Scripps,4/27/2022,NA,NA,M,22.2,Y,Y,R11,1.01,
RB,AA,SoCal,Scripps,4/27/2022,NA,NA,M,20.9,Y,Y,R12,1.01,
RB,AA,SoCal,Scripps,4/27/2022,NA,NA,M,29,Y,Y,R13,1.01,
RB,AA,SoCal,Scripps,4/27/2022,NA,NA,M,24,Y,Y,R14,1.01,
RB,AA,SoCal,Scripps,4/27/2022,NA,NA,M,30.3,Y,Y,R15,0.24,
RB,AA,SoCal,Scripps,4/27/2022,NA,NA,M,22.8,Y,Y,R16,1.03,
RB,AA,SoCal,Scripps,4/27/2022,NA,NA,M,17.5,Y,Y,R17,1.03,
RB,AA,SoCal,Scripps,4/27/2022,NA,NA,M,24.7,Y,Y,R18,1.03,
RB,AA,SoCal,Scripps,4/27/2022,NA,NA,M,23,Y,Y,R19,1.03,
RB,AA,SoCal,Scripps,4/27/2022,NA,NA,M,17,Y,Y,R20,1.03,
RB,AA,SoCal,Scripps,4/27/2022,NA,NA,M,19.7,Y,Y,R21,1.03,
RB,AA,SoCal,Scripps,4/27/2022,NA,NA,M,24.7,Y,Y,R22,1.03,
RB,AA,SoCal,Cardiff,4/23/2022,11,0,M,25.5,Y,Y,NA,1.29,
RB,AA,SoCal,Cardiff,4/23/2022,10,0,M,24.1,Y,Y,NA,1.25,"Whelks found off transect. Entered transect number as NA, and used average top TH for remote whelks b/c all whelks were found along the horizontal transect"
RB,AA,SoCal,Cardiff,4/23/2022,10,0,M,29.5,Y,Y,NA,1.25,"Whelks found off transect. Entered transect number as NA, and used average top TH for remote whelks b/c all whelks were found along the horizontal transect"
RB,AA,SoCal,Cardiff,4/23/2022,10,0,As,18.6,Y,Y,NA,1.25,"Whelks found off transect. Entered transect number as NA, and used average top TH for remote whelks b/c all whelks were found along the horizontal transect"
RB,AA,SoCal,Cardiff,4/23/2022,10,0,M,28.6,Y,Y,NA,1.25,"Whelks found off transect. Entered transect number as NA, and used average top TH for remote whelks b/c all whelks were found along the horizontal transect"
RB,AA,SoCal,Cardiff,4/23/2022,10,0,M,18.6,Y,Y,NA,1.25,"Whelks found off transect. Entered transect number as NA, and used average top TH for remote whelks b/c all whelks were found along the horizontal transect"
RB,AA,SoCal,Cardiff,4/23/2022,10,0,M,18,Y,Y,NA,1.25,"Whelks found off transect. Entered transect number as NA, and used average top TH for remote whelks b/c all whelks were found along the horizontal transect"
RB,AA,SoCal,Cardiff,4/23/2022,10,0,M,16,Y,Y,NA,1.25,"Whelks found off transect. Entered transect number as NA, and used average top TH for remote whelks b/c all whelks were found along the horizontal transect"
RB,AA,SoCal,Cardiff,4/23/2022,10,0,M,18.6,Y,Y,NA,1.25,"Whelks found off transect. Entered transect number as NA, and used average top TH for remote whelks b/c all whelks were found along the horizontal transect"
RB,AA,SoCal,Cardiff,4/23/2022,10,0,M,18.9,Y,Y,NA,1.25,"Whelks found off transect. Entered transect number as NA, and used average top TH for remote whelks b/c all whelks were found along the horizontal transect"
RB,AA,SoCal,Cardiff,4/23/2022,10,0,M,27.1,Y,Y,NA,1.25,"Whelks found off transect. Entered transect number as NA, and used average top TH for remote whelks b/c all whelks were found along the horizontal transect"
RB,AA,SoCal,Cardiff,4/23/2022,10,0,M,21.7,Y,Y,NA,1.25,"Whelks found off transect. Entered transect number as NA, and used average top TH for remote whelks b/c all whelks were found along the horizontal transect"
RB,AA,SoCal,Cardiff,4/23/2022,10,0,M,23.6,Y,Y,NA,1.25,"Whelks found off transect. Entered transect number as NA, and used average top TH for remote whelks b/c all whelks were found along the horizontal transect"
RB,AA,SoCal,Cardiff,4/23/2022,10,0,M,27,Y,Y,NA,1.25,"Whelks found off transect. Entered transect number as NA, and used average top TH for remote whelks b/c all whelks were found along the horizontal transect"
RB,AA,SoCal,Cardiff,4/23/2022,10,0,M,24.6,Y,Y,NA,1.25,"Whelks found off transect. Entered transect number as NA, and used average top TH for remote whelks b/c all whelks were found along the horizontal transect"
RB,AA,SoCal,Cardiff,4/23/2022,10,0,M,24.6,Y,Y,NA,1.25,"Whelks found off transect. Entered transect number as NA, and used average top TH for remote whelks b/c all whelks were found along the horizontal transect"
RB,AA,SoCal,Dana Point,4/25/2022,8,1.3,As,12.4,Y,Y,NA,0.75,
RB,AA,SoCal,Dana Point,4/25/2022,8,1.3,As,12.9,Y,Y,NA,0.75,
RB,AA,SoCal,Dana Point,4/25/2022,8,1.3,Ne,28.8,Y,Y,NA,0.75,
RB,AA,SoCal,Dana Point,4/25/2022,NA,NA,As,21,Y,Y,R2,0.6,
RB,AA,SoCal,Dana Point,4/25/2022,NA,NA,As,13.5,Y,Y,R1,0.37,
RB,AA,SoCal,Dana Point,4/25/2022,NA,NA,As,19.9,Y,Y,R3,0.41,
RB,AA,SoCal,Dana Point,4/25/2022,NA,NA,As,18.9,Y,Y,R4,0.41,
RB,AA,SoCal,Dana Point,4/25/2022,NA,NA,As,19.4,Y,Y,R5,0.41,
RB,AA,SoCal,Dana Point,4/25/2022,NA,NA,As,16.3,Y,Y,R6,0.41,
RB,AA,SoCal,Dana Point,4/25/2022,NA,NA,As,21.2,Y,Y,R7,0.41,
RB,AA,SoCal,Dana Point,4/25/2022,NA,NA,As,17.5,Y,Y,R8,0.41,
RB,AA,SoCal,Dana Point,4/25/2022,NA,NA,As,20.5,Y,Y,R9,0.41,
RB,AA,SoCal,Dana Point,4/25/2022,NA,NA,As,18.9,Y,Y,NA,0.38,Whelks appear to be remote but don't have recorded remote IDs
RB,AA,SoCal,Dana Point,4/25/2022,NA,NA,As,19.5,Y,Y,NA,0.38,Whelks appear to be remote but don't have recorded remote IDs
RB,AA,SoCal,Dana Point,4/25/2022,NA,NA,As,18.9,Y,Y,NA,0.38,Whelks appear to be remote but don't have recorded remote IDs
RB,AA,SoCal,Dana Point,4/25/2022,NA,NA,As,20.8,Y,Y,NA,0.38,Whelks appear to be remote but don't have recorded remote IDs
RB,AA,SoCal,Dana Point,4/25/2022,NA,NA,As,18.2,Y,Y,NA,0.38,Whelks appear to be remote but don't have recorded remote IDs
RB,AA,SoCal,Dana Point,4/25/2022,NA,NA,As,19.9,Y,Y,NA,0.38,Whelks appear to be remote but don't have recorded remote IDs
RB,AA,SoCal,Dana Point,4/25/2022,NA,NA,As,19.1,Y,Y,NA,0.38,Whelks appear to be remote but don't have recorded remote IDs
RB,AA,SoCal,Dana Point,4/25/2022,NA,NA,As,25.9,Y,Y,NA,0.38,Whelks appear to be remote but don't have recorded remote IDs
RB,AA,SoCal,Dana Point,4/25/2022,NA,NA,As,19,Y,Y,NA,0.38,Whelks appear to be remote but don't have recorded remote IDs
RB,AA,SoCal,Dana Point,4/25/2022,NA,NA,As,21.9,Y,Y,NA,0.38,Whelks appear to be remote but don't have recorded remote IDs
RB,AA,SoCal,Little Corona,4/22/2022,6,15.85,As,26,Y,Y,NA,0.16,"All whelks below the lowest quadrat, so assigned lowest quadrat value"
RB,AA,SoCal,Little Corona,4/22/2022,6,15.85,As,22.2,Y,Y,NA,0.16,"All whelks below the lowest quadrat, so assigned lowest quadrat value"
RB,AA,SoCal,Little Corona,4/22/2022,6,16,As,23.6,Y,Y,NA,0.16,"All whelks below the lowest quadrat, so assigned lowest quadrat value"
RB,AA,SoCal,Little Corona,4/22/2022,6,16,As,23.4,Y,Y,NA,0.16,"All whelks below the lowest quadrat, so assigned lowest quadrat value"
RB,AA,SoCal,Little Corona,4/22/2022,6,16,As,22.1,Y,Y,NA,0.16,"All whelks below the lowest quadrat, so assigned lowest quadrat value"
RB,AA,SoCal,Little Corona,4/22/2022,6,16,As,25.5,Y,Y,NA,0.16,"All whelks below the lowest quadrat, so assigned lowest quadrat value"
RB,AA,SoCal,Little Corona,4/22/2022,6,16,As,25.2,Y,Y,NA,0.16,"All whelks below the lowest quadrat, so assigned lowest quadrat value"
RB,AA,SoCal,Little Corona,4/22/2022,6,16,As,21.9,Y,Y,NA,0.16,"All whelks below the lowest quadrat, so assigned lowest quadrat value"
RB,AA,SoCal,Little Corona,4/22/2022,6,16.25,As,21.1,Y,Y,NA,0.16,"All whelks below the lowest quadrat, so assigned lowest quadrat value"
RB,AA,SoCal,Little Corona,4/22/2022,6,16.25,As,25.2,Y,Y,NA,0.16,"All whelks below the lowest quadrat, so assigned lowest quadrat value"
RB,AA,SoCal,Little Corona,4/22/2022,6,16.25,As,22,Y,Y,NA,0.16,"All whelks below the lowest quadrat, so assigned lowest quadrat value"
RB,AA,SoCal,Little Corona,4/22/2022,6,16.25,As,22.9,Y,Y,NA,0.16,"All whelks below the lowest quadrat, so assigned lowest quadrat value"
RB,AA,SoCal,Little Corona,4/22/2022,6,16.25,As,25.1,Y,Y,NA,0.16,"All whelks below the lowest quadrat, so assigned lowest quadrat value"
RB,AA,SoCal,Little Corona,4/22/2022,6,16.25,As,21.4,Y,Y,NA,0.16,"All whelks below the lowest quadrat, so assigned lowest quadrat value"
RB,AA,SoCal,Little Corona,4/22/2022,6,16.1,As,22.5,Y,Y,NA,0.16,"All whelks below the lowest quadrat, so assigned lowest quadrat value"
RB,AA,SoCal,Little Corona,4/22/2022,6,16.1,As,24.5,Y,Y,NA,0.16,"All whelks below the lowest quadrat, so assigned lowest quadrat value"
RB,AA,SoCal,Little Corona,4/22/2022,6,16.4,As,20.1,Y,Y,NA,0.16,"All whelks below the lowest quadrat, so assigned lowest quadrat value"
RB,AA,SoCal,Little Corona,4/22/2022,6,16.9,As,22.3,Y,Y,NA,0.16,"All whelks below the lowest quadrat, so assigned lowest quadrat value"
AA,RB,NorCal,Mussel Rock,6/20/2022,9,0,Ne,17.7,Y,N,NA,1.81,
AA,RB,NorCal,Mussel Rock,6/20/2022,9,0,Ne,15.3,Y,N,NA,1.81,
AA,RB,NorCal,Mussel Rock,6/20/2022,9,0,Ne,15.8,Y,N,NA,1.81,
AA,RB,NorCal,Mussel Rock,6/20/2022,9,0,Ne,18.1,Y,N,NA,1.81,
AA,RB,NorCal,Mussel Rock,6/20/2022,9,0,Ne,16.3,Y,N,NA,1.81,
AA,RB,NorCal,Mussel Rock,6/20/2022,9,0,Ne,12.7,Y,N,NA,1.81,
AA,RB,NorCal,Mussel Rock,6/20/2022,9,0.9,Ne,18.9,Y,N,NA,1.56,
AA,RB,NorCal,Mussel Rock,6/20/2022,9,0.9,Ne,19.1,Y,N,NA,1.56,
AA,RB,NorCal,Mussel Rock,6/20/2022,9,0.9,Ne,15.8,Y,N,NA,1.56,
RB,AA,SoCal,Goff Island,4/26/2022,NA,NA,M,25.2,Y,Y,R1,1.09,
RB,AA,SoCal,Goff Island,4/26/2022,NA,NA,M,25.3,Y,Y,R2,1.09,
RB,AA,SoCal,Goff Island,4/26/2022,NA,NA,M,17.2,Y,Y,R3,1.09,
RB,AA,SoCal,Goff Island,4/26/2022,NA,NA,M,29.3,Y,Y,R4,0.93,
RB,AA,SoCal,Goff Island,4/26/2022,NA,NA,M,35.6,Y,Y,R5,0.93,
RB,AA,SoCal,Goff Island,4/26/2022,NA,NA,M,29.8,Y,Y,R6,0.93,
RB,AA,SoCal,Goff Island,4/26/2022,NA,NA,M,37.9,Y,Y,R7,0.93,
RB,AA,SoCal,Goff Island,4/26/2022,NA,NA,M,26.6,Y,Y,R8,0.93,
RB,AA,SoCal,Goff Island,4/26/2022,NA,NA,M,26.1,Y,Y,R9,0.93,
RB,AA,SoCal,Goff Island,4/26/2022,NA,NA,M,31,Y,Y,R10,0.93,
RB,AA,SoCal,Goff Island,4/26/2022,NA,NA,M,36.7,Y,Y,R11,0.93,
RB,AA,SoCal,Goff Island,4/26/2022,NA,NA,M,26.1,Y,Y,R12,0.93,
RB,AA,SoCal,Goff Island,4/26/2022,NA,NA,M,34.5,Y,Y,R13,0.93,
RB,AA,SoCal,Goff Island,4/26/2022,NA,NA,M,31.3,Y,Y,R14,0.93,
RB,AA,SoCal,Goff Island,4/26/2022,NA,NA,M,34,Y,Y,R15,0.93,
RB,AA,SoCal,Goff Island,4/26/2022,NA,NA,M,35.9,Y,Y,R16,0.93,
RB,AA,SoCal,Goff Island,4/26/2022,NA,NA,M,35.6,Y,Y,R17,0.93,
RB,AA,SoCal,Goff Island,4/26/2022,NA,NA,M,25.7,Y,Y,R18,0.93,
RB,AA,SoCal,Goff Island,4/26/2022,NA,NA,M,24.7,Y,Y,R19,0.93,
RB,AA,SoCal,Goff Island,4/26/2022,NA,NA,M,29.1,Y,Y,R20,0.93,
RB,AA,SoCal,Goff Island,4/26/2022,NA,NA,M,30.1,Y,Y,R21,0.93,
RB,AA,SoCal,Goff Island,4/26/2022,NA,NA,M,NA,Y,Y,R22,0.93,Length missing for this whelk
RB,AA,SoCal,Goff Island,4/26/2022,NA,NA,M,34.1,Y,Y,R23,0.78,
RB,AA,SoCal,Goff Island,4/26/2022,NA,NA,M,32.9,Y,Y,R24,0.78,
RB,AA,SoCal,Goff Island,4/26/2022,NA,NA,M,35.4,Y,Y,R25,0.78,
RB,AA,SoCal,Goff Island,4/26/2022,NA,NA,M,19,Y,Y,R26,0.78,
RB,AA,SoCal,Goff Island,4/26/2022,NA,NA,M,33.1,Y,Y,R27,0.78,
RB,AA,SoCal,Goff Island,4/26/2022,NA,NA,M,33.7,Y,Y,R28,0.78,
RB,AA,SoCal,Goff Island,4/26/2022,NA,NA,M,21.6,Y,Y,R29,0.78,
RB,AA,SoCal,Goff Island,4/26/2022,NA,NA,M,18.4,Y,Y,R30,0.78,
RB,AA,SoCal,Goff Island,4/26/2022,NA,NA,M,21.9,Y,Y,R31,0.78,
RB,AA,SoCal,Goff Island,4/26/2022,NA,NA,M,26.8,Y,Y,R32,0.78,
RB,AA,SoCal,Goff Island,4/26/2022,NA,NA,M,27,Y,Y,R33,0.78,
RB,AA,SoCal,Goff Island,4/26/2022,NA,NA,M,26.2,Y,Y,R34,0.78,
RB,AA,SoCal,Goff Island,4/26/2022,NA,NA,M,30.4,Y,Y,R35,0.78,
RB,AA,SoCal,Goff Island,4/26/2022,NA,NA,M,29.9,Y,Y,R36,1.08,
RB,AA,SoCal,Goff Island,4/26/2022,NA,NA,M,27,Y,Y,R37,1.08,
RB,AA,SoCal,Goff Island,4/26/2022,NA,NA,M,35.1,Y,Y,R38,1.08,
RB,AA,SoCal,Goff Island,4/26/2022,NA,NA,M,25.2,Y,Y,R39,1.08,
RB,AA,SoCal,Goff Island,4/26/2022,NA,NA,M,27.4,Y,Y,R40,1.08,
RB,AA,SoCal,Goff Island,4/26/2022,NA,NA,M,31.4,Y,Y,R41,1.08,
RB,AA,SoCal,Goff Island,4/26/2022,NA,NA,M,30.8,Y,Y,R42,1.08,
RB,AA,SoCal,Goff Island,4/26/2022,NA,NA,M,30.5,Y,Y,R43,1.08,
RB,AA,SoCal,Goff Island,4/26/2022,NA,NA,M,37.3,Y,Y,R44,1.08,
RB,AA,SoCal,Goff Island,4/26/2022,NA,NA,M,29,Y,Y,R45,1.08,
RB,AA,SoCal,Goff Island,4/26/2022,NA,NA,M,27.1,Y,Y,R46,1.08,
RB,AA,SoCal,Goff Island,4/26/2022,NA,NA,M,26.5,Y,Y,R47,1.08,
RB,AA,SoCal,Goff Island,4/26/2022,NA,NA,M,18.3,Y,Y,R48,1.37,
RB,AA,SoCal,Goff Island,4/26/2022,NA,NA,M,21.7,Y,Y,R49,1.37,
RB,AA,SoCal,Goff Island,4/26/2022,NA,NA,M,18.4,Y,Y,R50,1.37,
RB,AA,SoCal,Goff Island,4/26/2022,NA,NA,M,24,Y,Y,R51,1.37,
RB,AA,SoCal,Goff Island,4/26/2022,NA,NA,M,25.4,Y,Y,R52,1.37,
RB,AA,SoCal,Goff Island,4/26/2022,NA,NA,M,23.6,Y,Y,R53,1.37,
RB,AA,SoCal,Goff Island,4/26/2022,NA,NA,M,17,Y,Y,R54,1.37,
RB,AA,SoCal,Goff Island,4/26/2022,NA,NA,M,26.1,Y,Y,R55,1.08,
AA,SS,SoCal,Little Corona,10/11/2022,NA,NA,As,22.1,Y,Y,R1,0.31,
AA,SS,SoCal,Little Corona,10/11/2022,NA,NA,Rp,28.1,Y,Y,R2,0.32,
AA,SS,SoCal,Little Corona,10/11/2022,NA,NA,As,25.8,Y,Y,R3,0.48,
AA,SS,SoCal,Cardiff,10/9/2022,5,0,M,18.4,Y,Y,NA,1.22,
AA,SS,SoCal,Cardiff,10/9/2022,5,0,M,24.8,Y,N,NA,1.22,
AA,SS,SoCal,Cardiff,10/9/2022,5,0,M,24.2,Y,N,NA,1.22,
AA,SS,SoCal,Cardiff,10/9/2022,5,0,M,20,Y,N,NA,1.22,
AA,SS,SoCal,Cardiff,10/9/2022,NA,NA,M,24.2,Y,Y,R1,1.24,
AA,SS,SoCal,Cardiff,10/9/2022,NA,NA,M,26.7,Y,Y,R2,1.24,
AA,SS,SoCal,Cardiff,10/9/2022,NA,NA,M,21.2,Y,Y,R3,1.24,
AA,SS,SoCal,Cardiff,10/9/2022,NA,NA,M,21.9,Y,Y,R4,1.24,
AA,SS,SoCal,Cardiff,10/9/2022,NA,NA,M,21,Y,Y,R5,1.24,
AA,SS,SoCal,Cardiff,10/9/2022,NA,NA,M,14,Y,Y,R6,1.24,
AA,SS,SoCal,Cardiff,10/9/2022,NA,NA,M,26.4,Y,Y,R7,1.25,
AA,SS,SoCal,Cardiff,10/9/2022,NA,NA,M,26,Y,Y,R8,1.25,
AA,SS,SoCal,Cardiff,10/9/2022,NA,NA,M,20.8,Y,Y,R9,1.25,
AA,SS,SoCal,Cardiff,10/9/2022,NA,NA,M,22,Y,Y,R10,1.25,
AA,SS,SoCal,Cardiff,10/9/2022,NA,NA,M,23.2,Y,Y,R11,1.25,
AA,SS,SoCal,Cardiff,10/9/2022,NA,NA,M,24.4,Y,Y,R12,1.25,
AA,SS,SoCal,Cardiff,10/9/2022,NA,NA,M,25.5,Y,Y,R13,1.25,
AA,SS,SoCal,Cardiff,10/9/2022,NA,NA,M,25.7,Y,Y,R14,1.25,
AA,SS,SoCal,Cardiff,10/9/2022,NA,NA,M,24.2,Y,Y,R15,1.25,
AA,SS,SoCal,Cardiff,10/9/2022,NA,NA,M,29.5,Y,Y,R16,1.25,
AA,SS,SoCal,Cardiff,10/9/2022,NA,NA,M,24.3,Y,Y,R17,1.25,
AA,SS,SoCal,Cardiff,10/9/2022,NA,NA,M,22.2,Y,Y,R18,1.25,
AA,SS,SoCal,Cardiff,10/9/2022,NA,NA,M,26.1,Y,Y,R19,1.25,
AA,SS,SoCal,Cardiff,10/9/2022,NA,NA,M,23.8,Y,Y,R20,1.25,
AA,SS,SoCal,Cardiff,10/9/2022,NA,NA,M,22.9,Y,Y,R21,1.25,
AA,SS,SoCal,Cardiff,10/9/2022,NA,NA,M,20.6,Y,Y,R22,1.25,
AA,SS,SoCal,Cardiff,10/9/2022,NA,NA,M,18.3,Y,Y,R23,1.25,
AA,SS,SoCal,Cardiff,10/9/2022,NA,NA,M,24.5,Y,Y,R24,1.23,
AA,SS,SoCal,Cardiff,10/9/2022,NA,NA,M,24.6,Y,Y,R25,1.23,
AA,SS,SoCal,Cardiff,10/9/2022,NA,NA,M,23.9,Y,Y,R26,1.23,
AA,SS,SoCal,Crystal Cove,10/10/2022,13,12.53,As,20.4,Y,N,NA,0.61,
AA,SS,SoCal,Crystal Cove,10/10/2022,8,0.8,As,9.9,Y,N,NA,0.97,
AA,SS,SoCal,Shaw's Cove,10/12/2022,NA,NA,As,18.6,Y,Y,R1,-0.2,
AA,SS,SoCal,Shaw's Cove,10/12/2022,NA,NA,Ne,24.6,Y,Y,R2,0.49,
AA,SS,SoCal,Shaw's Cove,10/12/2022,NA,NA,Ne,25.4,Y,Y,R3,0.49,
AA,SS,SoCal,Shaw's Cove,10/12/2022,NA,NA,Ne,22.4,Y,Y,R4,0.52,
AA,SS,SoCal,Shaw's Cove,10/12/2022,NA,NA,Ne,16.1,Y,Y,R5,-0.18,
AA,SS,SoCal,Shaw's Cove,10/12/2022,NA,NA,As,17.3,Y,Y,R6,0.34,
AA,SS,SoCal,Shaw's Cove,10/12/2022,NA,NA,Ne,21.5,Y,Y,R7,0.98,
AA,SS,SoCal,Shaw's Cove,10/12/2022,NA,NA,As,21.5,Y,Y,R8,0.81,
AA,SS,SoCal,Shaw's Cove,10/12/2022,NA,NA,Ne,23.8,Y,Y,R9,0.81,
AA,SS,SoCal,Shaw's Cove,10/12/2022,NA,NA,As,18,Y,Y,R10,0.86,
AA,SS,SoCal,Shaw's Cove,10/12/2022,NA,NA,As,18.7,Y,Y,R11,0.77,
AA,SS,SoCal,Shaw's Cove,10/12/2022,NA,NA,As,16.2,Y,Y,R12,0.77,
AA,SS,SoCal,Shaw's Cove,10/12/2022,2,8.44,Ne,27.3,Y,N,NA,1.2,
AA,SS,SoCal,Shaw's Cove,10/12/2022,2,9.1,Ne,26.2,Y,N,NA,0.95,
AA,SS,SoCal,Shaw's Cove,10/12/2022,22,1.95,As,17.8,Y,N,NA,1.24,
AA,SS,SoCal,Crystal Cove,10/10/2022,NA,NA,As,20.1,Y,Y,R1,0.83,
AA,SS,SoCal,Crystal Cove,10/10/2022,NA,NA,As,20.9,Y,Y,R2,0.83,
AA,SS,SoCal,Crystal Cove,10/10/2022,NA,NA,As,16.8,Y,Y,R3,0.83,
AA,SS,SoCal,Crystal Cove,10/10/2022,NA,NA,As,18.6,Y,Y,R4,0.83,
AA,SS,SoCal,Shaw's Cove,10/12/2022,22,1.95,As,18.7,Y,N,NA,1.24,
AA,SS,SoCal,Shaw's Cove,10/12/2022,22,1.95,As,14.9,Y,N,NA,1.24,
SS,AA,SoCal,Heisler Park,10/24/2022,NA,NA,M,26.3,Y,Y,R1,1.29,
SS,AA,SoCal,Heisler Park,10/24/2022,NA,NA,M,32,Y,Y,R2,0.91,
SS,AA,SoCal,Heisler Park,10/24/2022,NA,NA,M,32.3,Y,Y,R3,0.91,
SS,AA,SoCal,Heisler Park,10/24/2022,NA,NA,M,33.1,Y,Y,R4,0.91,
SS,AA,SoCal,Heisler Park,10/24/2022,NA,NA,M,25,Y,Y,R5,0.91,
SS,AA,SoCal,Heisler Park,10/24/2022,NA,NA,M,37.8,Y,Y,R6,0.91,
SS,AA,SoCal,Heisler Park,10/24/2022,NA,NA,M,30,Y,Y,R7,0.77,
SS,AA,SoCal,Heisler Park,10/24/2022,NA,NA,M,37.1,Y,Y,R8,0.91,
SS,AA,SoCal,Heisler Park,10/24/2022,NA,NA,M,38.5,Y,Y,R9,0.91,
SS,AA,SoCal,Heisler Park,10/24/2022,NA,NA,M,27.2,Y,Y,R10,0.91,
SS,AA,SoCal,Heisler Park,10/24/2022,NA,NA,M,26.4,Y,Y,R11,1.39,
SS,AA,SoCal,Heisler Park,10/24/2022,NA,NA,M,26,Y,Y,R12,1.39,
SS,AA,SoCal,Heisler Park,10/24/2022,NA,NA,M,27.9,Y,Y,R13,1.47,
SS,AA,SoCal,Goff Island,10/25/2022,11,2.24,M,23.6,Y,N,NA,1.65,
SS,AA,SoCal,Goff Island,10/25/2022,11,2.24,M,18.5,Y,N,NA,1.65,
SS,AA,SoCal,Goff Island,10/25/2022,11,2.24,M,31.7,Y,N,NA,1.65,
SS,AA,SoCal,Goff Island,10/25/2022,11,2.24,M,29,Y,N,NA,1.65,
SS,AA,SoCal,Goff Island,10/25/2022,11,2.24,M,33.4,Y,N,NA,1.65,
SS,AA,SoCal,Goff Island,10/25/2022,11,2.24,M,20.4,Y,N,NA,1.65,
SS,AA,SoCal,Goff Island,10/25/2022,11,2.24,M,23.2,Y,N,NA,1.65,
SS,AA,SoCal,Goff Island,10/25/2022,11,2.24,M,22.8,Y,N,NA,1.65,
SS,AA,SoCal,Goff Island,10/25/2022,14,10.25,M,35.16,Y,N,NA,1.37,
SS,AA,SoCal,Goff Island,10/25/2022,14,10.25,M,36,Y,N,NA,1.37,
SS,AA,SoCal,Goff Island,10/25/2022,14,9.77,M,28.1,Y,N,NA,1.62,
SS,AA,SoCal,Goff Island,10/25/2022,8,1.52,M,22.6,Y,N,NA,1.5,
SS,AA,SoCal,Goff Island,10/25/2022,8,1.52,M,22.1,Y,N,NA,1.5,
SS,AA,SoCal,Goff Island,10/25/2022,8,0.82,M,22.8,Y,N,NA,2,
SS,AA,SoCal,Goff Island,10/25/2022,NA,NA,M,27.7,Y,Y,R1,1.12,
SS,AA,SoCal,Goff Island,10/25/2022,NA,NA,M,20.1,Y,Y,R2,1.17,
SS,AA,SoCal,Goff Island,10/25/2022,NA,NA,M,24.1,Y,Y,R3,1.17,
SS,AA,SoCal,Goff Island,10/25/2022,NA,NA,M,24.6,Y,Y,R4,1.41,
SS,AA,SoCal,Goff Island,10/25/2022,NA,NA,M,21.8,Y,Y,R5,1.48,
SS,AA,SoCal,Goff Island,10/25/2022,NA,NA,M,30.3,Y,Y,R6,0.94,
SS,AA,SoCal,Goff Island,10/25/2022,NA,NA,M,37.7,Y,Y,R7,0.94,
SS,AA,SoCal,Goff Island,10/25/2022,NA,NA,M,32.4,Y,Y,R8,0.94,
SS,AA,SoCal,Goff Island,10/25/2022,NA,NA,M,29.8,Y,Y,R9,0.94,
SS,AA,SoCal,Goff Island,10/25/2022,NA,NA,M,28.4,Y,Y,R10,0.94,
SS,AA,SoCal,Goff Island,10/25/2022,NA,NA,M,32.1,Y,Y,R11,0.94,
SS,AA,SoCal,Goff Island,10/25/2022,NA,NA,M,41.6,Y,Y,R12,0.99,
SS,AA,SoCal,Goff Island,10/25/2022,NA,NA,M,37.5,Y,Y,R13,0.99,
SS,AA,SoCal,Goff Island,10/25/2022,NA,NA,M,31.8,Y,Y,R14,0.99,
SS,AA,SoCal,Goff Island,10/25/2022,NA,NA,M,33.6,Y,Y,R15,0.99,
SS,AA,SoCal,Goff Island,10/25/2022,NA,NA,M,26.8,Y,Y,R16,0.99,
SS,AA,SoCal,Goff Island,10/25/2022,NA,NA,M,31.9,Y,Y,R17,0.99,
SS,AA,SoCal,Goff Island,10/25/2022,NA,NA,M,16.8,Y,Y,R18,1.6,
SS,AA,SoCal,Goff Island,10/25/2022,NA,NA,M,21.4,Y,Y,R19,1.6,
SS,AA,SoCal,Goff Island,10/25/2022,NA,NA,M,24.5,Y,Y,R20,1.6,
SS,AA,SoCal,Goff Island,10/25/2022,NA,NA,M,26.1,Y,Y,R21,1.6,
SS,AA,SoCal,Goff Island,10/25/2022,NA,NA,M,12.1,Y,Y,R22,1.6,
SS,AA,SoCal,Goff Island,10/25/2022,NA,NA,M,23.7,Y,Y,R23,1.6,
SS,AA,SoCal,Goff Island,10/25/2022,NA,NA,M,25.5,Y,Y,R24,1.6,
SS,AA,SoCal,Goff Island,10/25/2022,NA,NA,M,20.6,Y,Y,R25,1.6,
SS,AA,SoCal,Goff Island,10/25/2022,NA,NA,M,20.6,Y,Y,R26,1.6,
SS,AA,SoCal,Goff Island,10/25/2022,NA,NA,M,23.1,Y,Y,R27,1.6,
SS,AA,SoCal,Goff Island,10/25/2022,NA,NA,M,24.8,Y,Y,R28,1.6,
SS,AA,SoCal,Goff Island,10/25/2022,NA,NA,M,22.5,Y,Y,R29,1.28,
AA,SS,SoCal,Cabrillo,10/26/2022,24,0,M,25.8,Y,N,NA,0.93,
AA,SS,SoCal,Cabrillo,10/26/2022,12,3.3,M,30.9,Y,N,NA,0.83,
AA,SS,SoCal,Dana Point,11/9/2022,NA,NA,As,17.4,Y,Y,R1,0.71,
AA,SS,SoCal,Dana Point,11/9/2022,NA,NA,As,21.5,Y,Y,R2,0.28,
AA,SS,SoCal,Dana Point,11/9/2022,NA,NA,As,20.9,Y,Y,R3,0.73,
AA,SS,SoCal,Dana Point,11/9/2022,NA,NA,As,22.8,Y,Y,R4,0.73,
AA,SS,SoCal,Dana Point,11/9/2022,NA,NA,As,21.7,Y,Y,R5,0.73,
AA,SS,SoCal,Dana Point,11/9/2022,NA,NA,As,24.3,Y,Y,R6,0.73,
AA,SS,SoCal,Dana Point,11/9/2022,NA,NA,M,35.3,Y,Y,R7,0.84,
AA,SS,SoCal,Dana Point,11/9/2022,NA,NA,As,17.2,Y,Y,R8,0.71,
AA,SS,SoCal,Dana Point,11/9/2022,NA,NA,M,24.2,Y,Y,R9,0.84,
AA,SS,SoCal,Dana Point,11/9/2022,NA,NA,M,43,Y,Y,R10,0.75,
AA,SS,SoCal,Dana Point,11/9/2022,NA,NA,M,37.9,Y,Y,R11,0.82,
AA,SS,SoCal,Dana Point,11/9/2022,NA,NA,M,33.9,Y,Y,R12,0.82,
AA,SS,SoCal,Dana Point,11/9/2022,NA,NA,M,37.3,Y,Y,R13,0.82,
AA,SS,SoCal,Dana Point,11/9/2022,NA,NA,M,36.2,Y,Y,R14,0.82,
AA,SS,SoCal,Dana Point,11/9/2022,NA,NA,M,35.4,Y,Y,R15,0.82,
AA,SS,SoCal,Dana Point,11/9/2022,NA,NA,M,42.9,Y,Y,R16,0.82,
AA,SS,SoCal,Dana Point,11/9/2022,NA,NA,M,37.5,Y,Y,R17,0.82,
AA,SS,SoCal,Dana Point,11/9/2022,NA,NA,M,32.6,Y,Y,R18,0.82,
AA,SS,SoCal,Dana Point,11/9/2022,NA,NA,M,33.1,Y,Y,R19,0.82,
AA,SS,SoCal,Dana Point,11/9/2022,NA,NA,M,34.8,Y,Y,R20,0.82,
AA,SS,SoCal,Dana Point,11/9/2022,NA,NA,As,20,Y,Y,R21,0.82,
AA,SS,SoCal,Dana Point,11/9/2022,NA,NA,As,25.6,Y,Y,R22,0.82,
AA,SS,SoCal,Dana Point,11/9/2022,NA,NA,As,23.6,Y,Y,R23,0.82,
AA,SS,SoCal,Dana Point,11/9/2022,NA,NA,As,24.5,Y,Y,R24,0.82,
AA,SS,SoCal,Dana Point,11/9/2022,NA,NA,M,38.7,Y,Y,R25,0.82,
AA,SS,SoCal,Dana Point,11/9/2022,NA,NA,As,20.7,Y,Y,R26,0.53,
AA,SS,SoCal,Dana Point,11/9/2022,NA,NA,M,34.9,Y,Y,R27,0.66,
AA,SS,SoCal,Dana Point,11/9/2022,NA,NA,As,22.8,Y,Y,R28,0.8,
AA,SS,SoCal,Dana Point,11/9/2022,NA,NA,As,25.1,Y,Y,R29,0.8,
AA,SS,SoCal,Dana Point,11/9/2022,NA,NA,As,21,Y,Y,R30,0.8,
AA,SS,SoCal,Cabrillo,10/26/2022,10,6.53,Ol,31.1,Y,N,NA,0.09,
AA,SS,SoCal,Victoria Beach,10/27/2022,17,0.25,M,37.8,Y,N,NA,1.83,
AA,SS,SoCal,Victoria Beach,10/27/2022,17,0.25,M,27,Y,N,NA,1.83,
AA,SS,SoCal,Victoria Beach,10/27/2022,17,1.29,M,27.2,Y,N,NA,1.58,
AA,SS,SoCal,Victoria Beach,10/27/2022,17,1.29,M,21,Y,N,NA,1.58,
AA,SS,SoCal,Victoria Beach,10/27/2022,17,1.29,M,26.3,Y,N,NA,1.58,
AA,SS,SoCal,Victoria Beach,10/27/2022,17,1.29,M,26.7,Y,N,NA,1.58,
AA,SS,SoCal,Victoria Beach,10/27/2022,17,1.29,M,26.5,Y,N,NA,1.58,
AA,SS,SoCal,Victoria Beach,10/27/2022,15,0,M,31.6,Y,N,NA,2.04,
AA,SS,SoCal,Victoria Beach,10/27/2022,15,0,M,30.5,Y,N,NA,2.04,
AA,SS,SoCal,Victoria Beach,10/27/2022,15,0,M,28.6,Y,N,NA,2.04,
AA,SS,SoCal,Victoria Beach,10/27/2022,15,0,M,34.1,Y,N,NA,2.04,
AA,SS,SoCal,Victoria Beach,10/27/2022,15,0,M,28.1,Y,N,NA,2.04,
AA,SS,SoCal,Victoria Beach,10/27/2022,15,1.57,M,27.7,Y,N,NA,1.79,
AA,SS,SoCal,Victoria Beach,10/27/2022,15,1.57,M,26.9,Y,N,NA,1.79,
AA,SS,SoCal,Victoria Beach,10/27/2022,15,1.57,M,27.8,Y,N,NA,1.79,
AA,SS,SoCal,Victoria Beach,10/27/2022,15,1.57,M,21.4,Y,N,NA,1.79,
AA,SS,SoCal,Victoria Beach,10/27/2022,13,0.95,M,28.9,Y,N,NA,1.67,
AA,SS,SoCal,Victoria Beach,10/27/2022,13,5.83,As,14.6,Y,N,NA,1.42,
AA,SS,SoCal,Victoria Beach,10/27/2022,2,0,M,36,Y,N,NA,1.62,
AA,SS,SoCal,Victoria Beach,10/27/2022,2,0,M,29.3,Y,N,NA,1.62,
AA,SS,SoCal,Victoria Beach,10/27/2022,2,0,M,30.9,Y,N,NA,1.62,
AA,SS,SoCal,Scripps,11/7/2022,NA,NA,M,27.3,Y,Y,R1,1.31,
AA,SS,SoCal,Scripps,11/7/2022,NA,NA,M,18.4,Y,Y,R2,1.31,
AA,SS,SoCal,Scripps,11/7/2022,NA,NA,M,20.5,Y,Y,R3,1.48,
AA,SS,SoCal,Scripps,11/7/2022,NA,NA,M,27.4,Y,Y,R4,0.47,
AA,SS,SoCal,Scripps,11/7/2022,NA,NA,As,19.1,Y,Y,R5,0.29,
AA,SS,SoCal,Scripps,11/7/2022,NA,NA,As,18.2,Y,Y,R6,0.31,
AA,SS,SoCal,Scripps,11/7/2022,NA,NA,M,30.5,Y,Y,R7,1.32,
AA,SS,SoCal,Scripps,11/7/2022,NA,NA,M,29.7,Y,Y,R8,1.4,
AA,SS,SoCal,Scripps,11/7/2022,NA,NA,M,28.2,Y,Y,R9,1.31,
AA,SS,SoCal,Scripps,11/7/2022,NA,NA,M,26,Y,Y,R10,1.59,
AA,SS,SoCal,Scripps,11/7/2022,NA,NA,M,29.7,Y,Y,R11,1.43,
AA,SS,SoCal,Scripps,11/7/2022,NA,NA,M,23.8,Y,Y,R12,1.43,
AA,SS,SoCal,Scripps,11/7/2022,NA,NA,As,14.1,Y,Y,R13,0.33,
AA,SS,SoCal,Scripps,11/7/2022,NA,NA,As,18.8,Y,Y,R14,0.16,
AA,SS,SoCal,Scripps,11/7/2022,NA,NA,M,27.7,Y,Y,R15,1.38,
AA,SS,SoCal,Scripps,11/7/2022,NA,NA,M,25.6,Y,Y,R16,1.38,
AA,SS,SoCal,Scripps,11/7/2022,NA,NA,M,25.6,Y,Y,R17,1.38,
AA,SS,SoCal,Scripps,11/7/2022,NA,NA,M,28.6,Y,Y,R18,1.38,
AA,SS,SoCal,Scripps,11/7/2022,NA,NA,M,28,Y,Y,R19,1.38,
AA,SS,SoCal,Scripps,11/7/2022,NA,NA,M,23.8,Y,Y,R20,1.38,
AA,SS,SoCal,Scripps,11/7/2022,NA,NA,M,18.5,Y,Y,R21,1.38,
AA,SS,SoCal,Scripps,11/7/2022,NA,NA,M,22.2,Y,Y,R22,1.38,
AA,SS,SoCal,Scripps,11/7/2022,NA,NA,M,23.9,Y,Y,R23,1.38,
AA,SS,SoCal,Scripps,11/7/2022,NA,NA,M,19.1,Y,Y,R24,1.38,
AA,SS,SoCal,Scripps,11/7/2022,NA,NA,M,34.9,Y,Y,R25,0.99,
AA,SS,SoCal,Victoria Beach,10/27/2022,2,0,M,30.6,Y,N,NA,1.62,
AA,SS,SoCal,Victoria Beach,10/27/2022,2,0,M,26.8,Y,N,NA,1.62,
AA,SS,SoCal,Swami's,11/6/2022,NA,NA,M,22.5,Y,Y,R1,1.33,
AA,SS,SoCal,Swami's,11/6/2022,NA,NA,M,29,Y,Y,R2,1.34,
AA,SS,SoCal,Swami's,11/6/2022,NA,NA,As,17.3,Y,Y,R3,0.97,
AA,SS,SoCal,Swami's,11/6/2022,NA,NA,M,24.8,Y,Y,R4,0.99,
AA,SS,SoCal,Swami's,11/6/2022,NA,NA,As,12.7,Y,Y,R5,0.85,
AA,SS,SoCal,Swami's,11/6/2022,NA,NA,As,11.4,Y,Y,R6,0.9,
AA,SS,SoCal,Swami's,11/6/2022,NA,NA,As,21,Y,Y,R7,1.29,
AA,SS,SoCal,Swami's,11/6/2022,NA,NA,M,22.5,Y,Y,R8,1.29,
AA,SS,SoCal,Swami's,11/6/2022,NA,NA,M,27.5,Y,Y,R9,1.29,
AA,SS,SoCal,Swami's,11/6/2022,NA,NA,M,26.1,Y,Y,R10,1.29,
AA,SS,SoCal,Swami's,11/6/2022,NA,NA,M,33.2,Y,Y,R11,1.29,
AA,SS,SoCal,Victoria Beach,10/27/2022,2,0,M,27.4,Y,N,NA,1.62,
AA,SS,SoCal,Victoria Beach,10/27/2022,2,0,M,26.5,Y,N,NA,1.62,
AA,SS,SoCal,Victoria Beach,10/27/2022,2,0,M,25.4,Y,N,NA,1.62,
AA,SS,SoCal,Victoria Beach,10/27/2022,2,6.06,M,26.1,Y,N,NA,1.37,
AA,SS,SoCal,Victoria Beach,10/27/2022,2,6.06,M,27.6,Y,N,NA,1.37,
AA,SS,SoCal,Victoria Beach,10/27/2022,5,0,M,29.1,Y,N,NA,1.82,
AA,SS,SoCal,Victoria Beach,10/27/2022,5,4.65,As,21.4,Y,N,NA,1.57,
AA,SS,SoCal,Victoria Beach,10/27/2022,5,4.65,As,19.6,Y,N,NA,1.57,
AA,SS,SoCal,Victoria Beach,10/27/2022,5,4.65,As,19.4,Y,N,NA,1.57,
AA,SS,SoCal,Victoria Beach,10/27/2022,5,4.65,As,13.3,Y,N,NA,1.57,
AA,SS,SoCal,Victoria Beach,10/27/2022,15,5.65,M,30.7,Y,N,NA,1.54,
AA,SS,SoCal,Victoria Beach,10/27/2022,15,5.65,M,30.4,Y,N,NA,1.54,
AA,SS,SoCal,Victoria Beach,10/27/2022,15,5.65,As,21.2,Y,N,NA,1.54,
AA,SS,SoCal,Victoria Beach,10/27/2022,15,5.65,As,17.7,Y,N,NA,1.54,
AA,SS,SoCal,Victoria Beach,10/27/2022,15,5.65,As,17.3,Y,N,NA,1.54,
AA,SS,SoCal,Victoria Beach,10/27/2022,13,0,Ne,19.9,Y,N,NA,1.92,
AA,SS,SoCal,Victoria Beach,10/27/2022,15,5.65,As,12.2,Y,N,NA,1.54,
AA,SS,SoCal,Victoria Beach,10/27/2022,13,0.95,Ne,28.2,Y,N,NA,1.67,
AA,SS,SoCal,Victoria Beach,10/27/2022,13,0.95,Ne,20.8,Y,N,NA,1.67,
AA,SS,SoCal,Victoria Beach,10/27/2022,13,5.83,Ne,20,Y,N,NA,1.42,
AA,SS,SoCal,Victoria Beach,10/27/2022,2,0,Ne,18.8,Y,N,NA,1.62,
AA,SS,SoCal,Victoria Beach,10/27/2022,2,6.06,Ne,26.2,Y,N,NA,1.37,
AA,SS,SoCal,Victoria Beach,10/27/2022,2,6.06,Ne,14.8,Y,N,NA,1.37,
AA,SS,SoCal,Victoria Beach,10/27/2022,2,6.53,Ne,20.5,Y,N,NA,1.12,
AA,SS,SoCal,Victoria Beach,10/27/2022,2,6.53,Ne,25.9,Y,N,NA,1.12,
AA,SS,SoCal,Victoria Beach,10/27/2022,5,4.65,Ne,25.6,Y,N,NA,1.57,
AA,SS,SoCal,Victoria Beach,10/27/2022,5,4.65,Ne,25.9,Y,N,NA,1.57,
AA,SS,SoCal,Swami's,11/6/2022,16,8.03,As,10.1,Y,N,NA,1.26,"Initially identified as not As, but As ID later confirmed"
AA,SS,SoCal,Swami's,11/6/2022,7,10.94,As,7.7,Y,N,NA,1.04,
AA,SS,SoCal,Scripps,11/7/2022,22,13.96,Rp,16.5,Y,N,NA,0.44,
AA,SS,SoCal,Scripps,11/7/2022,11,7.83,As,18.3,Y,N,NA,0.55,
AA,SS,SoCal,Scripps,11/7/2022,11,12.2,As,14.3,Y,N,NA,0.3,
AA,SS,SoCal,Scripps,11/7/2022,25,9.88,As,12.1,Y,N,NA,0.98,
AA,SS,SoCal,Scripps,11/7/2022,25,11.19,As,10.7,Y,N,NA,0.73,
AA,SS,SoCal,Scripps,11/7/2022,25,14.06,As,14,Y,N,NA,0.23,
AA,SS,SoCal,Scripps,11/7/2022,25,14.06,As,12.4,Y,N,NA,0.23,
AA,SS,SoCal,Scripps,11/7/2022,25,14.06,As,16.5,Y,N,NA,0.23,
AA,SS,SoCal,Scripps,11/7/2022,24,13.94,As,19.1,Y,N,NA,0.22,
AA,SS,SoCal,Scripps,11/7/2022,24,13.94,As,18.3,Y,N,NA,0.22,
AA,SS,SoCal,Scripps,11/7/2022,24,13.94,As,14.6,Y,N,NA,0.22,
AA,SS,SoCal,Scripps,11/7/2022,24,13.94,As,17,Y,N,NA,0.22,
AA,SS,SoCal,Scripps,11/7/2022,24,12.56,As,11.7,Y,N,NA,0.47,
AA,SS,SoCal,Scripps,11/7/2022,24,12.56,As,12.9,Y,N,NA,0.47,
AA,SS,SoCal,Scripps,11/7/2022,24,12.56,As,17.3,Y,N,NA,0.47,
AA,SS,SoCal,Scripps,11/7/2022,22,13.96,As,12.9,Y,N,NA,0.44,
AA,SS,SoCal,Scripps,11/7/2022,22,13.69,As,16.5,Y,N,NA,0.69,
AA,SS,SoCal,Scripps,11/7/2022,22,13.69,As,17.7,Y,N,NA,0.69,
AA,SS,SoCal,Scripps,11/7/2022,22,13.69,As,17.1,Y,N,NA,0.69,
AA,SS,SoCal,Scripps,11/7/2022,22,13.69,As,13.1,Y,N,NA,0.69,
AA,SS,SoCal,Scripps,11/7/2022,22,13.69,As,12.3,Y,N,NA,0.69,
AA,SS,SoCal,Victoria Beach,10/27/2022,NA,NA,M,29.7,Y,Y,R1,1.65,
AA,SS,SoCal,Victoria Beach,10/27/2022,NA,NA,M,30.4,Y,Y,R2,1.73,
AA,SS,SoCal,Victoria Beach,10/27/2022,NA,NA,M,32.1,Y,Y,R3,1.57,
AA,SS,SoCal,Victoria Beach,10/27/2022,NA,NA,M,30.4,Y,Y,R4,1.57,
AA,SS,SoCal,Victoria Beach,10/27/2022,NA,NA,M,26,Y,Y,R5,1.71,
AA,SS,SoCal,Victoria Beach,10/27/2022,NA,NA,M,33.1,Y,Y,R6,1.8,
AA,SS,SoCal,Victoria Beach,10/27/2022,NA,NA,M,29.5,Y,Y,R7,1.8,
AA,SS,SoCal,Victoria Beach,10/27/2022,NA,NA,M,27.8,Y,Y,R8,1.75,
AA,SS,SoCal,Victoria Beach,10/27/2022,NA,NA,M,27.7,Y,Y,R9,1.75,
AA,SS,SoCal,Victoria Beach,10/27/2022,NA,NA,M,25.5,Y,Y,R10,1.57,
AA,SS,SoCal,Victoria Beach,10/27/2022,NA,NA,M,30.8,Y,Y,R11,1.57,
AA,SS,SoCal,Victoria Beach,10/27/2022,NA,NA,M,28.5,Y,Y,R12,1.83,
AA,SS,SoCal,Victoria Beach,10/27/2022,NA,NA,M,25.8,Y,Y,R13,1.83,
AA,SS,SoCal,Victoria Beach,10/27/2022,NA,NA,M,21.1,Y,Y,R14,1.83,
AA,SS,SoCal,Victoria Beach,10/27/2022,NA,NA,M,26.5,Y,Y,R15,1.62,
AA,SS,SoCal,Victoria Beach,10/27/2022,NA,NA,M,24.3,Y,Y,R16,1.62,
AA,SS,SoCal,Victoria Beach,10/27/2022,NA,NA,M,26.7,Y,Y,R17,1.62,
AA,SS,SoCal,Victoria Beach,10/27/2022,NA,NA,M,28.7,Y,Y,R18,1.62,
AA,SS,SoCal,Victoria Beach,10/27/2022,NA,NA,M,25.1,Y,Y,R19,1.62,
AA,SS,SoCal,Victoria Beach,10/27/2022,NA,NA,As,19.4,Y,Y,R20,1.62,
AA,SS,SoCal,Victoria Beach,10/27/2022,NA,NA,M,34.5,Y,Y,R21,1.53,
AA,SS,SoCal,Victoria Beach,10/27/2022,NA,NA,M,27.3,Y,Y,R22,1.53,
AA,SS,SoCal,Victoria Beach,10/27/2022,NA,NA,M,26.5,Y,Y,R23,1.53,
AA,SS,SoCal,Victoria Beach,10/27/2022,NA,NA,M,26.4,Y,Y,R24,1.53,
AA,SS,SoCal,Victoria Beach,10/27/2022,NA,NA,M,30.8,Y,Y,R25,1.53,
AA,SS,SoCal,Victoria Beach,10/27/2022,NA,NA,M,30,Y,Y,R26,1.53,
AA,SS,SoCal,Victoria Beach,10/27/2022,NA,NA,M,28.2,Y,Y,R27,1.53,
AA,SS,SoCal,Victoria Beach,10/27/2022,NA,NA,M,32,Y,Y,R28,1.48,
AA,SS,SoCal,Scripps,11/7/2022,22,4.92,M,28.7,Y,N,NA,1.19,
AA,SS,SoCal,Cabrillo,10/26/2022,NA,NA,M,25.6,Y,Y,R1,0.84,
AA,SS,SoCal,Cabrillo,10/26/2022,NA,NA,M,31.6,Y,Y,R2,0.99,
AA,SS,SoCal,Cabrillo,10/26/2022,NA,NA,M,27.1,Y,Y,R3,0.99,
AA,SS,SoCal,Cabrillo,10/26/2022,NA,NA,M,31.6,Y,Y,R4,-0.16,
AA,SS,SoCal,Cabrillo,10/26/2022,NA,NA,M,29.1,Y,Y,R5,-0.15,
AA,SS,SoCal,Cabrillo,10/26/2022,NA,NA,M,30,Y,Y,R6,-0.02,
AA,SS,SoCal,Cabrillo,10/26/2022,NA,NA,M,25.5,Y,Y,R7,0.62,
AA,SS,SoCal,Cabrillo,10/26/2022,NA,NA,M,29.7,Y,Y,R8,0.68,
AA,SS,SoCal,Cabrillo,10/26/2022,NA,NA,M,29,Y,Y,R9,0.28,
AA,SS,SoCal,Cabrillo,10/26/2022,NA,NA,M,30.1,Y,Y,R10,0.51,
AA,SS,SoCal,Cabrillo,10/26/2022,NA,NA,M,29.2,Y,Y,R11,0.51,
AA,SS,SoCal,Cabrillo,10/26/2022,NA,NA,M,26,Y,Y,R12,0.64,
AA,SS,SoCal,Cabrillo,10/26/2022,NA,NA,M,27.1,Y,Y,R13,0.79,
AA,SS,SoCal,Cabrillo,10/26/2022,NA,NA,M,26.7,Y,Y,R14,0.42,
AA,SS,SoCal,Cabrillo,10/26/2022,NA,NA,M,32.4,Y,Y,R15,0.42,
AA,SS,SoCal,Cabrillo,10/26/2022,NA,NA,M,32.8,Y,Y,R16,0.82,
AA,SS,SoCal,Cabrillo,10/26/2022,NA,NA,M,29.4,Y,Y,R17,0.82,
AA,SS,SoCal,Cabrillo,10/26/2022,NA,NA,M,24.5,Y,Y,R18,0.82,
AA,SS,SoCal,Cabrillo,10/26/2022,NA,NA,M,28.6,Y,Y,R19,0.82,
AA,SS,SoCal,Cabrillo,10/26/2022,NA,NA,M,24.8,Y,Y,R20,0.12,
AA,SS,SoCal,Cabrillo,10/26/2022,NA,NA,M,27.4,Y,Y,R21,0.12,
AA,SS,SoCal,Cabrillo,10/26/2022,NA,NA,M,29.7,Y,Y,R22,1.03,
AA,SS,SoCal,Cabrillo,10/26/2022,NA,NA,M,28.4,Y,Y,R23,1.03,
AA,SS,SoCal,Cabrillo,10/26/2022,NA,NA,M,29.8,Y,Y,R24,1.03,
AA,SS,SoCal,Cabrillo,10/26/2022,NA,NA,M,26.5,Y,Y,R25,1.03,
AA,SS,SoCal,Cabrillo,10/26/2022,NA,NA,M,26.5,Y,Y,R26,0.56,
AA,SS,SoCal,Cabrillo,10/26/2022,NA,NA,M,30.8,Y,Y,R27,0.56,
AA,SS,SoCal,Cabrillo,10/26/2022,NA,NA,M,27.9,Y,Y,R28,0.56,
AA,SS,SoCal,Cabrillo,10/26/2022,NA,NA,M,26.5,Y,Y,R29,0.56,
AA,SS,SoCal,Cabrillo,10/26/2022,NA,NA,M,27.5,Y,Y,R30,0.56,
AA,SS,SoCal,Cabrillo,10/26/2022,NA,NA,M,29,Y,Y,R31,0.56,
AA,SS,SoCal,Cabrillo,10/26/2022,NA,NA,M,27.5,Y,Y,R32,0.99,
AA,SS,SoCal,Cabrillo,10/26/2022,NA,NA,M,26.4,Y,Y,R33,0.99,
AA,SS,SoCal,Cabrillo,10/26/2022,NA,NA,M,25.1,Y,Y,R34,0.54,
AA,SS,SoCal,Cabrillo,10/26/2022,NA,NA,M,26.5,Y,Y,R35,0.54,
AA,SS,SoCal,Cabrillo,10/26/2022,NA,NA,M,24.7,Y,Y,R36,0.54,
AA,SS,SoCal,Cabrillo,10/26/2022,NA,NA,M,27.7,Y,Y,R37,0.54,
AA,SS,SoCal,Cabrillo,10/26/2022,NA,NA,M,27.1,Y,Y,R38,0.54,
RB,RB,SoCal,Dana Point,11/9/2022,23,2.72,As,NA,Y,N,NA,0.47,Whelk not measured - forgotten?
RB,RB,SoCal,Dana Point,11/9/2022,23,3.74,As,NA,Y,N,NA,0.22,Whelk not measured - forgotten?
AA,SS,SoCal,Dana Point,11/9/2022,17,2.38,As,19.8,Y,N,NA,0.74,
AA,SS,SoCal,Dana Point,11/9/2022,17,2.38,As,20.1,Y,N,NA,0.74,
RB,SS,NorCal,Dillon Beach,6/16/2023,12,4.46,As,14.2,Y,N,NA,0.14,
RB,SS,NorCal,Dillon Beach,6/16/2023,12,4.46,As,24.6,Y,N,NA,0.14,
RB,SS,NorCal,Dillon Beach,6/16/2023,12,4.46,As,24.8,Y,N,NA,0.14,
RB,SS,NorCal,Dillon Beach,6/16/2023,12,4.46,As,22.6,Y,N,NA,0.14,
RB,SS,NorCal,Dillon Beach,6/16/2023,12,4.46,As,23.9,Y,N,NA,0.14,
RB,SS,NorCal,Dillon Beach,6/16/2023,12,1.02,Ne,15.9,Y,N,NA,0.39,
RB,SS,NorCal,Dillon Beach,6/16/2023,12,1.02,Ne,18.9,Y,N,NA,0.39,
RB,SS,NorCal,Dillon Beach,6/16/2023,12,1.02,Ne,19.8,Y,N,NA,0.39,
RB,SS,NorCal,Dillon Beach,6/16/2023,12,1.02,Ne,18.5,Y,N,NA,0.39,
RB,SS,NorCal,Dillon Beach,6/16/2023,12,1.02,Ne,14.1,Y,N,NA,0.39,
RB,SS,NorCal,Dillon Beach,6/16/2023,12,1.02,Ne,15.1,Y,N,NA,0.39,
RB,SS,NorCal,Dillon Beach,6/16/2023,12,1.02,Ne,15.9,Y,N,NA,0.39,
RB,SS,NorCal,Dillon Beach,6/16/2023,12,0.58,Ne,16.5,Y,N,NA,0.64,
RB,SS,NorCal,Dillon Beach,6/16/2023,12,0.58,Ne,16.8,Y,N,NA,0.64,
RB,SS,NorCal,Dillon Beach,6/16/2023,12,0.58,Ne,19,Y,N,NA,0.64,
RB,SS,NorCal,Dillon Beach,6/16/2023,12,0.58,Ne,16.8,Y,N,NA,0.64,
RB,SS,NorCal,Dillon Beach,6/16/2023,12,0.58,Ne,18.7,Y,N,NA,0.64,
RB,SS,NorCal,Dillon Beach,6/16/2023,12,0.58,Ne,15.2,Y,N,NA,0.64,
RB,SS,NorCal,Dillon Beach,6/16/2023,12,0.58,Ne,19.7,Y,N,NA,0.64,
RB,SS,NorCal,Dillon Beach,6/16/2023,12,0.58,Ne,19.9,Y,N,NA,0.64,
RB,SS,NorCal,Dillon Beach,6/16/2023,12,0.58,Ne,19.5,Y,N,NA,0.64,
RB,SS,NorCal,Dillon Beach,6/16/2023,12,0.58,Ne,18.5,Y,N,NA,0.64,
RB,SS,NorCal,Dillon Beach,6/16/2023,12,0.58,Ne,18.8,Y,N,NA,0.64,
RB,SS,NorCal,Dillon Beach,6/16/2023,12,0.58,Ne,16.7,Y,N,NA,0.64,
RB,SS,NorCal,Dillon Beach,6/16/2023,12,0.58,Ne,17.3,Y,N,NA,0.64,
RB,SS,NorCal,Dillon Beach,6/16/2023,12,0.58,Ne,16.7,Y,N,NA,0.64,
RB,SS,NorCal,Dillon Beach,6/16/2023,12,0.58,Ne,16.3,Y,N,NA,0.64,
RB,SS,NorCal,Dillon Beach,6/16/2023,12,0,Ne,18,Y,N,NA,0.89,
RB,SS,NorCal,Dillon Beach,6/16/2023,3,0,Ne,14,Y,N,NA,1.33,
RB,SS,NorCal,Dillon Beach,6/16/2023,3,0,Ne,19.7,Y,N,NA,1.33,
RB,SS,NorCal,Dillon Beach,6/16/2023,3,0,Ne,11.8,Y,N,NA,1.33,
RB,SS,NorCal,Dillon Beach,6/16/2023,3,0,Ne,9.5,Y,N,NA,1.33,
RB,SS,NorCal,Dillon Beach,6/16/2023,3,0.42,Ne,18.5,Y,N,NA,1.08,
RB,SS,NorCal,Dillon Beach,6/16/2023,3,0.42,Ne,15.8,Y,N,NA,1.08,
RB,SS,NorCal,Dillon Beach,6/16/2023,3,0.42,Ne,16.1,Y,N,NA,1.08,
RB,SS,NorCal,Dillon Beach,6/16/2023,3,0.42,Ne,18.85,Y,N,NA,1.08,
RB,SS,NorCal,Dillon Beach,6/16/2023,3,0.42,Ne,21.1,Y,N,NA,1.08,
RB,SS,NorCal,Dillon Beach,6/16/2023,3,0.42,Ne,17.9,Y,N,NA,1.08,
RB,SS,NorCal,Dillon Beach,6/16/2023,3,0.42,Ne,19.55,Y,N,NA,1.08,
RB,SS,NorCal,Dillon Beach,6/16/2023,3,0.42,Ne,17.85,Y,N,NA,1.08,
RB,SS,NorCal,Dillon Beach,6/16/2023,3,0.42,Ne,17.75,Y,N,NA,1.08,
RB,SS,NorCal,Dillon Beach,6/16/2023,3,0.42,Ne,17.4,Y,N,NA,1.08,
RB,SS,NorCal,Dillon Beach,6/16/2023,3,0.42,Ne,19.65,Y,N,NA,1.08,
RB,SS,NorCal,Dillon Beach,6/16/2023,3,0.42,Ne,16.05,Y,N,NA,1.08,
RB,SS,NorCal,Dillon Beach,6/16/2023,3,0.42,Ne,15.2,Y,N,NA,1.08,
RB,SS,NorCal,Dillon Beach,6/16/2023,3,0.42,Ne,10.95,Y,N,NA,1.08,
RB,SS,NorCal,Dillon Beach,6/16/2023,3,0.42,Ne,11.95,Y,N,NA,1.08,
RB,SS,NorCal,Dillon Beach,6/16/2023,3,0.42,Ne,15.7,Y,N,NA,1.08,
RB,SS,NorCal,Dillon Beach,6/16/2023,3,0.42,Ne,14.4,Y,N,NA,1.08,
RB,SS,NorCal,Dillon Beach,6/16/2023,3,0.42,Ne,9.25,Y,N,NA,1.08,
RB,SS,NorCal,Dillon Beach,6/16/2023,NA,NA,As,25.2,Y,Y,NA,0.22,
RB,SS,NorCal,Dillon Beach,6/16/2023,NA,NA,As,27.95,Y,Y,NA,0.22,
RB,SS,NorCal,Dillon Beach,6/16/2023,NA,NA,As,30.55,Y,Y,NA,0.22,
RB,SS,NorCal,Dillon Beach,6/16/2023,NA,NA,As,23.2,Y,Y,NA,0.18,
RB,SS,NorCal,Dillon Beach,6/16/2023,NA,NA,As,26.6,Y,Y,NA,0.18,
RB,SS,NorCal,Dillon Beach,6/16/2023,NA,NA,As,27.3,Y,Y,NA,0.18,
RB,SS,NorCal,Dillon Beach,6/16/2023,NA,NA,As,26.4,Y,Y,NA,0.18,
RB,SS,NorCal,Dillon Beach,6/16/2023,NA,NA,As,25.15,Y,Y,NA,0.18,
RB,SS,NorCal,Dillon Beach,6/16/2023,NA,NA,As,20.9,Y,Y,NA,0.18,
RB,SS,NorCal,Dillon Beach,6/16/2023,NA,NA,As,25.2,Y,Y,NA,0.18,
RB,SS,NorCal,Dillon Beach,6/16/2023,NA,NA,As,25.45,Y,Y,NA,0.18,
RB,SS,NorCal,Dillon Beach,6/16/2023,NA,NA,As,26.4,Y,Y,NA,0.18,
RB,SS,NorCal,Dillon Beach,6/16/2023,NA,NA,As,24.2,Y,Y,NA,0.18,
RB,SS,NorCal,Dillon Beach,6/16/2023,NA,NA,As,25.3,Y,Y,NA,0.18,
RB,SS,NorCal,Dillon Beach,6/16/2023,NA,NA,As,26.95,Y,Y,NA,0.18,
RB,SS,NorCal,Dillon Beach,6/16/2023,NA,NA,As,21.65,Y,Y,NA,0.25,
RB,SS,NorCal,Dillon Beach,6/16/2023,NA,NA,As,24.4,Y,Y,NA,0.25,
RB,SS,NorCal,Dillon Beach,6/16/2023,NA,NA,As,24.3,Y,Y,NA,0.25,
RB,SS,NorCal,Dillon Beach,6/16/2023,NA,NA,As,22.9,Y,Y,NA,0.25,
RB,SS,NorCal,Dillon Beach,6/16/2023,NA,NA,As,24.5,Y,Y,NA,0.25,
RB,SS,NorCal,Dillon Beach,6/16/2023,NA,NA,As,23.2,Y,Y,NA,0.25,
RB,SS,NorCal,Dillon Beach,6/16/2023,NA,NA,As,23,Y,Y,NA,0.25,
RB,SS,NorCal,Dillon Beach,6/16/2023,NA,NA,As,24.6,Y,Y,NA,0.25,
RB,SS,NorCal,Dillon Beach,6/16/2023,NA,NA,As,25.3,Y,Y,NA,0.25,
RB,SS,NorCal,Dillon Beach,6/16/2023,NA,NA,As,27.7,Y,Y,NA,0.25,
RB,SS,NorCal,Dillon Beach,6/16/2023,NA,NA,As,26.6,Y,Y,NA,0.25,
RB,SS,NorCal,Dillon Beach,6/16/2023,NA,NA,As,26.5,Y,Y,NA,0.25,
RB,SS,NorCal,Dillon Beach,6/16/2023,NA,NA,As,24.8,Y,Y,NA,0.25,
RB,SS,NorCal,Dillon Beach,6/16/2023,NA,NA,As,24.3,Y,Y,NA,0.25,
RB,SS,NorCal,Dillon Beach,6/16/2023,NA,NA,As,25.1,Y,Y,NA,0.25,
RB,SS,NorCal,Dillon Beach,6/16/2023,NA,NA,As,23.7,Y,Y,NA,0.25,
RB,SS,NorCal,Dillon Beach,6/16/2023,NA,NA,As,24.2,Y,Y,NA,0.25,
RB,SS,NorCal,Dillon Beach,6/16/2023,NA,NA,As,25.5,Y,Y,NA,0.19,
RB,SS,NorCal,Dillon Beach,6/16/2023,NA,NA,As,28.8,Y,Y,NA,0.19,
RB,SS,NorCal,Dillon Beach,6/16/2023,NA,NA,As,25.2,Y,Y,NA,0.19,
RB,SS,NorCal,Dillon Beach,6/16/2023,NA,NA,As,26,Y,Y,NA,0.19,
RB,SS,NorCal,Dillon Beach,6/16/2023,NA,NA,As,24.3,Y,Y,NA,0.19,
RB,SS,NorCal,Dillon Beach,6/16/2023,NA,NA,As,23.3,Y,Y,NA,0.19,
RB,SS,NorCal,Dillon Beach,6/16/2023,NA,NA,As,23.4,Y,Y,NA,0.19,
RB,SS,NorCal,Dillon Beach,6/16/2023,NA,NA,As,26,Y,Y,NA,0.19,
RB,SS,NorCal,Dillon Beach,6/16/2023,NA,NA,As,26.3,Y,Y,NA,0.19,
RB,SS,NorCal,Dillon Beach,6/16/2023,NA,NA,As,22.3,Y,Y,NA,0.19,
RB,SS,NorCal,Dillon Beach,6/16/2023,NA,NA,As,24.6,Y,Y,NA,0.19,
RB,SS,NorCal,Dillon Beach,6/16/2023,NA,NA,As,24.55,Y,Y,NA,0.19,
RB,SS,NorCal,Dillon Beach,6/16/2023,NA,NA,As,26.4,Y,Y,NA,0.19,
RB,SS,NorCal,Dillon Beach,6/16/2023,NA,NA,As,25.1,Y,Y,NA,0.19,
RB,SS,NorCal,Dillon Beach,6/16/2023,NA,NA,As,24.8,Y,Y,NA,0.19,
RB,SS,NorCal,Dillon Beach,6/16/2023,NA,NA,As,25,Y,Y,NA,0.19,
RB,SS,NorCal,Dillon Beach,6/16/2023,NA,NA,As,25.4,Y,Y,NA,0.19,
RB,SS,NorCal,Dillon Beach,6/16/2023,NA,NA,As,25.2,Y,Y,NA,0.19,
RB,SS,NorCal,Dillon Beach,6/16/2023,NA,NA,As,23.8,Y,Y,NA,0.19,
RB,SS,NorCal,Dillon Beach,6/16/2023,NA,NA,As,25.65,Y,Y,NA,0.19,
RB,SS,NorCal,Dillon Beach,6/16/2023,NA,NA,As,25.9,Y,Y,NA,0.19,
RB,SS,NorCal,Dillon Beach,6/16/2023,NA,NA,As,25.15,Y,Y,NA,0.19,
RB,SS,NorCal,Dillon Beach,6/16/2023,NA,NA,As,26.55,Y,Y,NA,0.19,
RB,SS,NorCal,Dillon Beach,6/16/2023,NA,NA,As,26,Y,Y,NA,0.19,
RB,SS,NorCal,Dillon Beach,6/16/2023,NA,NA,As,26.15,Y,Y,NA,0.19,
RB,SS,NorCal,Dillon Beach,6/16/2023,NA,NA,As,26.6,Y,Y,NA,0.06,
RB,SS,NorCal,Dillon Beach,6/16/2023,18,12.02,As,19.3,Y,N,NA,-0.01,
RB,SS,NorCal,Dillon Beach,6/16/2023,18,12.02,As,14.7,Y,N,NA,-0.01,
RB,SS,NorCal,Dillon Beach,6/16/2023,18,12.02,As,15.7,Y,N,NA,-0.01,
RB,SS,NorCal,Dillon Beach,6/16/2023,18,1.07,As,21.7,Y,N,NA,0.24,
RB,SS,NorCal,Dillon Beach,6/16/2023,18,1.07,As,23.9,Y,N,NA,0.24,
RB,SS,NorCal,Dillon Beach,6/16/2023,18,1.07,As,21.6,Y,N,NA,0.24,
RB,SS,NorCal,Dillon Beach,6/16/2023,18,1.07,As,27.7,Y,N,NA,0.24,
RB,SS,NorCal,Dillon Beach,6/16/2023,18,1.07,As,22.8,Y,N,NA,0.24,
RB,SS,NorCal,Dillon Beach,6/16/2023,18,1.07,As,24.5,Y,N,NA,0.24,
RB,SS,NorCal,Dillon Beach,6/16/2023,18,1.07,As,21.7,Y,N,NA,0.24,
RB,SS,NorCal,Dillon Beach,6/16/2023,24,0.7,As,24.8,Y,N,NA,0.08,
RB,SS,NorCal,Dillon Beach,6/16/2023,24,0.7,As,19.3,Y,N,NA,0.08,
RB,SS,NorCal,Dillon Beach,6/16/2023,24,0.7,As,13.2,Y,N,NA,0.08,
RB,SS,NorCal,Dillon Beach,6/16/2023,18,0.2,Ne,16.5,Y,N,NA,0.74,
RB,SS,NorCal,Dillon Beach,6/16/2023,18,0.2,Ne,19.4,Y,N,NA,0.74,
RB,SS,NorCal,Dillon Beach,6/16/2023,3,4.42,Ne,18.7,Y,N,NA,0.08,
RB,SS,NorCal,Dillon Beach,6/16/2023,3,3.75,Ne,20.5,Y,N,NA,0.33,
RB,SS,NorCal,Dillon Beach,6/16/2023,3,0.79,Ne,22.3,Y,N,NA,0.83,
RB,SS,NorCal,Dillon Beach,6/16/2023,3,0.79,Ne,18.4,Y,N,NA,0.83,
RB,SS,NorCal,Dillon Beach,6/16/2023,3,0.79,Ne,16.1,Y,N,NA,0.83,
RB,SS,NorCal,Dillon Beach,6/16/2023,3,0.79,Ne,12.4,Y,N,NA,0.83,
RB,SS,NorCal,Dillon Beach,6/16/2023,3,0.79,Ne,14.5,Y,N,NA,0.83,
RB,SS,NorCal,Dillon Beach,6/16/2023,3,0.79,Ne,10.1,Y,N,NA,0.83,
RB,SS,NorCal,Dillon Beach,6/16/2023,3,0.79,Ne,11.4,Y,N,NA,0.83,
RB,SS,NorCal,Dillon Beach,6/16/2023,3,0.79,Ne,13.8,Y,N,NA,0.83,
RB,SS,NorCal,Dillon Beach,6/16/2023,3,0.79,Ne,13.8,Y,N,NA,0.83,
RB,SS,NorCal,Dillon Beach,6/16/2023,3,1.08,Ne,15.6,Y,N,NA,0.58,
RB,SS,NorCal,Dillon Beach,6/16/2023,1,1.22,Nc,13.9,Y,N,NA,0.59,
RB,SS,NorCal,Dillon Beach,6/16/2023,1,1.22,Ne,18.3,Y,N,NA,0.59,
RB,SS,NorCal,Dillon Beach,6/16/2023,1,1.22,Ne,15.2,Y,N,NA,0.59,
RB,SS,NorCal,Dillon Beach,6/16/2023,1,1.22,Ne,18,Y,N,NA,0.59,
RB,SS,NorCal,Dillon Beach,6/16/2023,1,1.22,Ne,17.4,Y,N,NA,0.59,
RB,SS,NorCal,Dillon Beach,6/16/2023,1,1.22,Ne,17.1,Y,N,NA,0.59,
RB,SS,NorCal,Dillon Beach,6/16/2023,1,1.22,Ne,16.8,Y,N,NA,0.59,
RB,SS,NorCal,Dillon Beach,6/16/2023,1,1.22,Ne,18.25,Y,N,NA,0.59,
RB,SS,NorCal,Dillon Beach,6/16/2023,1,0.97,Ne,18.3,Y,N,NA,0.84,
RB,SS,NorCal,Dillon Beach,6/16/2023,1,0.97,Ne,16.4,Y,N,NA,0.84,
RB,SS,NorCal,Dillon Beach,6/16/2023,1,0.97,Ne,19.1,Y,N,NA,0.84,
RB,SS,NorCal,Dillon Beach,6/16/2023,1,0.97,Ne,18.1,Y,N,NA,0.84,
RB,SS,NorCal,Dillon Beach,6/16/2023,1,0.97,Ne,18.4,Y,N,NA,0.84,
RB,SS,NorCal,Dillon Beach,6/16/2023,1,0.97,Ne,18.1,Y,N,NA,0.84,
RB,SS,NorCal,Dillon Beach,6/16/2023,1,0.97,Ne,17.15,Y,N,NA,0.84,
RB,SS,NorCal,Dillon Beach,6/16/2023,1,0.97,Ne,20.3,Y,N,NA,0.84,
RB,SS,NorCal,Dillon Beach,6/16/2023,1,0.97,Ne,17.2,Y,N,NA,0.84,
RB,SS,NorCal,Dillon Beach,6/16/2023,1,0.73,Ne,18.55,Y,N,NA,1.09,
RB,SS,NorCal,Dillon Beach,6/16/2023,1,0.73,Ne,15.6,Y,N,NA,1.09,
RB,SS,NorCal,Dillon Beach,6/16/2023,1,0.73,Ne,16.5,Y,N,NA,1.09,
RB,SS,NorCal,Dillon Beach,6/16/2023,1,0.73,Ne,17.4,Y,N,NA,1.09,
RB,SS,NorCal,Dillon Beach,6/16/2023,1,0.73,Ne,17.4,Y,N,NA,1.09,
RB,SS,NorCal,Dillon Beach,6/16/2023,1,0.73,Ne,17.6,Y,N,NA,1.09,
RB,SS,NorCal,Dillon Beach,6/16/2023,1,0.73,Ne,14.6,Y,N,NA,1.09,
RB,SS,NorCal,Dillon Beach,6/16/2023,1,0.73,Ne,16.1,Y,N,NA,1.09,
RB,SS,NorCal,Dillon Beach,6/16/2023,1,0.73,Ne,17.6,Y,N,NA,1.09,
RB,SS,NorCal,Dillon Beach,6/16/2023,1,0.73,Ne,19.1,Y,N,NA,1.09,
RB,SS,NorCal,Dillon Beach,6/16/2023,1,0.73,Ne,17.55,Y,N,NA,1.09,
RB,SS,NorCal,Dillon Beach,6/16/2023,1,0.73,Ne,18.2,Y,N,NA,1.09,
RB,SS,NorCal,Dillon Beach,6/16/2023,1,0.73,Ne,18.1,Y,N,NA,1.09,
RB,SS,NorCal,Dillon Beach,6/16/2023,1,0.73,Ne,19,Y,N,NA,1.09,
RB,SS,NorCal,Dillon Beach,6/16/2023,1,0.73,Ne,18.6,Y,N,NA,1.09,
RB,SS,NorCal,Dillon Beach,6/16/2023,1,0.73,Ne,20.75,Y,N,NA,1.09,
RB,SS,NorCal,Dillon Beach,6/16/2023,1,0.73,Ne,15.4,Y,N,NA,1.09,
RB,SS,NorCal,Dillon Beach,6/16/2023,1,0.73,Ne,16.5,Y,N,NA,1.09,
RB,SS,NorCal,Dillon Beach,6/16/2023,1,0.46,Ne,16.7,Y,N,NA,1.34,
RB,SS,NorCal,Dillon Beach,6/16/2023,1,0.46,Ne,15.6,Y,N,NA,1.34,
RB,SS,NorCal,Dillon Beach,6/16/2023,1,0.46,Ne,14.65,Y,N,NA,1.34,
RB,SS,NorCal,Dillon Beach,6/16/2023,1,0.46,Ne,16.2,Y,N,NA,1.34,
RB,SS,NorCal,Dillon Beach,6/16/2023,1,0.46,Ne,16,Y,N,NA,1.34,
RB,SS,NorCal,Dillon Beach,6/16/2023,1,0.46,Ne,18.15,Y,N,NA,1.34,
RB,SS,NorCal,Dillon Beach,6/16/2023,1,0.46,Ne,17.8,Y,N,NA,1.34,
RB,SS,NorCal,Dillon Beach,6/16/2023,1,0.46,Ne,18,Y,N,NA,1.34,
RB,SS,NorCal,Dillon Beach,6/16/2023,1,0.46,Ne,17.15,Y,N,NA,1.34,
RB,SS,NorCal,Dillon Beach,6/16/2023,1,0.46,Ne,17,Y,N,NA,1.34,
RB,SS,NorCal,Dillon Beach,6/16/2023,1,0.46,Ne,17.25,Y,N,NA,1.34,
RB,SS,NorCal,Dillon Beach,6/16/2023,1,0.46,Ne,16,Y,N,NA,1.34,
RB,SS,NorCal,Dillon Beach,6/16/2023,1,0.46,Ne,16.35,Y,N,NA,1.34,
RB,SS,NorCal,Dillon Beach,6/16/2023,1,0.46,Ne,16.5,Y,N,NA,1.34,
RB,SS,NorCal,Mussel Rock,6/23/2023,22,0,Ne,13.8,Y,N,NA,1.48,
RB,SS,NorCal,Mussel Rock,6/23/2023,22,0.48,Nc,20.05,Y,N,NA,1.23,
RB,SS,NorCal,Mussel Rock,6/23/2023,22,0.48,Ne,19,Y,N,NA,1.23,
RB,SS,NorCal,Mussel Rock,6/23/2023,22,0.48,Ne,21.2,Y,N,NA,1.23,
RB,SS,NorCal,Mussel Rock,6/23/2023,22,0.48,Ne,17.1,Y,N,NA,1.23,
RB,SS,NorCal,Mussel Rock,6/23/2023,22,0.48,Ne,22.1,Y,N,NA,1.23,
RB,SS,NorCal,Mussel Rock,6/23/2023,22,0.48,Ne,10.4,Y,N,NA,1.23,
RB,SS,NorCal,Mussel Rock,6/23/2023,22,0.97,Ne,22.5,Y,N,NA,0.98,
RB,SS,NorCal,Mussel Rock,6/23/2023,22,1.95,Ne,19.75,Y,N,NA,0.73,
RB,SS,NorCal,Mussel Rock,6/23/2023,22,1.95,Nc,10.6,Y,N,NA,0.73,
RB,SS,NorCal,Mussel Rock,6/23/2023,17,0.13,Ne,19.15,Y,N,NA,2.08,
RB,SS,NorCal,Mussel Rock,6/23/2023,17,0.13,Ne,17.3,Y,N,NA,2.08,
RB,SS,NorCal,Mussel Rock,6/23/2023,17,1.35,Ne,13.95,Y,N,NA,1.83,
RB,SS,NorCal,Mussel Rock,6/23/2023,17,2.82,Ne,19.65,Y,N,NA,1.58,
RB,SS,NorCal,Mussel Rock,6/23/2023,17,3.14,Ne,20.9,Y,N,NA,1.33,
RB,SS,NorCal,Mussel Rock,6/23/2023,17,3.14,Ne,19.4,Y,N,NA,1.33,
RB,SS,NorCal,Mussel Rock,6/23/2023,17,3.14,Ne,19.55,Y,N,NA,1.33,
RB,SS,NorCal,Mussel Rock,6/23/2023,17,3.14,Ne,15.7,Y,N,NA,1.33,
RB,SS,NorCal,Mussel Rock,6/23/2023,17,3.14,Ne,21.2,Y,N,NA,1.33,
RB,SS,NorCal,Mussel Rock,6/23/2023,17,3.14,Ne,19.4,Y,N,NA,1.33,
RB,SS,NorCal,Mussel Rock,6/23/2023,17,3.14,Ne,19.1,Y,N,NA,1.33,
RB,SS,NorCal,Mussel Rock,6/23/2023,17,3.14,Ne,20.65,Y,N,NA,1.33,
RB,SS,NorCal,Mussel Rock,6/23/2023,17,3.14,Ne,19,Y,N,NA,1.33,
RB,SS,NorCal,Mussel Rock,6/23/2023,17,3.14,Ne,13.5,Y,N,NA,1.33,
RB,SS,NorCal,Mussel Rock,6/23/2023,17,3.14,Ne,19.6,Y,N,NA,1.33,
RB,SS,NorCal,Mussel Rock,6/23/2023,17,3.14,Ne,17.2,Y,N,NA,1.33,
RB,SS,NorCal,Mussel Rock,6/23/2023,17,3.14,Ne,20.9,Y,N,NA,1.33,
RB,SS,NorCal,Mussel Rock,6/23/2023,17,3.14,Ne,18.85,Y,N,NA,1.33,
RB,SS,NorCal,Mussel Rock,6/23/2023,17,3.14,Nc,19.5,Y,N,NA,1.33,
RB,SS,NorCal,Mussel Rock,6/23/2023,17,3.14,Nc,19.1,Y,N,NA,1.33,
RB,SS,NorCal,Mussel Rock,6/23/2023,17,3.39,Nc,13.75,Y,N,NA,1.08,
RB,SS,NorCal,Mussel Rock,6/23/2023,17,3.39,Ne,17.75,Y,N,NA,1.08,
RB,SS,NorCal,Mussel Rock,6/23/2023,17,3.39,Ne,12.2,Y,N,NA,1.08,
RB,SS,NorCal,Mussel Rock,6/23/2023,6,1.9,Ne,19.1,Y,N,NA,1.47,
RB,SS,NorCal,Mussel Rock,6/23/2023,6,2.3,Ne,15.4,Y,N,NA,1.22,
RB,SS,NorCal,Mussel Rock,6/23/2023,6,2.3,Ne,12.9,Y,N,NA,1.22,
RB,SS,NorCal,Mussel Rock,6/23/2023,6,2.3,Ne,17.1,Y,N,NA,1.22,
RB,SS,NorCal,Mussel Rock,6/23/2023,6,2.3,Ne,15.5,Y,N,NA,1.22,
RB,SS,NorCal,Mussel Rock,6/23/2023,6,2.3,Ne,15.7,Y,N,NA,1.22,
RB,SS,NorCal,Mussel Rock,6/23/2023,6,2.3,Ne,11.8,Y,N,NA,1.22,
RB,SS,NorCal,Mussel Rock,6/23/2023,6,2.3,Ne,16,Y,N,NA,1.22,
RB,SS,NorCal,Mussel Rock,6/23/2023,6,2.3,Ne,18.4,Y,N,NA,1.22,
RB,SS,NorCal,Mussel Rock,6/23/2023,6,2.3,Ne,15.5,Y,N,NA,1.22,
RB,SS,NorCal,Mussel Rock,6/23/2023,6,2.3,Ne,11.95,Y,N,NA,1.22,
RB,SS,NorCal,Mussel Rock,6/23/2023,6,2.3,Ne,17.5,Y,N,NA,1.22,
RB,SS,NorCal,Mussel Rock,6/23/2023,6,2.3,Ne,16.3,Y,N,NA,1.22,
RB,SS,NorCal,Mussel Rock,6/23/2023,6,2.3,Ne,14,Y,N,NA,1.22,
RB,SS,NorCal,Mussel Rock,6/23/2023,6,2.3,Ne,13.3,Y,N,NA,1.22,
RB,SS,NorCal,Mussel Rock,6/23/2023,6,2.3,Ne,9,Y,N,NA,1.22,
RB,SS,NorCal,Mussel Rock,6/23/2023,6,2.3,Ne,12.3,Y,N,NA,1.22,
RB,SS,NorCal,Mussel Rock,6/23/2023,5,3.3,Ne,18.2,Y,N,NA,1.34,
RB,SS,NorCal,Mussel Rock,6/23/2023,5,3.3,Ne,15.75,Y,N,NA,1.34,
RB,SS,NorCal,Mussel Rock,6/23/2023,5,3.3,Ne,18.8,Y,N,NA,1.34,
RB,SS,NorCal,Mussel Rock,6/23/2023,5,3.3,Ne,17.1,Y,N,NA,1.34,
RB,SS,NorCal,Mussel Rock,6/23/2023,5,3.3,Ne,15.4,Y,N,NA,1.34,
RB,SS,NorCal,Mussel Rock,6/23/2023,5,3.3,Nc,18.6,Y,N,NA,1.34,
RB,SS,NorCal,Mussel Rock,6/23/2023,5,0.6,Ne,18.3,Y,N,NA,1.84,
RB,SS,NorCal,Mussel Rock,6/23/2023,7,2.73,Ne,16.1,Y,N,NA,1.06,
RB,SS,NorCal,Mussel Rock,6/23/2023,7,2.46,Ne,15.6,Y,N,NA,1.31,
RB,SS,NorCal,Mussel Rock,6/23/2023,7,2.46,Ne,12.2,Y,N,NA,1.31,
RB,SS,NorCal,Mussel Rock,6/23/2023,7,2.46,Ne,14.25,Y,N,NA,1.31,
RB,SS,NorCal,Mussel Rock,6/23/2023,7,0,Ne,20,Y,N,NA,1.81,
RB,SS,NorCal,Mussel Rock,6/23/2023,7,0,Ne,12,Y,N,NA,1.81,
RB,SS,NorCal,Mussel Rock,6/23/2023,7,0,Ne,20.3,Y,N,NA,1.81,
RB,SS,NorCal,Mussel Rock,6/23/2023,7,0,Ne,14,Y,N,NA,1.81,
RB,SS,NorCal,Sea Ranch,6/17/2023,22,5,Ne,12.3,Y,N,NA,1.22,
RB,SS,NorCal,Sea Ranch,6/17/2023,22,3.74,Ne,16.1,Y,N,NA,1.72,
RB,SS,NorCal,Sea Ranch,6/17/2023,22,1.18,Ne,14.5,Y,N,NA,1.97,
RB,SS,NorCal,Sea Ranch,6/17/2023,22,1.18,Ne,12.9,Y,N,NA,1.97,
RB,SS,NorCal,Sea Ranch,6/17/2023,22,1.18,Ne,12.9,Y,N,NA,1.97,
RB,SS,NorCal,Sea Ranch,6/17/2023,22,1.18,Ne,13,Y,N,NA,1.97,
RB,SS,NorCal,Sea Ranch,6/17/2023,15,2.34,Ne,16.6,Y,N,NA,1.55,
RB,SS,NorCal,Sea Ranch,6/17/2023,15,2.34,Ne,19,Y,N,NA,1.55,
RB,SS,NorCal,Sea Ranch,6/17/2023,15,2.34,Ne,17.9,Y,N,NA,1.55,
RB,SS,NorCal,Sea Ranch,6/17/2023,15,2.34,Ne,17.7,Y,N,NA,1.55,
RB,SS,NorCal,Sea Ranch,6/17/2023,20,2.45,Ne,20.7,Y,N,NA,1.43,
RB,SS,NorCal,Sea Ranch,6/17/2023,20,2.45,Ne,21.8,Y,N,NA,1.43,
RB,SS,NorCal,Sea Ranch,6/17/2023,20,2.45,Ne,11,Y,N,NA,1.43,
RB,SS,NorCal,Sea Ranch,6/17/2023,20,2.45,Nc,6.9,Y,N,NA,1.43,
RB,SS,NorCal,Sea Ranch,6/17/2023,20,0.81,Ne,23.4,Y,N,NA,1.93,
RB,SS,NorCal,Mendocino North,6/19/2023,25,1.93,As,26.7,Y,N,NA,0.75,
RB,SS,NorCal,Mendocino North,6/19/2023,25,1.93,Nl,27.8,Y,N,NA,0.75,
RB,SS,NorCal,Mendocino North,6/19/2023,25,1.55,Ol,NA,Y,N,NA,1,Forgot to measure whelk
RB,SS,NorCal,Mendocino North,6/19/2023,25,1,Ne,13,Y,N,NA,1.5,
RB,SS,NorCal,Mendocino North,6/19/2023,25,1,Ne,13.8,Y,N,NA,1.5,
RB,SS,NorCal,Mendocino North,6/19/2023,25,1,Ne,28.7,Y,N,NA,1.5,
RB,SS,NorCal,Mendocino North,6/19/2023,25,0.3,Ne,20.2,Y,N,NA,1.75,
RB,SS,NorCal,Mendocino North,6/19/2023,25,0.3,Ne,17.9,Y,N,NA,1.75,
RB,SS,NorCal,Mendocino North,6/19/2023,25,0.3,Ne,16.2,Y,N,NA,1.75,
RB,SS,NorCal,Mendocino North,6/19/2023,25,0.3,Ne,19.1,Y,N,NA,1.75,
RB,SS,NorCal,Mendocino North,6/19/2023,25,0.3,Ne,16.6,Y,N,NA,1.75,
RB,SS,NorCal,Mendocino North,6/19/2023,25,0.3,Ne,15.9,Y,N,NA,1.75,
RB,SS,NorCal,Mendocino North,6/19/2023,25,0.3,Ne,21.5,Y,N,NA,1.75,
RB,SS,NorCal,Mendocino North,6/19/2023,NA,NA,As,27.7,Y,Y,NA,0.34,
RB,SS,NorCal,Mendocino North,6/19/2023,NA,NA,As,29.3,Y,Y,NA,0.34,
RB,SS,NorCal,Mendocino North,6/19/2023,NA,NA,As,28.7,Y,Y,NA,0.34,
RB,SS,NorCal,Mendocino North,6/19/2023,NA,NA,As,29.45,Y,Y,NA,0.34,
RB,SS,NorCal,Mendocino North,6/19/2023,NA,NA,As,27.7,Y,Y,NA,0.34,
RB,SS,NorCal,Mendocino North,6/19/2023,NA,NA,As,28.75,Y,Y,NA,0.34,
RB,SS,NorCal,Mendocino North,6/19/2023,NA,NA,As,30.25,Y,Y,NA,0.34,
RB,SS,NorCal,Mendocino North,6/19/2023,NA,NA,As,28.6,Y,Y,NA,0.34,
RB,SS,NorCal,Mendocino North,6/19/2023,NA,NA,As,28.15,Y,Y,NA,0.34,
RB,SS,NorCal,Mendocino North,6/19/2023,NA,NA,As,28,Y,Y,NA,0.34,
RB,SS,NorCal,Mendocino North,6/19/2023,NA,NA,As,28.75,Y,Y,NA,0.34,
RB,SS,NorCal,Mendocino North,6/19/2023,NA,NA,As,29.4,Y,Y,NA,0.34,
RB,SS,NorCal,Mendocino North,6/19/2023,NA,NA,As,27.1,Y,Y,NA,0.34,
RB,SS,NorCal,Mendocino North,6/19/2023,NA,NA,As,27.7,Y,Y,NA,0.34,
RB,SS,NorCal,Mendocino North,6/19/2023,NA,NA,As,26,Y,Y,NA,0.34,
RB,SS,NorCal,Mendocino North,6/19/2023,NA,NA,As,28.15,Y,Y,NA,0.34,
RB,SS,NorCal,Mendocino North,6/19/2023,NA,NA,As,29.95,Y,Y,NA,0.34,
RB,SS,NorCal,Mendocino North,6/19/2023,NA,NA,As,28.9,Y,Y,NA,0.34,
RB,SS,NorCal,Mendocino North,6/19/2023,NA,NA,As,27.55,Y,Y,NA,0.34,
RB,SS,NorCal,Mendocino North,6/19/2023,NA,NA,As,30.4,Y,Y,NA,0.34,
RB,SS,NorCal,Mendocino North,6/19/2023,NA,NA,As,27.35,Y,Y,NA,0.34,
RB,SS,NorCal,Mendocino North,6/19/2023,NA,NA,As,28.9,Y,Y,NA,0.34,
RB,SS,NorCal,Mendocino North,6/19/2023,NA,NA,As,27.2,Y,Y,NA,0.34,
RB,SS,NorCal,Mendocino North,6/19/2023,NA,NA,As,27.4,Y,Y,NA,0.34,
RB,SS,NorCal,Mendocino North,6/19/2023,NA,NA,As,27.75,Y,Y,NA,0.34,
RB,SS,NorCal,Mendocino North,6/19/2023,NA,NA,As,28.65,Y,Y,NA,0.34,
RB,SS,NorCal,Mendocino North,6/19/2023,NA,NA,As,26.2,Y,Y,NA,0.31,
RB,SS,NorCal,Mendocino North,6/19/2023,NA,NA,As,27.6,Y,Y,NA,0.31,
RB,SS,NorCal,Mendocino North,6/19/2023,NA,NA,As,28.45,Y,Y,NA,0.31,
RB,SS,NorCal,Mendocino North,6/19/2023,NA,NA,As,29,Y,Y,NA,0.31,
RB,SS,NorCal,Mendocino North,6/19/2023,NA,NA,As,25.7,Y,Y,NA,0.31,
RB,SS,NorCal,Mendocino North,6/19/2023,NA,NA,As,27.7,Y,Y,NA,0.31,
RB,SS,NorCal,Mendocino North,6/19/2023,NA,NA,As,26.7,Y,Y,NA,0.31,
RB,SS,NorCal,Mendocino North,6/19/2023,NA,NA,As,28.2,Y,Y,NA,0.31,
RB,SS,NorCal,Mendocino North,6/19/2023,NA,NA,As,27.45,Y,Y,NA,0.31,
RB,SS,NorCal,Mendocino North,6/19/2023,NA,NA,As,26.2,Y,Y,NA,0.31,
RB,SS,NorCal,Mendocino North,6/19/2023,NA,NA,As,26.4,Y,Y,NA,0.31,
RB,SS,NorCal,Mendocino North,6/19/2023,NA,NA,As,26.1,Y,Y,NA,0.31,
RB,SS,NorCal,Mendocino North,6/19/2023,NA,NA,As,27.25,Y,Y,NA,0.31,
RB,SS,NorCal,Mendocino North,6/19/2023,NA,NA,As,27.35,Y,Y,NA,0.31,
RB,SS,NorCal,Mendocino North,6/19/2023,NA,NA,As,28.3,Y,Y,NA,0.34,
RB,SS,NorCal,Mendocino North,6/19/2023,NA,NA,As,28.2,Y,Y,NA,0.34,
RB,SS,NorCal,Mendocino North,6/19/2023,NA,NA,As,26.3,Y,Y,NA,0.34,
RB,SS,NorCal,Mendocino North,6/19/2023,NA,NA,As,23.5,Y,Y,NA,0.34,
RB,SS,NorCal,Mendocino North,6/19/2023,NA,NA,As,29.6,Y,Y,NA,0.34,
RB,SS,NorCal,Mendocino North,6/19/2023,NA,NA,As,27.6,Y,Y,NA,0.34,
RB,SS,NorCal,Mendocino North,6/19/2023,NA,NA,As,26.8,Y,Y,NA,0.34,
RB,SS,NorCal,Mendocino North,6/19/2023,NA,NA,As,26.3,Y,Y,NA,0.34,
RB,SS,NorCal,Mendocino North,6/19/2023,NA,NA,As,29.9,Y,Y,NA,0.34,
RB,SS,NorCal,Mendocino North,6/19/2023,NA,NA,As,28.3,Y,Y,NA,0.34,
RB,SS,NorCal,Mendocino North,6/19/2023,NA,NA,As,28.3,Y,Y,NA,0.34,
RB,SS,NorCal,Mendocino North,6/19/2023,NA,NA,As,29.1,Y,Y,NA,0.34,
RB,SS,NorCal,Mendocino North,6/19/2023,NA,NA,As,26.85,Y,Y,NA,0.34,
RB,SS,NorCal,Mendocino North,6/19/2023,NA,NA,As,27.8,Y,Y,NA,0.34,
RB,SS,NorCal,Mendocino North,6/19/2023,NA,NA,As,26.5,Y,Y,NA,0.31,
RB,SS,NorCal,Mendocino North,6/19/2023,NA,NA,As,26.3,Y,Y,NA,0.31,
RB,SS,NorCal,Mendocino North,6/19/2023,NA,NA,As,27.2,Y,Y,NA,0.31,
RB,SS,NorCal,Mendocino North,6/19/2023,NA,NA,As,26.8,Y,Y,NA,0.31,
RB,SS,NorCal,Mendocino North,6/19/2023,NA,NA,As,27.6,Y,Y,NA,0.31,
RB,SS,NorCal,Mendocino North,6/19/2023,NA,NA,As,27.6,Y,Y,NA,0.31,
SS,SS,NorCal,Mendocino North,6/19/2023,NA,NA,As,27.6,Y,Y,NA,0.31,
RB,SS,NorCal,Mendocino North,6/19/2023,NA,NA,As,26.1,Y,Y,NA,0.31,
RB,SS,NorCal,Mendocino North,6/19/2023,NA,NA,As,28.1,Y,Y,NA,0.31,
RB,SS,NorCal,Mendocino North,6/19/2023,NA,NA,As,26.1,Y,Y,NA,0.31,
RB,SS,NorCal,Mendocino North,6/19/2023,NA,NA,As,27.8,Y,Y,NA,0.31,
RB,SS,NorCal,Mendocino North,6/19/2023,NA,NA,As,27.6,Y,Y,NA,0.37,
RB,SS,NorCal,Mendocino North,6/19/2023,NA,NA,As,28,Y,Y,NA,0.37,
RB,SS,NorCal,Mendocino North,6/19/2023,NA,NA,As,25.8,Y,Y,NA,0.37,
RB,SS,NorCal,Mendocino North,6/19/2023,NA,NA,As,27.5,Y,Y,NA,0.37,
RB,SS,NorCal,Mendocino North,6/19/2023,NA,NA,As,24.5,Y,Y,NA,0.37,
RB,SS,NorCal,Mendocino North,6/19/2023,13,23.1,As,25.4,Y,N,NA,0.12,
RB,SS,NorCal,Mendocino North,6/19/2023,13,18.77,As,28.1,Y,N,NA,0.37,
RB,SS,NorCal,Mendocino North,6/19/2023,13,15.86,Ol,21.9,Y,N,NA,0.62,
RB,SS,NorCal,Mendocino North,6/19/2023,13,15.86,Nl,35.4,Y,N,NA,0.62,
RB,SS,NorCal,Mendocino North,6/19/2023,13,15.26,Ol,26.8,Y,N,NA,0.87,
RB,SS,NorCal,Mendocino North,6/19/2023,17,1.58,Ol,28.2,Y,N,NA,0.67,
RB,SS,NorCal,Mendocino North,6/19/2023,17,1.58,Ol,26.15,Y,N,NA,0.67,
RB,SS,NorCal,Mendocino North,6/19/2023,17,1.58,Ol,26.9,Y,N,NA,0.67,
RB,SS,NorCal,Mendocino North,6/19/2023,17,1.58,Ol,26.4,Y,N,NA,0.67,
RB,SS,NorCal,Mendocino North,6/19/2023,17,1.58,Ol,24.4,Y,N,NA,0.67,
RB,SS,NorCal,Mendocino North,6/19/2023,17,1.58,Ol,19.95,Y,N,NA,0.67,
RB,SS,NorCal,Mendocino North,6/19/2023,13,14.25,Ne,20.1,Y,N,NA,1.37,
RB,SS,NorCal,Mendocino North,6/19/2023,13,14.25,Ne,20,Y,N,NA,1.37,
RB,SS,NorCal,Mendocino North,6/19/2023,13,14.25,Ne,20.4,Y,N,NA,1.37,
RB,SS,NorCal,Mendocino North,6/19/2023,13,14.25,Ne,18.25,Y,N,NA,1.37,
RB,SS,NorCal,Mendocino North,6/19/2023,13,14.25,Ne,17.9,Y,N,NA,1.37,
RB,SS,NorCal,Mendocino North,6/19/2023,13,14.25,Ne,22.75,Y,N,NA,1.37,
RB,SS,NorCal,Mendocino North,6/19/2023,17,1.28,Ol,28.8,Y,N,NA,0.92,
RB,SS,NorCal,Mendocino North,6/19/2023,17,1.03,Ol,23.7,Y,N,NA,1.17,
RB,SS,NorCal,Mendocino North,6/19/2023,17,1.03,Ol,29.6,Y,N,NA,1.17,
RB,SS,NorCal,Mendocino North,6/19/2023,17,1.03,Ol,27,Y,N,NA,1.17,
RB,SS,NorCal,Mendocino North,6/19/2023,17,0,Ne,26,Y,N,NA,1.67,
RB,SS,NorCal,Mendocino North,6/19/2023,17,0,Ne,21.4,Y,N,NA,1.67,
RB,SS,NorCal,Mendocino North,6/19/2023,17,0,Ne,20.4,Y,N,NA,1.67,
RB,SS,NorCal,Mendocino North,6/19/2023,17,0,Ne,23.3,Y,N,NA,1.67,
RB,SS,NorCal,Mendocino North,6/19/2023,17,0,Ne,20.2,Y,N,NA,1.67,
RB,SS,NorCal,Mendocino North,6/19/2023,17,0,Ne,16.9,Y,N,NA,1.67,
RB,SS,NorCal,Mendocino North,6/19/2023,17,0,Ne,20.3,Y,N,NA,1.67,
RB,SS,NorCal,Mendocino North,6/19/2023,17,0,Ne,15.1,Y,N,NA,1.67,
RB,SS,NorCal,Mendocino North,6/19/2023,17,0,Ne,25.9,Y,N,NA,1.67,
RB,SS,NorCal,Mendocino North,6/19/2023,17,0,Ne,21.2,Y,N,NA,1.67,
RB,SS,NorCal,Mendocino North,6/19/2023,17,0,Ne,16.5,Y,N,NA,1.67,
RB,SS,NorCal,Mendocino North,6/19/2023,8,18.65,As,27.85,Y,N,NA,0.35,
RB,SS,NorCal,Mendocino North,6/19/2023,8,18.65,Ol,24.3,Y,N,NA,0.35,
RB,SS,NorCal,Mendocino North,6/19/2023,8,18.65,Ol,23.9,Y,N,NA,0.35,
RB,SS,NorCal,Mendocino North,6/19/2023,8,18.65,Ol,15.4,Y,N,NA,0.35,
RB,SS,NorCal,Mendocino North,6/19/2023,8,18.65,Ol,13.8,Y,N,NA,0.35,
RB,SS,NorCal,Mendocino North,6/19/2023,8,18.32,Ol,25.6,Y,N,NA,0.6,
RB,SS,NorCal,Mendocino North,6/19/2023,8,8.4,Ne,22.85,Y,N,NA,1.35,
RB,SS,NorCal,Mendocino North,6/19/2023,NA,NA,As,26.1,Y,Y,NA,0.85,
RB,SS,NorCal,Mendocino North,6/19/2023,NA,NA,As,27.7,Y,Y,NA,0.85,
RB,SS,NorCal,Mendocino North,6/19/2023,NA,NA,As,28,Y,Y,NA,0.85,
RB,SS,NorCal,Mendocino North,6/19/2023,NA,NA,As,27.6,Y,Y,NA,0.85,
RB,SS,NorCal,Mendocino North,6/19/2023,NA,NA,As,27.6,Y,Y,NA,0.85,
RB,SS,NorCal,Mendocino North,6/19/2023,NA,NA,As,26.65,Y,Y,NA,0.85,
RB,SS,NorCal,Mendocino South,6/20/2023,15,5.55,Nl,42.9,Y,N,NA,0.33,
RB,SS,NorCal,Mendocino South,6/20/2023,15,0.4,Ne,26.85,Y,N,NA,1.33,
RB,SS,NorCal,Mendocino South,6/20/2023,15,0.4,Ne,17.1,Y,N,NA,1.33,
RB,SS,NorCal,Mendocino South,6/20/2023,24,0.89,As,22.25,Y,N,NA,0.58,
RB,SS,NorCal,Mendocino South,6/20/2023,24,0,Ne,21.2,Y,N,NA,1.08,
RB,SS,NorCal,Mendocino South,6/20/2023,6,12.8,Nl,44,Y,N,NA,0.5,
RB,SS,NorCal,Mendocino South,6/20/2023,6,1.19,Ne,19.5,Y,N,NA,1.25,
RB,SS,NorCal,Mendocino South,6/20/2023,6,0,Ne,20.9,Y,N,NA,1.5,
RB,SS,NorCal,Mendocino South,6/20/2023,6,0,Ne,16.2,Y,N,NA,1.5,
RB,SS,NorCal,Mendocino South,6/20/2023,6,0,Ne,24.2,Y,N,NA,1.5,
RB,SS,NorCal,Mendocino South,6/20/2023,6,0,Ne,22.6,Y,N,NA,1.5,
RB,SS,NorCal,Mendocino South,6/20/2023,6,0,Ne,18.4,Y,N,NA,1.5,
RB,SS,NorCal,Mendocino South,6/20/2023,6,0,Ne,16.7,Y,N,NA,1.5,
RB,SS,NorCal,Mendocino South,6/20/2023,6,0,Ne,21.6,Y,N,NA,1.5,
RB,SS,NorCal,Mendocino South,6/20/2023,6,0,Ne,15.5,Y,N,NA,1.5,
RB,SS,NorCal,Mendocino South,6/20/2023,6,0,Ne,16.7,Y,N,NA,1.5,
RB,SS,NorCal,Mendocino South,6/20/2023,NA,NA,As,25.4,Y,Y,NA,0.2,
RB,SS,NorCal,Mendocino South,6/20/2023,NA,NA,As,25,Y,Y,NA,0.2,
RB,SS,NorCal,Mendocino South,6/20/2023,NA,NA,As,26.1,Y,Y,NA,0.2,
RB,SS,NorCal,Mendocino South,6/20/2023,NA,NA,As,27.2,Y,Y,NA,0.2,
RB,SS,NorCal,Mendocino South,6/20/2023,NA,NA,As,26.7,Y,Y,NA,0.2,
RB,SS,NorCal,Mendocino South,6/20/2023,NA,NA,As,28.6,Y,Y,NA,0.2,
RB,SS,NorCal,Mendocino South,6/20/2023,NA,NA,As,26.7,Y,Y,NA,0.2,
RB,SS,NorCal,Mendocino South,6/20/2023,NA,NA,As,26,Y,Y,NA,0.2,
RB,SS,NorCal,Mendocino South,6/20/2023,NA,NA,As,27.6,Y,Y,NA,0.2,
RB,SS,NorCal,Mendocino South,6/20/2023,NA,NA,As,27,Y,Y,NA,0.2,
RB,SS,NorCal,Mendocino South,6/20/2023,NA,NA,As,26.5,Y,Y,NA,0.2,
RB,SS,NorCal,Mendocino South,6/20/2023,NA,NA,As,27.2,Y,Y,NA,0.2,
RB,SS,NorCal,Mendocino South,6/20/2023,NA,NA,As,26.5,Y,Y,NA,0.2,
RB,SS,NorCal,Mendocino South,6/20/2023,NA,NA,As,27.85,Y,Y,NA,0.2,
RB,SS,NorCal,Mendocino South,6/20/2023,NA,NA,As,24.4,Y,Y,NA,0.2,
RB,SS,NorCal,Mendocino South,6/20/2023,NA,NA,As,26.85,Y,Y,NA,0.2,
RB,SS,NorCal,Mendocino South,6/20/2023,NA,NA,As,25.9,Y,Y,NA,0.2,
RB,SS,NorCal,Mendocino South,6/20/2023,NA,NA,As,27.5,Y,Y,NA,0.2,
RB,SS,NorCal,Mendocino South,6/20/2023,NA,NA,As,25.9,Y,Y,NA,0.2,
RB,SS,NorCal,Mendocino South,6/20/2023,NA,NA,As,26.5,Y,Y,NA,0.2,
RB,SS,NorCal,Mendocino South,6/20/2023,NA,NA,As,26.1,Y,Y,NA,0.2,
RB,SS,NorCal,Mendocino South,6/20/2023,NA,NA,As,25.9,Y,Y,NA,0.2,
RB,SS,NorCal,Mendocino South,6/20/2023,NA,NA,As,24.1,Y,Y,NA,0.2,
RB,SS,NorCal,Mendocino South,6/20/2023,NA,NA,As,24.1,Y,Y,NA,0.2,
RB,SS,NorCal,Mendocino South,6/20/2023,NA,NA,As,24.6,Y,Y,NA,0.2,
RB,SS,NorCal,Mendocino South,6/20/2023,NA,NA,As,26.6,Y,Y,NA,0.2,
RB,SS,NorCal,Mendocino South,6/20/2023,NA,NA,As,25.6,Y,Y,NA,0.2,
RB,SS,NorCal,Mendocino South,6/20/2023,NA,NA,As,27.7,Y,Y,NA,0.2,
RB,SS,NorCal,Mendocino South,6/20/2023,NA,NA,As,25.95,Y,Y,NA,0.2,
RB,SS,NorCal,Mendocino South,6/20/2023,NA,NA,As,23,Y,Y,NA,0.2,
RB,SS,NorCal,Mendocino South,6/20/2023,NA,NA,As,20.8,Y,Y,NA,0.2,
RB,SS,NorCal,Mendocino South,6/20/2023,NA,NA,As,25.9,Y,Y,NA,0.2,
RB,SS,NorCal,Mendocino South,6/20/2023,NA,NA,As,25.9,Y,Y,NA,0.2,
RB,SS,NorCal,Mendocino South,6/20/2023,NA,NA,As,24.9,Y,Y,NA,0.2,
RB,SS,NorCal,Mendocino South,6/20/2023,NA,NA,As,25.25,Y,Y,NA,0.2,
RB,SS,NorCal,Mendocino South,6/20/2023,NA,NA,As,24.7,Y,Y,NA,0.2,
RB,SS,NorCal,Mendocino South,6/20/2023,NA,NA,As,26.2,Y,Y,NA,0.2,
RB,SS,NorCal,Mendocino South,6/20/2023,NA,NA,As,25.4,Y,Y,NA,0.43,
RB,SS,NorCal,Mendocino South,6/20/2023,NA,NA,As,25.15,Y,Y,NA,0.43,
RB,SS,NorCal,Mendocino South,6/20/2023,NA,NA,As,26.1,Y,Y,NA,0.59,
RB,SS,NorCal,Mendocino South,6/20/2023,NA,NA,As,28.3,Y,Y,NA,0.45,
RB,SS,NorCal,Mendocino South,6/20/2023,NA,NA,As,26.4,Y,Y,NA,0.45,
RB,SS,NorCal,Mendocino South,6/20/2023,NA,NA,As,22.5,Y,Y,NA,0.45,
RB,SS,NorCal,Mendocino South,6/20/2023,NA,NA,As,26.3,Y,Y,NA,0.45,
RB,SS,NorCal,Mendocino South,6/20/2023,NA,NA,As,25,Y,Y,NA,0.45,
RB,SS,NorCal,Mendocino South,6/20/2023,NA,NA,As,25.2,Y,Y,NA,0.45,
RB,SS,NorCal,Mendocino South,6/20/2023,NA,NA,As,24,Y,Y,NA,0.45,
RB,SS,NorCal,Mendocino South,6/20/2023,NA,NA,As,25.8,Y,Y,NA,0.45,
RB,SS,NorCal,Mendocino South,6/20/2023,NA,NA,As,27.2,Y,Y,NA,0.45,
RB,SS,NorCal,Mendocino South,6/20/2023,NA,NA,As,25.5,Y,Y,NA,0.45,
RB,SS,NorCal,Mendocino South,6/20/2023,NA,NA,As,25.25,Y,Y,NA,0.45,
RB,SS,NorCal,Mendocino South,6/20/2023,NA,NA,As,25,Y,Y,NA,0.41,
RB,SS,NorCal,Mendocino South,6/20/2023,NA,NA,As,24.35,Y,Y,NA,0.41,
RB,SS,NorCal,Mendocino South,6/20/2023,NA,NA,As,26.1,Y,Y,NA,0.41,
RB,SS,NorCal,Mendocino South,6/20/2023,NA,NA,As,26.2,Y,Y,NA,0.41,
RB,SS,NorCal,Mendocino South,6/20/2023,NA,NA,As,27,Y,Y,NA,0.41,
RB,SS,NorCal,Mendocino South,6/20/2023,NA,NA,As,25.7,Y,Y,NA,0.41,
RB,SS,NorCal,Mendocino South,6/20/2023,NA,NA,As,25,Y,Y,NA,0.41,
RB,SS,NorCal,Mendocino South,6/20/2023,NA,NA,As,23.1,Y,Y,NA,0.41,
RB,SS,NorCal,Mendocino South,6/20/2023,NA,NA,As,23.9,Y,Y,NA,0.41,
SS,SS,NorCal,Mendocino South,6/20/2023,NA,NA,As,23.3,Y,Y,NA,0.41,
RB,SS,NorCal,Mendocino South,6/20/2023,NA,NA,As,25.5,Y,Y,NA,0.41,
RB,SS,NorCal,Mendocino South,6/20/2023,NA,NA,As,25.4,Y,Y,NA,0.41,
RB,SS,NorCal,Mendocino South,6/20/2023,NA,NA,As,22.1,Y,Y,NA,0.47,
RB,SS,NorCal,Mendocino South,6/20/2023,NA,NA,As,25.4,Y,Y,NA,0.47,
RB,SS,NorCal,Mendocino South,6/20/2023,NA,NA,As,27.3,Y,Y,NA,0.58,
RB,SS,NorCal,Mendocino South,6/20/2023,NA,NA,As,25.9,Y,Y,NA,0.58,
RB,SS,NorCal,Mendocino South,6/20/2023,NA,NA,As,26.1,Y,Y,NA,0.58,
RB,SS,NorCal,Mendocino South,6/20/2023,NA,NA,As,24.5,Y,Y,NA,0.58,
RB,SS,NorCal,Mendocino South,6/20/2023,NA,NA,As,25.2,Y,Y,NA,0.58,
RB,SS,NorCal,Mendocino South,6/20/2023,NA,NA,As,25.2,Y,Y,NA,0.58,
RB,SS,NorCal,Mendocino South,6/20/2023,NA,NA,As,25.7,Y,Y,NA,0.58,
RB,SS,NorCal,Mendocino South,6/20/2023,NA,NA,As,25.3,Y,Y,NA,0.58,
RB,SS,NorCal,Mendocino South,6/20/2023,NA,NA,As,23.85,Y,Y,NA,0.58,
RB,SS,NorCal,Mendocino South,6/20/2023,NA,NA,As,25.8,Y,Y,NA,0.58,
RB,SS,NorCal,Mendocino South,6/20/2023,NA,NA,As,24.7,Y,Y,NA,0.58,
RB,SS,NorCal,Mendocino South,6/20/2023,NA,NA,As,23.9,Y,Y,NA,0.58,
RB,SS,NorCal,Mendocino South,6/20/2023,NA,NA,As,25.3,Y,Y,NA,0.58,
RB,SS,NorCal,Mendocino South,6/20/2023,NA,NA,As,23.1,Y,Y,NA,0.58,
RB,SS,NorCal,Mendocino South,6/20/2023,NA,NA,As,26.55,Y,Y,NA,0.58,
RB,SS,NorCal,Mendocino South,6/20/2023,NA,NA,As,24.6,Y,Y,NA,0.58,
RB,SS,NorCal,Mendocino South,6/20/2023,NA,NA,As,24.7,Y,Y,NA,0.58,
RB,SS,NorCal,Mendocino South,6/20/2023,NA,NA,As,26.25,Y,Y,NA,0.58,
RB,SS,NorCal,Mendocino South,6/20/2023,NA,NA,As,27.8,Y,Y,NA,0.58,
RB,SS,NorCal,Mendocino South,6/20/2023,NA,NA,As,25,Y,Y,NA,0.58,
RB,SS,NorCal,Mendocino South,6/20/2023,NA,NA,As,28.5,Y,Y,NA,0.58,
RB,SS,NorCal,Mendocino South,6/20/2023,NA,NA,As,25,Y,Y,NA,0.58,
RB,SS,NorCal,Mendocino South,6/20/2023,NA,NA,As,26.9,Y,Y,NA,0.58,
RB,SS,NorCal,Mendocino South,6/20/2023,NA,NA,As,26.2,Y,Y,NA,0.58,
RB,SS,NorCal,Mendocino South,6/20/2023,NA,NA,As,25.3,Y,Y,NA,0.58,
RB,SS,NorCal,Mendocino South,6/20/2023,NA,NA,As,25.7,Y,Y,NA,0.48,
RB,SS,NorCal,Mendocino South,6/20/2023,NA,NA,As,27.1,Y,Y,NA,0.48,
JR,RB,SoCal,Dana Point,4/4/2023,17,3.08,As,24.1,Y,N,NA,0.86,
JR,RB,SoCal,Dana Point,4/4/2023,8,1.73,Ne,25.1,Y,N,NA,0.79,
JR,RB,SoCal,Dana Point,4/4/2023,8,1.73,As,17.4,Y,N,NA,0.79,
JR,RB,SoCal,Dana Point,4/4/2023,8,1.73,As,24.4,Y,N,NA,0.79,
JR,RB,SoCal,Dana Point,4/4/2023,8,1.73,As,20.5,Y,N,NA,0.79,
JR,RB,SoCal,Dana Point,4/4/2023,NA,NA,M,44.62,Y,Y,NA,0.77,
JR,RB,SoCal,Dana Point,4/4/2023,NA,NA,As,19.8,Y,Y,NA,0.77,
JR,RB,SoCal,Dana Point,4/4/2023,NA,NA,M,41.1,Y,Y,NA,0.89,
JR,RB,SoCal,Dana Point,4/4/2023,NA,NA,M,34.8,Y,Y,NA,0.89,
JR,RB,SoCal,Dana Point,4/4/2023,NA,NA,M,32.7,Y,Y,NA,0.89,
JR,RB,SoCal,Dana Point,4/4/2023,NA,NA,As,23.6,Y,Y,NA,0.99,
JR,RB,SoCal,Dana Point,4/4/2023,NA,NA,As,22.4,Y,Y,NA,0.99,
JR,RB,SoCal,Dana Point,4/4/2023,NA,NA,As,24.7,Y,Y,NA,0.99,
JR,RB,SoCal,Dana Point,4/4/2023,NA,NA,M,36.1,Y,Y,NA,0.99,
JR,RB,SoCal,Dana Point,4/4/2023,NA,NA,As,20.6,Y,Y,NA,0.64,
JR,RB,SoCal,Dana Point,4/4/2023,NA,NA,As,16.9,Y,Y,NA,0.64,
JR,RB,SoCal,Dana Point,4/4/2023,NA,NA,As,24.9,Y,Y,NA,0.64,
JR,RB,SoCal,Dana Point,4/4/2023,NA,NA,As,22.5,Y,Y,NA,0.75,
JR,RB,SoCal,Dana Point,4/4/2023,NA,NA,As,22.4,Y,Y,NA,0.75,
JR,RB,SoCal,Dana Point,4/4/2023,NA,NA,As,18.9,Y,Y,NA,0.6,
JR,RB,SoCal,Dana Point,4/4/2023,NA,NA,As,19,Y,Y,NA,0.69,
JR,RB,SoCal,Dana Point,4/4/2023,NA,NA,As,23.6,Y,Y,NA,0.69,
JR,RB,SoCal,Dana Point,4/4/2023,NA,NA,As,20.7,Y,Y,NA,0.69,
JR,RB,SoCal,Dana Point,4/4/2023,NA,NA,As,25.1,Y,Y,NA,0.69,
JR,RB,SoCal,Dana Point,4/4/2023,NA,NA,As,22.6,Y,Y,NA,0.69,
JR,RB,SoCal,Dana Point,4/4/2023,NA,NA,As,23,Y,Y,NA,0.69,
JR,RB,SoCal,Dana Point,4/4/2023,NA,NA,As,21.7,Y,Y,NA,0.69,
JR,RB,SoCal,Dana Point,4/4/2023,NA,NA,As,23,Y,Y,NA,0.69,
JR,RB,SoCal,Dana Point,4/4/2023,NA,NA,As,27.8,Y,Y,NA,0.69,
JR,RB,SoCal,Dana Point,4/4/2023,NA,NA,As,19.5,Y,Y,NA,0.69,
JR,RB,SoCal,Dana Point,4/4/2023,NA,NA,As,19.4,Y,Y,NA,0.69,
JR,RB,SoCal,Dana Point,4/4/2023,NA,NA,As,23.3,Y,Y,NA,0.69,
JR,RB,SoCal,Dana Point,4/4/2023,NA,NA,As,22.6,Y,Y,NA,0.69,
JR,RB,SoCal,Dana Point,4/4/2023,NA,NA,As,22.3,Y,Y,NA,0.69,
JR,RB,SoCal,Dana Point,4/4/2023,NA,NA,As,21.4,Y,Y,NA,0.69,
JR,RB,SoCal,Dana Point,4/4/2023,NA,NA,As,24.3,Y,Y,NA,0.69,
JR,RB,SoCal,Dana Point,4/4/2023,NA,NA,As,20.3,Y,Y,NA,0.69,
JR,RB,SoCal,Dana Point,4/4/2023,NA,NA,As,20.2,Y,Y,NA,0.69,
JR,RB,SoCal,Dana Point,4/4/2023,NA,NA,As,21.1,Y,Y,NA,0.69,
JR,RB,SoCal,Dana Point,4/4/2023,NA,NA,As,22.5,Y,Y,NA,0.69,
JR,RB,SoCal,Dana Point,4/4/2023,NA,NA,As,18.4,Y,Y,NA,0.69,
JR,RB,SoCal,Dana Point,4/4/2023,NA,NA,As,18.7,Y,Y,NA,0.69,
JR,RB,SoCal,Dana Point,4/4/2023,NA,NA,As,24.4,Y,Y,NA,0.75,
JR,RB,SoCal,Dana Point,4/4/2023,NA,NA,As,21.5,Y,Y,NA,0.75,
JR,RB,SoCal,Dana Point,4/4/2023,NA,NA,As,18.7,Y,Y,NA,0.75,
JR,RB,SoCal,Dana Point,4/4/2023,NA,NA,As,23.2,Y,Y,NA,0.67,
JR,RB,SoCal,Dana Point,4/4/2023,NA,NA,As,20.4,Y,Y,NA,0.67,
JR,RB,SoCal,Dana Point,4/4/2023,NA,NA,As,23.2,Y,Y,NA,0.67,
JR,RB,SoCal,Dana Point,4/4/2023,NA,NA,As,23.2,Y,Y,NA,0.58,
JR,RB,SoCal,Dana Point,4/4/2023,NA,NA,As,19.1,Y,Y,NA,0.58,
JR,RB,SoCal,Dana Point,4/4/2023,NA,NA,As,22.2,Y,Y,NA,0.58,
JR,RB,SoCal,Dana Point,4/4/2023,NA,NA,As,24.8,Y,Y,NA,0.58,
JR,RB,SoCal,Dana Point,4/4/2023,1,0.95,As,20.3,Y,N,NA,0.77,
SS,KS,SoCal,Little Corona,4/5/2023,14,9.65,As,24.25,Y,N,NA,0.4,
SS,KS,SoCal,Little Corona,4/5/2023,NA,NA,As,21.25,Y,Y,NA,0.66,
SS,KS,SoCal,Little Corona,4/5/2023,NA,NA,As,21,Y,Y,NA,0.42,
SS,KS,SoCal,Little Corona,4/5/2023,NA,NA,As,23.5,Y,Y,NA,0.42,
SS,KS,SoCal,Little Corona,4/5/2023,NA,NA,As,25.4,Y,Y,NA,0.42,
SS,KS,SoCal,Little Corona,4/5/2023,NA,NA,As,27.1,Y,Y,NA,0.06,
SS,KS,SoCal,Little Corona,4/5/2023,NA,NA,As,22.4,Y,Y,NA,0.55,
SS,KS,SoCal,Little Corona,4/5/2023,NA,NA,As,25.9,Y,Y,NA,0.55,
SS,KS,SoCal,Little Corona,4/5/2023,NA,NA,As,24,Y,Y,NA,0.41,
SS,KS,SoCal,Little Corona,4/5/2023,NA,NA,As,21.35,Y,Y,NA,0.24,
SS,KS,SoCal,Little Corona,4/5/2023,NA,NA,As,24.55,Y,Y,NA,0.24,
SS,KS,SoCal,Little Corona,4/5/2023,NA,NA,As,23.3,Y,Y,NA,0.24,
SS,KS,SoCal,Little Corona,4/5/2023,NA,NA,As,23.5,Y,Y,NA,0.24,Albino
SS,KS,SoCal,Little Corona,4/5/2023,NA,NA,As,26.7,Y,Y,NA,0.2,
SS,KS,SoCal,Little Corona,4/5/2023,5,11.27,As,22.9,Y,N,NA,0.83,
SS,KS,SoCal,Cardiff,4/18/2023,10,0.6,M,12.75,Y,N,NA,0.96,
SS,KS,SoCal,Cardiff,4/18/2023,10,0.86,As,19.7,Y,N,NA,0.71,
SS,KS,SoCal,Cardiff,4/18/2023,9,0,M,17.2,Y,N,NA,1.13,
SS,KS,SoCal,Cardiff,4/18/2023,9,0.7,As,11,Y,N,NA,0.88,
SS,KS,SoCal,Cardiff,4/18/2023,NA,NA,M,19,Y,Y,NA,1.09,
SS,KS,SoCal,Cardiff,4/18/2023,NA,NA,M,26.8,Y,Y,NA,1.09,
SS,KS,SoCal,Cardiff,4/18/2023,NA,NA,M,23,Y,Y,NA,1.09,
SS,KS,SoCal,Cardiff,4/18/2023,NA,NA,M,27.5,Y,Y,NA,1.09,
SS,KS,SoCal,Cardiff,4/18/2023,NA,NA,M,28.3,Y,Y,NA,1.09,
SS,KS,SoCal,Cardiff,4/18/2023,NA,NA,M,21.5,Y,Y,NA,1.09,
SS,KS,SoCal,Cardiff,4/18/2023,NA,NA,M,25.8,Y,Y,NA,1.09,
SS,KS,SoCal,Cardiff,4/18/2023,NA,NA,M,23.4,Y,Y,NA,1.09,
SS,KS,SoCal,Cardiff,4/18/2023,NA,NA,M,13.6,Y,Y,NA,1,
SS,KS,SoCal,Cardiff,4/18/2023,NA,NA,M,26.1,Y,Y,NA,1,
SS,KS,SoCal,Cardiff,4/18/2023,NA,NA,M,21.4,Y,Y,NA,0.96,
SS,KS,SoCal,Cardiff,4/18/2023,NA,NA,M,27.05,Y,Y,NA,0.93,
SS,KS,SoCal,Cardiff,4/18/2023,NA,NA,As,13.3,Y,Y,NA,0.99,
SS,KS,SoCal,Cardiff,4/18/2023,NA,NA,M,22.3,Y,Y,NA,1.01,
SS,KS,SoCal,Cardiff,4/18/2023,NA,NA,M,26.2,Y,Y,NA,1.01,
SS,KS,SoCal,Cardiff,4/18/2023,NA,NA,M,23.5,Y,Y,NA,1.09,
SS,KS,SoCal,Cardiff,4/18/2023,NA,NA,M,25.4,Y,Y,NA,1.09,
SS,KS,SoCal,Cardiff,4/18/2023,NA,NA,M,25.6,Y,Y,NA,1.09,
SS,KS,SoCal,Cardiff,4/18/2023,NA,NA,M,27.4,Y,Y,NA,1.09,
SS,KS,SoCal,Cardiff,4/18/2023,NA,NA,M,26.9,Y,Y,NA,1.09,
SS,KS,SoCal,Cardiff,4/18/2023,NA,NA,M,21.6,Y,Y,NA,1.09,
SS,KS,SoCal,Cardiff,4/18/2023,NA,NA,M,24.6,Y,Y,NA,1.09,
SS,KS,SoCal,Cardiff,4/18/2023,NA,NA,M,25.6,Y,Y,NA,1.09,
SS,KS,SoCal,Cardiff,4/18/2023,NA,NA,M,26.7,Y,Y,NA,1.09,
SS,KS,SoCal,Cardiff,4/18/2023,NA,NA,M,26.5,Y,Y,NA,1.09,
SS,KS,SoCal,Cardiff,4/18/2023,NA,NA,M,22.9,Y,Y,NA,1.09,
SS,KS,SoCal,Cardiff,4/18/2023,NA,NA,M,22.8,Y,Y,NA,1.09,
SS,KS,SoCal,Cardiff,4/18/2023,NA,NA,M,28,Y,Y,NA,1.09,
SS,KS,SoCal,Cardiff,4/18/2023,NA,NA,M,24.4,Y,Y,NA,0.68,
SS,KS,SoCal,Cardiff,4/18/2023,NA,NA,As,24,Y,Y,NA,0.94,
SS,KS,SoCal,Cardiff,4/18/2023,NA,NA,As,16.2,Y,Y,NA,0.7,
SS,KS,SoCal,Cardiff,4/18/2023,NA,NA,M,18.9,Y,Y,NA,0.98,
JR,SR,SoCal,Crystal Cove,4/17/2023,4,3.95,As,18.5,Y,N,NA,0.96,
JR,SR,SoCal,Crystal Cove,4/17/2023,4,5.05,As,16.8,Y,N,NA,0.71,
JR,SR,SoCal,Crystal Cove,4/17/2023,16,8.45,As,16.5,Y,N,NA,1.02,
JR,SR,SoCal,Crystal Cove,4/17/2023,NA,NA,As,18.4,Y,Y,NA,0.65,
JR,SR,SoCal,Crystal Cove,4/17/2023,NA,NA,As,18.65,Y,Y,NA,0.56,
JR,SR,SoCal,Crystal Cove,4/17/2023,NA,NA,As,17.25,Y,Y,NA,0.52,
JR,SR,SoCal,Crystal Cove,4/17/2023,NA,NA,As,21.5,Y,Y,NA,0.35,
JR,SR,SoCal,Crystal Cove,4/17/2023,NA,NA,As,19.8,Y,Y,NA,0.35,
JR,SR,SoCal,Crystal Cove,4/17/2023,NA,NA,As,19.1,Y,Y,NA,0.72,
JR,SR,SoCal,Crystal Cove,4/17/2023,NA,NA,As,19.5,Y,Y,NA,0.65,
JR,SR,SoCal,Crystal Cove,4/17/2023,NA,NA,As,15,Y,Y,NA,0.65,
JR,SR,SoCal,Crystal Cove,4/17/2023,NA,NA,As,18.8,Y,Y,NA,0.55,
JR,SR,SoCal,Crystal Cove,4/17/2023,NA,NA,As,18.5,Y,Y,NA,0.3,
JR,SR,SoCal,Crystal Cove,4/17/2023,NA,NA,As,21.8,Y,Y,NA,0.3,
JR,SR,SoCal,Crystal Cove,4/17/2023,NA,NA,As,22.4,Y,Y,NA,0.3,
JR,SR,SoCal,Crystal Cove,4/17/2023,NA,NA,As,21.1,Y,Y,NA,0.3,
JR,SR,SoCal,Crystal Cove,4/17/2023,NA,NA,As,20.05,Y,Y,NA,0.3,
JR,SR,SoCal,Crystal Cove,4/17/2023,NA,NA,As,21.75,Y,Y,NA,0.29,
JR,SR,SoCal,Crystal Cove,4/17/2023,NA,NA,As,19,Y,Y,NA,0.47,
JR,SR,SoCal,Crystal Cove,4/17/2023,NA,NA,As,20.5,Y,Y,NA,0.47,
JR,SR,SoCal,Crystal Cove,4/17/2023,NA,NA,As,21.95,Y,Y,NA,0.47,
JR,SR,SoCal,Crystal Cove,4/17/2023,NA,NA,As,17.5,Y,Y,NA,0.47,
JR,SR,SoCal,Crystal Cove,4/17/2023,NA,NA,As,19.7,Y,Y,NA,0.47,
JR,SR,SoCal,Crystal Cove,4/17/2023,NA,NA,As,15.6,Y,Y,NA,0.47,
JR,SR,SoCal,Crystal Cove,4/17/2023,NA,NA,As,19.5,Y,Y,NA,0.32,
JR,SR,SoCal,Crystal Cove,4/17/2023,NA,NA,As,18.35,Y,Y,NA,0.32,
SS,EN,SoCal,Victoria Beach,4/15/2023,1,0.32,As,12.3,Y,N,NA,1.58,
SS,EN,SoCal,Victoria Beach,4/15/2023,1,2.42,Ne,17.1,Y,N,NA,1.28,
SS,EN,SoCal,Victoria Beach,4/15/2023,1,2.87,As,16.1,Y,N,NA,1.03,
SS,EN,SoCal,Victoria Beach,4/15/2023,NA,NA,As,18.2,Y,Y,NA,1.48,
SS,EN,SoCal,Victoria Beach,4/15/2023,NA,NA,M,25.4,Y,Y,NA,1.47,
SS,EN,SoCal,Victoria Beach,4/15/2023,NA,NA,M,18.8,Y,Y,NA,1.48,
SS,EN,SoCal,Victoria Beach,4/15/2023,NA,NA,M,30.3,Y,Y,NA,1.48,
SS,EN,SoCal,Victoria Beach,4/15/2023,NA,NA,M,33.6,Y,Y,NA,1.48,
SS,EN,SoCal,Victoria Beach,4/15/2023,NA,NA,As,22.9,Y,Y,NA,1.21,
SS,EN,SoCal,Victoria Beach,4/15/2023,NA,NA,M,34.4,Y,Y,NA,1.29,
SS,EN,SoCal,Victoria Beach,4/15/2023,NA,NA,As,17.8,Y,Y,NA,1.29,
SS,EN,SoCal,Victoria Beach,4/15/2023,NA,NA,As,17.3,Y,Y,NA,1.34,
SS,EN,SoCal,Victoria Beach,4/15/2023,NA,NA,As,21.7,Y,Y,NA,1.29,
SS,EN,SoCal,Victoria Beach,4/15/2023,NA,NA,As,19.4,Y,Y,NA,1.29,
SS,EN,SoCal,Victoria Beach,4/15/2023,NA,NA,As,16.5,Y,Y,NA,1.29,
SS,EN,SoCal,Victoria Beach,4/15/2023,NA,NA,As,21.1,Y,Y,NA,1.29,
SS,EN,SoCal,Victoria Beach,4/15/2023,NA,NA,M,31,Y,Y,NA,0.55,
SS,EN,SoCal,Victoria Beach,4/15/2023,NA,NA,M,34.8,Y,Y,NA,1.35,
SS,EN,SoCal,Victoria Beach,4/15/2023,NA,NA,M,29.2,Y,Y,NA,1.35,
SS,EN,SoCal,Victoria Beach,4/15/2023,NA,NA,As,16.9,Y,Y,NA,1.33,
SS,EN,SoCal,Victoria Beach,4/15/2023,NA,NA,As,17.3,Y,Y,NA,1.33,
SS,EN,SoCal,Victoria Beach,4/15/2023,NA,NA,M,33.7,Y,Y,NA,1.5,
SS,EN,SoCal,Victoria Beach,4/15/2023,NA,NA,M,36.1,Y,Y,NA,1.5,
SS,EN,SoCal,Victoria Beach,4/15/2023,NA,NA,As,10.7,Y,Y,NA,1.24,
SS,EN,SoCal,Victoria Beach,4/15/2023,3,4.64,As,NA,Y,Y,NA,1.13,Whelk could not be measured
SS,EN,SoCal,Victoria Beach,4/15/2023,24,3.8,As,14.9,Y,N,NA,0.35,
SS,EN,SoCal,Victoria Beach,4/15/2023,16,0,Ne,26.4,Y,N,NA,1.84,
SS,EN,SoCal,Victoria Beach,4/15/2023,16,1.45,M,30.2,Y,N,NA,1.72,
SS,EN,SoCal,Victoria Beach,4/15/2023,16,1.45,M,35.6,Y,N,NA,1.72,
SS,EN,SoCal,Victoria Beach,4/15/2023,16,1.45,M,25.1,Y,N,NA,1.72,
SS,EN,SoCal,Victoria Beach,4/15/2023,16,1.45,Ne,30.7,Y,N,NA,1.72,
SS,EN,SoCal,Victoria Beach,4/15/2023,16,5.89,M,16.6,Y,N,NA,1.47,
SS,EN,SoCal,Victoria Beach,4/15/2023,16,5.89,M,31.7,Y,N,NA,1.47,
SS,EN,SoCal,Victoria Beach,4/15/2023,10,0,Ne,19.2,Y,N,NA,1.84,
SS,EN,SoCal,Victoria Beach,4/15/2023,10,0,M,38.8,Y,N,NA,1.84,
SS,EN,SoCal,Victoria Beach,4/15/2023,10,0,M,26.3,Y,N,NA,1.84,
SS,EN,SoCal,Victoria Beach,4/15/2023,10,0,M,30.2,Y,N,NA,1.84,
SS,EN,SoCal,Victoria Beach,4/15/2023,10,0,M,39.4,Y,N,NA,1.84,
SS,EN,SoCal,Victoria Beach,4/15/2023,10,3.29,M,20.7,Y,N,NA,1.59,
SS,KS,SoCal,Goff Island,4/11/2023,21,10.29,M,20.2,Y,N,NA,1.71,
SS,KS,SoCal,Goff Island,4/11/2023,21,10.29,M,21.7,Y,N,NA,1.71,
SS,KS,SoCal,Goff Island,4/11/2023,18,5.85,M,26.2,Y,N,NA,1.71,
SS,KS,SoCal,Goff Island,4/11/2023,NA,NA,M,30.5,Y,Y,NA,1.3,
SS,KS,SoCal,Goff Island,4/11/2023,NA,NA,M,27,Y,Y,NA,1.3,
SS,KS,SoCal,Goff Island,4/11/2023,NA,NA,M,41.6,Y,Y,NA,1.3,
SS,KS,SoCal,Goff Island,4/11/2023,NA,NA,M,23.5,Y,Y,NA,1.3,
SS,KS,SoCal,Goff Island,4/11/2023,NA,NA,M,32.9,Y,Y,NA,1.17,
SS,KS,SoCal,Goff Island,4/11/2023,NA,NA,M,19,Y,Y,NA,1.17,
SS,KS,SoCal,Goff Island,4/11/2023,NA,NA,M,18.4,Y,Y,NA,1.17,
SS,KS,SoCal,Goff Island,4/11/2023,NA,NA,M,27.3,Y,Y,NA,1.29,
SS,KS,SoCal,Goff Island,4/11/2023,NA,NA,M,25.6,Y,Y,NA,1.29,
SS,KS,SoCal,Goff Island,4/11/2023,NA,NA,M,34.1,Y,Y,NA,1.29,
SS,KS,SoCal,Goff Island,4/11/2023,NA,NA,M,24,Y,Y,NA,1.29,
SS,KS,SoCal,Goff Island,4/11/2023,NA,NA,M,31.4,Y,Y,NA,1.29,
SS,KS,SoCal,Goff Island,4/11/2023,NA,NA,M,30.5,Y,Y,NA,1.29,
SS,KS,SoCal,Goff Island,4/11/2023,NA,NA,M,16.1,Y,Y,NA,1.29,
SS,KS,SoCal,Goff Island,4/11/2023,NA,NA,M,32,Y,Y,NA,1.29,
SS,KS,SoCal,Goff Island,4/11/2023,NA,NA,M,27.4,Y,Y,NA,1.21,
SS,KS,SoCal,Goff Island,4/11/2023,NA,NA,M,28.5,Y,Y,NA,1.21,
SS,KS,SoCal,Goff Island,4/11/2023,NA,NA,M,13.7,Y,Y,NA,1.21,
SS,KS,SoCal,Goff Island,4/11/2023,NA,NA,M,36,Y,Y,NA,1.39,
SS,KS,SoCal,Goff Island,4/11/2023,NA,NA,M,28.4,Y,Y,NA,1.39,
SS,KS,SoCal,Goff Island,4/11/2023,NA,NA,M,26,Y,Y,NA,1.39,
SS,KS,SoCal,Goff Island,4/11/2023,NA,NA,M,32.2,Y,Y,NA,1.39,
SS,KS,SoCal,Goff Island,4/11/2023,NA,NA,M,28.3,Y,Y,NA,1.39,
SS,KS,SoCal,Goff Island,4/11/2023,NA,NA,M,29.6,Y,Y,NA,1.39,
SS,KS,SoCal,Goff Island,4/11/2023,NA,NA,M,35.3,Y,Y,NA,1.21,
SS,KS,SoCal,Goff Island,4/11/2023,NA,NA,M,27.2,Y,Y,NA,1.21,
SS,KS,SoCal,Goff Island,4/11/2023,NA,NA,M,35.4,Y,Y,NA,1.28,
SS,KS,SoCal,Goff Island,4/11/2023,NA,NA,M,36.1,Y,Y,NA,1.28,
SS,KS,SoCal,Goff Island,4/11/2023,NA,NA,M,31.3,Y,Y,NA,1.26,
SS,KS,SoCal,Goff Island,4/11/2023,NA,NA,M,30.6,Y,Y,NA,1.26,
SS,KS,SoCal,Goff Island,4/11/2023,NA,NA,M,33.6,Y,Y,NA,1.26,
SS,KS,SoCal,Goff Island,4/11/2023,NA,NA,M,32.6,Y,Y,NA,1.26,
SS,KS,SoCal,Goff Island,4/11/2023,NA,NA,M,32.3,Y,Y,NA,1.26,
SS,KS,SoCal,Goff Island,4/11/2023,12,8.71,M,22.6,Y,N,NA,1.87,
SS,KS,SoCal,Goff Island,4/11/2023,12,9.11,M,28.5,Y,N,NA,1.62,
SS,RB,SoCal,Scripps,4/14/2023,11,6.06,As,20.25,Y,N,NA,0.2,
SS,RB,SoCal,Scripps,4/14/2023,11,6.06,As,23,Y,N,NA,0.2,changed 20.03 to 23.0 (SS)
SS,RB,SoCal,Scripps,4/14/2023,13,3.14,As,26,Y,N,NA,0.42,change 20.06 to 26.0 (SS)
SS,RB,SoCal,Scripps,4/14/2023,13,3.14,As,10.35,Y,N,NA,0.42,
SS,RB,SoCal,Scripps,4/14/2023,13,3.14,As,20.07,Y,N,NA,0.42,
SS,RB,SoCal,Scripps,4/14/2023,13,3.14,As,20.36,Y,N,NA,0.42,
SS,RB,SoCal,Scripps,4/14/2023,NA,NA,As,24.2,Y,Y,NA,0.06,
SS,RB,SoCal,Scripps,4/14/2023,NA,NA,As,21,Y,Y,NA,0.06,
SS,RB,SoCal,Scripps,4/14/2023,NA,NA,As,20.3,Y,Y,NA,0.06,
SS,RB,SoCal,Scripps,4/14/2023,NA,NA,As,19.9,Y,Y,NA,0.34,
SS,RB,SoCal,Scripps,4/14/2023,NA,NA,As,16.2,Y,Y,NA,0.34,
SS,RB,SoCal,Scripps,4/14/2023,NA,NA,M,45.2,Y,Y,NA,0.34,
SS,RB,SoCal,Scripps,4/14/2023,NA,NA,As,20.4,Y,Y,NA,0.36,
SS,RB,SoCal,Scripps,4/14/2023,NA,NA,As,27,Y,Y,NA,0.36,
SS,RB,SoCal,Scripps,4/14/2023,NA,NA,As,26.4,Y,Y,NA,0.36,
SS,RB,SoCal,Scripps,4/14/2023,NA,NA,As,19.3,Y,Y,NA,0.06,
SS,RB,SoCal,Scripps,4/14/2023,NA,NA,As,18.3,Y,Y,NA,0.24,
SS,RB,SoCal,Scripps,4/14/2023,9,1.5,M,28.2,Y,N,NA,1.33,
SS,RB,SoCal,Scripps,4/14/2023,9,1.5,M,29.7,Y,N,NA,1.33,
SS,RB,SoCal,Scripps,4/14/2023,9,3.98,As,16.3,Y,N,NA,0.33,
SS,RB,SoCal,Scripps,4/14/2023,9,6.88,As,22.5,Y,N,NA,0.08,
SS,RB,SoCal,Scripps,4/14/2023,9,6.88,As,15.5,Y,N,NA,0.08,
SS,RB,SoCal,Scripps,4/14/2023,9,6.88,As,19.4,Y,N,NA,0.08,
SS,RB,SoCal,Scripps,4/14/2023,13,8.1,As,16.3,Y,N,NA,0.17,
SS,RB,SoCal,Scripps,4/14/2023,13,8.1,As,21.6,Y,N,NA,0.17,
SS,RB,SoCal,Scripps,4/14/2023,24,2.41,As,20.6,Y,N,NA,0.52,
SS,RB,SoCal,Scripps,4/14/2023,24,2.41,As,17.7,Y,N,NA,0.52,
SS,RB,SoCal,Scripps,4/14/2023,24,2.41,As,20.2,Y,N,NA,0.52,
SS,RB,SoCal,Scripps,4/14/2023,24,2.41,As,20.6,Y,N,NA,0.52,
SS,RB,SoCal,Scripps,4/14/2023,24,2.41,As,22.1,Y,N,NA,0.52,
SS,RB,SoCal,Scripps,4/14/2023,25,9.54,As,19.9,Y,N,NA,0.49,
SS,RB,SoCal,Scripps,4/14/2023,24,10.16,As,22.65,Y,N,NA,0.27,
SS,RB,SoCal,Scripps,4/14/2023,24,10.16,As,20.3,Y,N,NA,0.27,
SS,RB,SoCal,Scripps,4/14/2023,24,10.16,As,20.7,Y,N,NA,0.27,
SS,RB,SoCal,Scripps,4/14/2023,24,10.16,As,20.9,Y,N,NA,0.27,
SS,RB,SoCal,Scripps,4/14/2023,24,10.16,As,18.1,Y,N,NA,0.27,
SS,RB,SoCal,Cabrillo,4/13/2023,4,0.64,M,31.15,Y,N,NA,0.69,
SS,RB,SoCal,Cabrillo,4/13/2023,4,0.64,M,27,Y,N,NA,0.69,
SS,RB,SoCal,Cabrillo,4/13/2023,4,1.21,M,28.35,Y,N,NA,0.44,
SS,RB,SoCal,Cabrillo,4/13/2023,4,1.21,M,26.45,Y,N,NA,0.44,
SS,RB,SoCal,Cabrillo,4/13/2023,6,0.6,M,21.6,Y,N,NA,0.96,
SS,RB,SoCal,Cabrillo,4/13/2023,6,2.8,Rp,29.2,Y,N,NA,0.46,
SS,RB,SoCal,Cabrillo,4/13/2023,5,0,M,27.4,Y,N,NA,1.06,
SS,RB,SoCal,Cabrillo,4/13/2023,5,1.05,M,25.6,Y,N,NA,0.81,
SS,RB,SoCal,Cabrillo,4/13/2023,5,3.42,M,24.6,Y,N,NA,0.56,
SS,RB,SoCal,Cabrillo,4/13/2023,NA,NA,M,25.5,Y,Y,NA,1.16,
SS,RB,SoCal,Cabrillo,4/13/2023,NA,NA,M,28.1,Y,Y,NA,0.26,
SS,RB,SoCal,Cabrillo,4/13/2023,NA,NA,M,26.1,Y,Y,NA,0.26,
SS,RB,SoCal,Cabrillo,4/13/2023,NA,NA,M,31.5,Y,Y,NA,0.22,
SS,RB,SoCal,Cabrillo,4/13/2023,NA,NA,M,30.1,Y,Y,NA,0.22,
SS,RB,SoCal,Cabrillo,4/13/2023,NA,NA,M,30.3,Y,Y,NA,0.22,
SS,RB,SoCal,Cabrillo,4/13/2023,NA,NA,M,29,Y,Y,NA,0.22,
SS,RB,SoCal,Cabrillo,4/13/2023,NA,NA,M,26.3,Y,Y,NA,0.57,
SS,RB,SoCal,Cabrillo,4/13/2023,NA,NA,M,28.2,Y,Y,NA,0.65,
SS,RB,SoCal,Cabrillo,4/13/2023,NA,NA,M,27.3,Y,Y,NA,0.81,
SS,RB,SoCal,Cabrillo,4/13/2023,NA,NA,M,32.5,Y,Y,NA,0.81,
SS,RB,SoCal,Cabrillo,4/13/2023,NA,NA,M,30.55,Y,Y,NA,0.81,
SS,RB,SoCal,Cabrillo,4/13/2023,NA,NA,M,27.6,Y,Y,NA,0.81,
SS,RB,SoCal,Cabrillo,4/13/2023,NA,NA,M,25,Y,Y,NA,0.26,
SS,RB,SoCal,Cabrillo,4/13/2023,NA,NA,M,29.5,Y,Y,NA,0.26,
SS,RB,SoCal,Cabrillo,4/13/2023,NA,NA,M,24.5,Y,Y,NA,0.26,
SS,RB,SoCal,Cabrillo,4/13/2023,NA,NA,M,24.6,Y,Y,NA,0.42,
SS,RB,SoCal,Cabrillo,4/13/2023,NA,NA,M,27.8,Y,Y,NA,0.4,
SS,RB,SoCal,Cabrillo,4/13/2023,NA,NA,M,26.9,Y,Y,NA,0.4,
SS,RB,SoCal,Cabrillo,4/13/2023,NA,NA,M,27,Y,Y,NA,0.5,
SS,RB,SoCal,Swami's,4/6/2023,NA,NA,M,21.7,Y,Y,NA,0.69,
SS,RB,SoCal,Swami's,4/6/2023,NA,NA,M,32.5,Y,Y,NA,0.69,
SS,RB,SoCal,Swami's,4/6/2023,NA,NA,M,26.5,Y,Y,NA,0.69,
SS,RB,SoCal,Swami's,4/6/2023,NA,NA,M,28.6,Y,Y,NA,0.69,
SS,RB,SoCal,Swami's,4/6/2023,NA,NA,M,31.8,Y,Y,NA,0.62,
SS,RB,SoCal,Swami's,4/6/2023,NA,NA,M,28.7,Y,Y,NA,0.62,
SS,RB,SoCal,Swami's,4/6/2023,NA,NA,As,23.6,Y,Y,NA,0.62,
SS,RB,SoCal,Swami's,4/6/2023,NA,NA,As,13.6,Y,Y,NA,0.62,
SS,RB,SoCal,Swami's,4/6/2023,NA,NA,M,29,Y,Y,NA,1.01,
SS,RB,SoCal,Swami's,4/6/2023,NA,NA,M,24,Y,Y,NA,1.01,
SS,RB,SoCal,Swami's,4/6/2023,NA,NA,M,32.5,Y,Y,NA,0.69,
SS,RB,SoCal,Swami's,4/6/2023,NA,NA,As,18.1,Y,Y,NA,0.69,
SS,RB,SoCal,Swami's,4/6/2023,NA,NA,As,15.4,Y,Y,NA,0.69,
SS,RB,SoCal,Swami's,4/6/2023,NA,NA,M,13.3,Y,Y,NA,1.04,
SS,RB,SoCal,Swami's,4/6/2023,NA,NA,M,25.5,Y,Y,NA,1.04,
SS,RB,SoCal,Swami's,4/6/2023,NA,NA,M,25.4,Y,Y,NA,1.04,
SS,RB,SoCal,Swami's,4/6/2023,NA,NA,M,32.8,Y,Y,NA,1.04,
SS,RB,SoCal,Swami's,4/6/2023,NA,NA,M,23.6,Y,Y,NA,1.04,
SS,RB,SoCal,Swami's,4/6/2023,NA,NA,M,23.7,Y,Y,NA,1.04,
SS,RB,SoCal,Swami's,4/6/2023,NA,NA,M,30.3,Y,Y,NA,1.03,
SS,RB,SoCal,Swami's,4/6/2023,NA,NA,M,24.8,Y,Y,NA,1,
SS,SR,SoCal,Heisler Park,4/10/2023,10,2.56,M,33.4,Y,N,NA,1.1,
SS,SR,SoCal,Heisler Park,4/10/2023,NA,NA,M,20.4,Y,Y,NA,1.35,on rocks north of main site
SS,SR,SoCal,Heisler Park,4/10/2023,NA,NA,M,25.1,Y,Y,NA,1.35,on rocks north of main site
SS,SR,SoCal,Heisler Park,4/10/2023,NA,NA,M,21.7,Y,Y,NA,1.35,on rocks north of main site
SS,SR,SoCal,Heisler Park,4/10/2023,NA,NA,M,18.4,Y,Y,NA,1.35,on rocks north of main site
SS,SR,SoCal,Heisler Park,4/10/2023,NA,NA,M,26.5,Y,Y,NA,1.47,on rocks north of main site
SS,SR,SoCal,Heisler Park,4/10/2023,NA,NA,M,28.6,Y,Y,NA,1.47,on rocks north of main site
SS,SR,SoCal,Heisler Park,4/10/2023,NA,NA,M,22.5,Y,Y,NA,1.47,on rocks north of main site
SS,SR,SoCal,Heisler Park,4/10/2023,NA,NA,M,35,Y,Y,NA,1.51,on rocks north of main site
SS,SR,SoCal,Heisler Park,4/10/2023,NA,NA,M,20.35,Y,Y,NA,1.51,on rocks north of main site
SS,SR,SoCal,Heisler Park,4/10/2023,NA,NA,M,24.1,Y,Y,NA,1.51,on rocks north of main site
SS,SR,SoCal,Heisler Park,4/10/2023,NA,NA,M,24.95,Y,Y,NA,1.33,on rocks north of main site
SS,SR,SoCal,Heisler Park,4/10/2023,NA,NA,M,22,Y,Y,NA,1.33,on rocks north of main site
SS,SR,SoCal,Heisler Park,4/10/2023,NA,NA,M,16.3,Y,Y,NA,1.41,on rocks north of main site
SS,SR,SoCal,Heisler Park,4/10/2023,NA,NA,M,32.2,Y,Y,NA,1.92,Along main rock
SS,SR,SoCal,Heisler Park,4/10/2023,NA,NA,M,26.1,Y,Y,NA,1.92,Along main rock
SS,SR,SoCal,Heisler Park,4/10/2023,NA,NA,M,37.1,Y,Y,NA,1.02,Along main rock
SS,SR,SoCal,Heisler Park,4/10/2023,NA,NA,M,32,Y,Y,NA,1.17,Along main rock
SS,SR,SoCal,Heisler Park,4/10/2023,NA,NA,M,31.4,Y,Y,NA,1.17,Along main rock
SS,SR,SoCal,Heisler Park,4/10/2023,NA,NA,As,22.5,Y,Y,NA,0.5,Along main rock
SS,KS,SoCal,Shaw's Cove,4/2/2023,25,1.01,Ne,18,Y,N,NA,1.16,
SS,KS,SoCal,Shaw's Cove,4/2/2023,25,1.01,Ne,19.6,Y,N,NA,1.16,
SS,KS,SoCal,Shaw's Cove,4/2/2023,25,1.01,Ne,21.8,Y,N,NA,1.16,
SS,KS,SoCal,Shaw's Cove,4/2/2023,17,5.85,Ne,26.3,Y,N,NA,1.28,emarg
SS,KS,SoCal,Shaw's Cove,4/2/2023,17,5.85,Ne,18.9,Y,N,NA,1.28,No (ostrina)
SS,KS,SoCal,Shaw's Cove,4/2/2023,17,6.2,Ne,25.1,Y,N,NA,1.03,
SS,KS,SoCal,Shaw's Cove,4/2/2023,NA,NA,As,18.3,Y,Y,NA,0.75,
SS,KS,SoCal,Shaw's Cove,4/2/2023,NA,NA,As,20.6,Y,Y,NA,0.66,
SS,KS,SoCal,Shaw's Cove,4/2/2023,NA,NA,As,16.9,Y,Y,NA,0.6,
SS,KS,SoCal,Shaw's Cove,4/2/2023,NA,NA,As,21.2,Y,Y,NA,0.6,
SS,KS,SoCal,Shaw's Cove,4/2/2023,NA,NA,As,20.1,Y,Y,NA,0.54,
SS,KS,SoCal,Shaw's Cove,4/2/2023,NA,NA,As,19.5,Y,Y,NA,0.62,
SS,KS,SoCal,Shaw's Cove,4/2/2023,NA,NA,As,21.6,Y,Y,NA,0.62,
SS,KS,SoCal,Shaw's Cove,4/2/2023,NA,NA,As,16.9,Y,Y,NA,0.78,
SS,KS,SoCal,Shaw's Cove,4/2/2023,NA,NA,As,16.9,Y,Y,NA,0.78,
SS,KS,SoCal,Shaw's Cove,4/2/2023,NA,NA,As,17.6,Y,Y,NA,0.66,
SS,KS,SoCal,Shaw's Cove,4/2/2023,NA,NA,As,14.9,Y,Y,NA,0.73,
SS,KS,SoCal,Shaw's Cove,4/2/2023,NA,NA,As,18.5,Y,Y,NA,0.73,
SS,KS,SoCal,Shaw's Cove,4/2/2023,NA,NA,As,17.6,Y,Y,NA,0.73,
SS,KS,SoCal,Shaw's Cove,4/2/2023,NA,NA,As,19.7,Y,Y,NA,0.68,
SS,KS,SoCal,Shaw's Cove,4/2/2023,NA,NA,As,16.1,Y,Y,NA,0.68,
SS,KS,SoCal,Shaw's Cove,4/2/2023,14,4.3,Ne,26,Y,N,NA,0.9,
SS,RB,Baja,La Chorera Norte,5/16/2023,1,1.05,M,12.7,Y,N,NA,1.35,
SS,RB,Baja,La Chorera Norte,5/16/2023,1,2.2,M,19,Y,N,NA,0.85,
SS,RB,Baja,La Chorera Norte,5/16/2023,1,2.2,M,19.2,Y,N,NA,0.85,
SS,RB,Baja,La Chorera Norte,5/16/2023,11,1.86,M,18.5,Y,N,NA,0.62,
SS,RB,Baja,La Chorera Norte,5/16/2023,11,1.53,M,14.6,Y,N,NA,0.87,
SS,RB,Baja,La Chorera Norte,5/16/2023,11,1.53,M,15,Y,N,NA,0.87,
SS,RB,Baja,La Chorera Norte,5/16/2023,11,1.53,M,16.5,Y,N,NA,0.87,
SS,RB,Baja,La Chorera Norte,5/16/2023,11,1.53,M,16.8,Y,N,NA,0.87,
SS,RB,Baja,La Chorera Norte,5/16/2023,11,1.53,M,18.1,Y,N,NA,0.87,
SS,RB,Baja,La Chorera Norte,5/16/2023,11,1.53,M,17.6,Y,N,NA,0.87,
SS,RB,Baja,La Chorera Norte,5/16/2023,11,1.53,M,18.7,Y,N,NA,0.87,
SS,RB,Baja,La Chorera Norte,5/16/2023,11,1.53,M,18.4,Y,N,NA,0.87,
SS,RB,Baja,La Chorera Norte,5/16/2023,11,1.28,M,18,Y,N,NA,1.12,
SS,RB,Baja,La Chorera Norte,5/16/2023,11,1.28,M,18.1,Y,N,NA,1.12,
SS,RB,Baja,La Chorera Norte,5/16/2023,11,1.28,M,18.2,Y,N,NA,1.12,
SS,RB,Baja,La Chorera Norte,5/16/2023,11,1.28,M,16.5,Y,N,NA,1.12,
SS,RB,Baja,La Chorera Norte,5/16/2023,11,1.28,M,18.7,Y,N,NA,1.12,
SS,RB,Baja,La Chorera Norte,5/16/2023,11,1.28,M,15.6,Y,N,NA,1.12,
SS,RB,Baja,La Chorera Norte,5/16/2023,11,0.55,M,18.1,Y,N,NA,1.61,
SS,RB,Baja,La Chorera Norte,5/16/2023,11,0.55,M,20.4,Y,N,NA,1.61,
SS,RB,Baja,La Chorera Norte,5/16/2023,NA,NA,M,16.2,Y,Y,NA,1,
SS,RB,Baja,La Chorera Norte,5/16/2023,NA,NA,M,19.3,Y,Y,NA,1,
SS,RB,Baja,La Chorera Norte,5/16/2023,NA,NA,M,16.5,Y,Y,NA,1,
SS,RB,Baja,La Chorera Norte,5/16/2023,NA,NA,M,17.6,Y,Y,NA,1,
SS,RB,Baja,La Chorera Norte,5/16/2023,NA,NA,M,17.5,Y,Y,NA,0.79,
SS,RB,Baja,La Chorera Norte,5/16/2023,NA,NA,M,16.6,Y,Y,NA,0.79,
SS,RB,Baja,La Chorera Norte,5/16/2023,NA,NA,M,17.2,Y,Y,NA,0.79,
SS,RB,Baja,La Chorera Norte,5/16/2023,NA,NA,M,18.5,Y,Y,NA,0.79,
SS,RB,Baja,La Chorera Norte,5/16/2023,NA,NA,M,15.5,Y,Y,NA,0.79,
SS,RB,Baja,La Chorera Norte,5/16/2023,NA,NA,M,19.6,Y,Y,NA,0.79,
SS,RB,Baja,La Chorera Norte,5/16/2023,NA,NA,M,16.4,Y,Y,NA,0.79,
SS,RB,Baja,La Chorera Norte,5/16/2023,NA,NA,M,17.3,Y,Y,NA,0.79,
SS,RB,Baja,La Chorera Norte,5/16/2023,NA,NA,M,15,Y,Y,NA,0.79,
SS,RB,Baja,La Chorera Norte,5/16/2023,NA,NA,M,16.8,Y,Y,NA,0.79,
SS,RB,Baja,La Chorera Norte,5/16/2023,NA,NA,M,16.1,Y,Y,NA,0.79,
SS,RB,Baja,La Chorera Norte,5/16/2023,NA,NA,M,19.2,Y,Y,NA,0.79,
SS,RB,Baja,La Chorera Norte,5/16/2023,NA,NA,M,16.6,Y,Y,NA,0.79,
SS,RB,Baja,La Chorera Norte,5/16/2023,NA,NA,M,19.4,Y,Y,NA,0.82,
SS,RB,Baja,La Chorera Norte,5/16/2023,NA,NA,M,18.9,Y,Y,NA,0.82,
SS,RB,Baja,La Chorera Norte,5/16/2023,NA,NA,M,18.8,Y,Y,NA,0.82,
SS,RB,Baja,La Chorera Norte,5/16/2023,NA,NA,M,17.1,Y,Y,NA,0.82,
SS,RB,Baja,La Chorera Norte,5/16/2023,NA,NA,M,18.3,Y,Y,NA,0.82,
SS,RB,Baja,La Chorera Norte,5/16/2023,NA,NA,M,18.8,Y,Y,NA,0.82,
SS,RB,Baja,La Chorera Norte,5/16/2023,NA,NA,M,18.6,Y,Y,NA,0.82,
SS,RB,Baja,La Chorera Norte,5/16/2023,NA,NA,M,17.9,Y,Y,NA,0.82,
SS,RB,Baja,La Chorera Norte,5/16/2023,NA,NA,M,18.2,Y,Y,NA,0.82,
SS,RB,Baja,La Chorera Norte,5/16/2023,NA,NA,M,19.6,Y,Y,NA,0.82,
SS,RB,Baja,La Chorera Norte,5/16/2023,NA,NA,M,17.8,Y,Y,NA,0.82,
SS,RB,Baja,La Chorera Norte,5/16/2023,NA,NA,M,17.7,Y,Y,NA,0.82,
SS,RB,Baja,La Chorera Norte,5/16/2023,NA,NA,M,19.3,Y,Y,NA,0.82,
SS,RB,Baja,La Chorera Norte,5/16/2023,NA,NA,M,17,Y,Y,NA,0.93,
SS,RB,Baja,La Chorera Norte,5/16/2023,NA,NA,M,17,Y,Y,NA,0.93,
SS,RB,Baja,La Chorera Norte,5/16/2023,NA,NA,M,18.4,Y,Y,NA,0.93,
SS,RB,Baja,La Chorera Norte,5/16/2023,NA,NA,M,19.3,Y,Y,NA,0.93,
SS,RB,Baja,La Chorera Norte,5/16/2023,NA,NA,M,17.6,Y,Y,NA,0.93,
SS,RB,Baja,La Chorera Norte,5/16/2023,NA,NA,M,16.6,Y,Y,NA,0.93,
SS,RB,Baja,La Chorera Norte,5/16/2023,NA,NA,M,16,Y,Y,NA,0.93,
SS,RB,Baja,La Chorera Norte,5/16/2023,NA,NA,M,17.6,Y,Y,NA,0.93,
SS,RB,Baja,La Chorera Norte,5/16/2023,NA,NA,M,16.5,Y,Y,NA,0.93,
SS,RB,Baja,La Chorera Norte,5/16/2023,NA,NA,M,14.4,Y,Y,NA,0.93,
SS,RB,Baja,La Chorera Norte,5/16/2023,NA,NA,M,18.8,Y,Y,NA,0.93,
SS,RB,Baja,La Chorera Norte,5/16/2023,NA,NA,M,17.5,Y,Y,NA,0.93,
SS,RB,Baja,La Chorera Norte,5/16/2023,NA,NA,M,17,Y,Y,NA,0.93,
SS,RB,Baja,La Chorera Norte,5/16/2023,NA,NA,M,17.6,Y,Y,NA,1.16,
SS,RB,Baja,La Chorera Norte,5/16/2023,NA,NA,M,17.8,Y,Y,NA,1.16,
SS,RB,Baja,La Chorera Norte,5/16/2023,NA,NA,M,18.8,Y,Y,NA,1.16,
SS,RB,Baja,La Chorera Norte,5/16/2023,NA,NA,M,19,Y,Y,NA,1.16,
SS,RB,Baja,La Chorera Norte,5/16/2023,NA,NA,M,16.8,Y,Y,NA,1.16,
SS,RB,Baja,La Chorera Norte,5/16/2023,NA,NA,M,15.6,Y,Y,NA,1.16,
SS,RB,Baja,La Chorera Norte,5/16/2023,NA,NA,M,16.3,Y,Y,NA,1.16,
SS,RB,Baja,La Chorera Norte,5/16/2023,NA,NA,M,17.5,Y,Y,NA,1.16,
SS,RB,Baja,La Chorera Norte,5/16/2023,NA,NA,M,15.4,Y,Y,NA,1.16,
SS,RB,Baja,La Chorera Norte,5/16/2023,NA,NA,M,17.5,Y,Y,NA,1.16,
SS,RB,Baja,La Chorera Norte,5/16/2023,NA,NA,M,16.4,Y,Y,NA,1.16,
SS,RB,Baja,La Chorera Norte,5/16/2023,NA,NA,M,17.2,Y,Y,NA,1.16,
SS,RB,Baja,La Chorera Norte,5/16/2023,NA,NA,M,16.6,Y,Y,NA,1.16,
SS,RB,Baja,La Chorera Norte,5/16/2023,NA,NA,M,15.7,Y,Y,NA,1.16,
SS,RB,Baja,La Chorera Norte,5/16/2023,NA,NA,M,18.6,Y,Y,NA,1.16,
SS,RB,Baja,La Chorera Norte,5/16/2023,NA,NA,M,18.5,Y,Y,NA,1.16,
SS,RB,Baja,La Chorera Norte,5/16/2023,NA,NA,M,17.2,Y,Y,NA,1.16,
SS,RB,Baja,La Chorera Norte,5/16/2023,12,5.18,M,20.4,Y,N,NA,0.76,
SS,RB,Baja,La Chorera Norte,5/16/2023,12,1.32,M,16.9,Y,N,NA,1.26,
SS,RB,Baja,La Chorera Norte,5/16/2023,12,1.32,M,18.1,Y,N,NA,1.26,
SS,RB,Baja,La Chorera Norte,5/16/2023,12,1.32,M,16.7,Y,N,NA,1.26,
SS,RB,Baja,La Chorera Norte,5/16/2023,12,1.32,M,18.8,Y,N,NA,1.26,
SS,RB,Baja,La Chorera Norte,5/16/2023,12,1.32,M,18.9,Y,N,NA,1.26,
SS,RB,Baja,La Chorera Norte,5/16/2023,12,1.32,M,18.7,Y,N,NA,1.26,
SS,RB,Baja,La Chorera Norte,5/16/2023,12,1.32,M,18.8,Y,N,NA,1.26,
SS,RB,Baja,La Chorera Norte,5/16/2023,12,1.32,M,20.5,Y,N,NA,1.26,
SS,RB,Baja,La Chorera Norte,5/16/2023,12,1.32,M,22.3,Y,N,NA,1.26,
SS,RB,Baja,La Chorera Norte,5/16/2023,12,1.32,M,16.3,Y,N,NA,1.26,
SS,RB,Baja,La Chorera Norte,5/16/2023,12,1.32,M,17.1,Y,N,NA,1.26,
SS,RB,Baja,La Chorera Norte,5/16/2023,12,1.32,M,19.4,Y,N,NA,1.26,
SS,RB,Baja,La Chorera Norte,5/16/2023,12,1.32,M,20.4,Y,N,NA,1.26,
SS,RB,Baja,La Chorera Norte,5/16/2023,12,1.32,M,18.6,Y,N,NA,1.26,
SS,RB,Baja,La Chorera Norte,5/16/2023,12,1.32,M,16.7,Y,N,NA,1.26,
SS,RB,Baja,La Chorera Norte,5/16/2023,12,1.32,M,17.6,Y,N,NA,1.26,
SS,RB,Baja,La Chorera Norte,5/16/2023,12,1.32,M,18.2,Y,N,NA,1.26,
SS,RB,Baja,La Chorera Norte,5/16/2023,12,1.32,M,17.3,Y,N,NA,1.26,
SS,RB,Baja,La Chorera Norte,5/16/2023,12,1.32,M,19.5,Y,N,NA,1.26,
SS,RB,Baja,La Chorera Norte,5/16/2023,12,1.32,M,17.2,Y,N,NA,1.26,
SS,RB,Baja,La Chorera Norte,5/16/2023,12,1.32,M,15.9,Y,N,NA,1.26,
SS,RB,Baja,La Chorera Norte,5/16/2023,12,1.32,M,20.1,Y,N,NA,1.26,
SS,RB,Baja,La Chorera Norte,5/16/2023,12,1.32,M,17.8,Y,N,NA,1.26,
SS,RB,Baja,La Chorera Norte,5/16/2023,12,1.32,M,18,Y,N,NA,1.26,
SS,RB,Baja,La Chorera Norte,5/16/2023,12,1.32,M,18.5,Y,N,NA,1.26,
SS,RB,Baja,La Chorera Norte,5/16/2023,12,1.32,M,13,Y,N,NA,1.26,
SS,RB,Baja,La Chorera Norte,5/16/2023,12,1.32,M,15.2,Y,N,NA,1.26,
SS,RB,Baja,La Chorera Norte,5/16/2023,12,1,M,NA,Y,N,NA,1.51,Whelk could not be measured
SS,RB,Baja,La Chorera Norte,5/16/2023,12,0.69,M,19,Y,N,NA,1.76,
SS,RB,Baja,La Chorera Norte,5/16/2023,20,6.97,M,19.7,Y,N,NA,0.93,
SS,RB,Baja,La Chorera Norte,5/16/2023,20,6.97,M,20.6,Y,N,NA,0.93,
SS,RB,Baja,La Chorera Norte,5/16/2023,20,6.97,M,19.2,Y,N,NA,0.93,
SS,RB,Baja,La Chorera Norte,5/16/2023,20,6.97,M,19.7,Y,N,NA,0.93,
SS,RB,Baja,La Chorera Norte,5/16/2023,20,6.97,M,20.55,Y,N,NA,0.93,
SS,RB,Baja,La Chorera Norte,5/16/2023,20,6.97,M,19.5,Y,N,NA,0.93,
SS,RB,Baja,La Chorera Norte,5/16/2023,20,0.85,M,20.1,Y,N,NA,1.18,
SS,RB,Baja,La Chorera Norte,5/16/2023,20,0.85,M,20.9,Y,N,NA,1.18,
SS,RB,Baja,La Chorera Norte,5/16/2023,20,0.85,M,16.75,Y,N,NA,1.18,
SS,RB,Baja,La Chorera Norte,5/16/2023,20,0.85,M,15.55,Y,N,NA,1.18,
SS,RB,Baja,San Miguel,5/9/2023,19,16.82,Rp,20.2,Y,N,NA,0.7,
SS,RB,Baja,San Miguel,5/9/2023,19,16.82,As,NA,Y,N,NA,0.7,
SS,RB,Baja,San Miguel,5/9/2023,19,2,M,24.4,Y,N,NA,1.2,
SS,RB,Baja,San Miguel,5/9/2023,19,2,M,23.4,Y,N,NA,1.2,
SS,RB,Baja,San Miguel,5/9/2023,19,2,M,12.7,Y,N,NA,1.2,
SS,RB,Baja,San Miguel,5/9/2023,19,2,M,14.2,Y,N,NA,1.2,
SS,RB,Baja,San Miguel,5/9/2023,19,2,M,21.2,Y,N,NA,1.2,
SS,RB,Baja,San Miguel,5/9/2023,15,0.9,M,21.2,Y,N,NA,1.41,
SS,RB,Baja,San Miguel,5/9/2023,15,0.9,M,23.5,Y,N,NA,1.41,
SS,RB,Baja,San Miguel,5/9/2023,15,8.08,M,16.3,Y,N,NA,0.91,
SS,RB,Baja,San Miguel,5/9/2023,15,8.08,M,13.4,Y,N,NA,0.91,
SS,RB,Baja,San Miguel,5/9/2023,15,8.08,M,12.6,Y,N,NA,0.91,
SS,RB,Baja,San Miguel,5/9/2023,7,2.95,Rp,21.8,Y,N,NA,0.93,
SS,RB,Baja,San Miguel,5/9/2023,21,3.43,M,11.6,Y,N,NA,0.85,
SS,RB,Baja,San Miguel,5/9/2023,21,3.43,M,10.65,Y,N,NA,0.85,
SS,RB,Baja,San Miguel,5/9/2023,21,2.25,M,25.6,Y,N,NA,1.6,
SS,RB,Baja,San Miguel,5/9/2023,21,2.25,M,14,Y,N,NA,1.6,
SS,RB,Baja,San Miguel,5/9/2023,21,2.25,M,14.4,Y,N,NA,1.6,
SS,RB,Baja,San Miguel,5/9/2023,21,2.25,M,23.45,Y,N,NA,1.6,
SS,RB,Baja,San Miguel,5/9/2023,21,2.25,M,12.65,Y,N,NA,1.6,
SS,RB,Baja,San Miguel,5/9/2023,21,2.25,M,25.7,Y,N,NA,1.6,
SS,RB,Baja,San Miguel,5/9/2023,21,2.25,M,9.35,Y,N,NA,1.6,
SS,RB,Baja,San Miguel,5/9/2023,21,2.25,M,12,Y,N,NA,1.6,
SS,RB,Baja,San Miguel,5/9/2023,24,0,M,14.35,Y,N,NA,1.19,
SS,RB,Baja,San Miguel,5/9/2023,24,0,M,18,Y,N,NA,1.19,
SS,RB,Baja,San Miguel,5/9/2023,24,0.56,M,20.6,Y,N,NA,0.94,
SS,RB,Baja,San Miguel,5/9/2023,24,0.56,M,25.95,Y,N,NA,0.94,
SS,RB,Baja,San Miguel,5/9/2023,24,4.19,M,13.55,Y,N,NA,0.69,
SS,RB,Baja,San Miguel,5/9/2023,24,4.19,M,12.4,Y,N,NA,0.69,
SS,RB,Baja,San Miguel,5/9/2023,24,4.19,M,11.7,Y,N,NA,0.69,
SS,RB,Baja,San Miguel,5/9/2023,NA,NA,M,24.25,Y,Y,NA,1.33,
SS,RB,Baja,San Miguel,5/9/2023,NA,NA,M,25.6,Y,Y,NA,1.33,
SS,RB,Baja,San Miguel,5/9/2023,NA,NA,M,23.2,Y,Y,NA,1.33,
SS,RB,Baja,San Miguel,5/9/2023,NA,NA,M,22.8,Y,Y,NA,1.33,
SS,RB,Baja,San Miguel,5/9/2023,NA,NA,M,25,Y,Y,NA,1.33,
SS,RB,Baja,San Miguel,5/9/2023,NA,NA,M,24.05,Y,Y,NA,1.33,
SS,RB,Baja,San Miguel,5/9/2023,NA,NA,M,21.9,Y,Y,NA,1.33,
SS,RB,Baja,San Miguel,5/9/2023,NA,NA,M,22.45,Y,Y,NA,1.33,
SS,RB,Baja,San Miguel,5/9/2023,NA,NA,M,20.5,Y,Y,NA,1.33,
SS,RB,Baja,San Miguel,5/9/2023,NA,NA,M,23.6,Y,Y,NA,1.33,
SS,RB,Baja,San Miguel,5/9/2023,NA,NA,M,18.6,Y,Y,NA,1.33,
SS,RB,Baja,San Miguel,5/9/2023,NA,NA,M,17.85,Y,Y,NA,1.33,
SS,RB,Baja,San Miguel,5/9/2023,NA,NA,M,20.5,Y,Y,NA,1.33,
SS,RB,Baja,San Miguel,5/9/2023,NA,NA,M,17.1,Y,Y,NA,1.33,
SS,RB,Baja,San Miguel,5/9/2023,NA,NA,M,16,Y,Y,NA,1.33,
SS,RB,Baja,San Miguel,5/9/2023,NA,NA,M,13.9,Y,Y,NA,1.33,
SS,RB,Baja,San Miguel,5/9/2023,NA,NA,M,13,Y,Y,NA,1.33,
SS,RB,Baja,San Miguel,5/9/2023,NA,NA,M,18.4,Y,Y,NA,1.33,
SS,RB,Baja,San Miguel,5/9/2023,NA,NA,M,12.6,Y,Y,NA,1.33,
SS,RB,Baja,San Miguel,5/9/2023,NA,NA,M,16.95,Y,Y,NA,1.33,
SS,RB,Baja,San Miguel,5/9/2023,NA,NA,M,12.8,Y,Y,NA,1.33,
SS,RB,Baja,San Miguel,5/9/2023,NA,NA,M,15.2,Y,Y,NA,1.33,
SS,RB,Baja,San Miguel,5/9/2023,NA,NA,M,12.3,Y,Y,NA,1.33,
SS,RB,Baja,San Miguel,5/9/2023,NA,NA,M,18,Y,Y,NA,1.33,
SS,RB,Baja,San Miguel,5/9/2023,NA,NA,M,12.4,Y,Y,NA,1.33,
SS,RB,Baja,San Miguel,5/9/2023,NA,NA,M,22.4,Y,Y,NA,0.55,
SS,RB,Baja,San Miguel,5/9/2023,NA,NA,M,24.95,Y,Y,NA,0.55,
SS,RB,Baja,San Miguel,5/9/2023,NA,NA,M,12.6,Y,Y,NA,0.55,
SS,RB,Baja,San Miguel,5/9/2023,NA,NA,M,19.95,Y,Y,NA,0.55,
SS,RB,Baja,San Miguel,5/9/2023,NA,NA,M,17,Y,Y,NA,0.55,
SS,RB,Baja,San Miguel,5/9/2023,NA,NA,M,18.65,Y,Y,NA,0.55,
SS,RB,Baja,San Miguel,5/9/2023,NA,NA,M,11.9,Y,Y,NA,0.55,
SS,RB,Baja,San Miguel,5/9/2023,NA,NA,M,10.8,Y,Y,NA,0.55,
SS,RB,Baja,San Miguel,5/9/2023,NA,NA,M,12,Y,Y,NA,0.55,
SS,RB,Baja,San Miguel,5/9/2023,NA,NA,M,14.2,Y,Y,NA,0.55,
SS,RB,Baja,San Miguel,5/9/2023,NA,NA,M,9.9,Y,Y,NA,0.55,
SS,RB,Baja,San Miguel,5/9/2023,NA,NA,M,12.5,Y,Y,NA,0.55,
SS,RB,Baja,San Miguel,5/9/2023,NA,NA,M,12.1,Y,Y,NA,0.41,
SS,RB,Baja,San Miguel,5/9/2023,NA,NA,M,17.8,Y,Y,NA,0.41,
SS,RB,Baja,San Miguel,5/9/2023,NA,NA,M,12.5,Y,Y,NA,0.41,
SS,RB,Baja,San Miguel,5/9/2023,NA,NA,M,19.3,Y,Y,NA,0.41,
SS,RB,Baja,San Miguel,5/9/2023,NA,NA,M,18.25,Y,Y,NA,0.41,
SS,RB,Baja,San Miguel,5/9/2023,NA,NA,M,12.9,Y,Y,NA,0.41,
SS,RB,Baja,San Miguel,5/9/2023,NA,NA,M,18.05,Y,Y,NA,0.41,
SS,RB,Baja,San Miguel,5/9/2023,NA,NA,M,12.6,Y,Y,NA,0.41,
SS,RB,Baja,San Miguel,5/9/2023,NA,NA,M,16,Y,Y,NA,0.41,
SS,RB,Baja,San Miguel,5/9/2023,NA,NA,M,21.1,Y,Y,NA,0.41,
SS,RB,Baja,San Miguel,5/9/2023,NA,NA,M,12.4,Y,Y,NA,0.41,
SS,RB,Baja,San Miguel,5/9/2023,NA,NA,M,18.4,Y,Y,NA,0.41,
SS,RB,Baja,San Miguel,5/9/2023,NA,NA,M,15.7,Y,Y,NA,0.41,
SS,RB,Baja,San Miguel,5/9/2023,NA,NA,M,19.6,Y,Y,NA,0.41,
SS,RB,Baja,San Miguel,5/9/2023,NA,NA,M,15.2,Y,Y,NA,0.41,
SS,RB,Baja,San Miguel,5/9/2023,NA,NA,M,16.5,Y,Y,NA,0.41,
SS,RB,Baja,San Miguel,5/9/2023,NA,NA,M,13.8,Y,Y,NA,0.41,
SS,RB,Baja,San Miguel,5/9/2023,NA,NA,M,11.1,Y,Y,NA,0.41,
SS,RB,Baja,San Miguel,5/9/2023,NA,NA,M,10.85,Y,Y,NA,0.41,
SS,RB,Baja,San Miguel,5/9/2023,NA,NA,M,14.5,Y,Y,NA,0.41,
SS,RB,Baja,San Miguel,5/9/2023,NA,NA,M,11.6,Y,Y,NA,0.41,
SS,RB,Baja,San Miguel,5/9/2023,NA,NA,M,14.2,Y,Y,NA,0.41,
SS,RB,Baja,San Miguel,5/9/2023,NA,NA,M,12.8,Y,Y,NA,0.41,
SS,RB,Baja,San Miguel,5/9/2023,NA,NA,M,15.5,Y,Y,NA,0.41,
SS,RB,Baja,San Miguel,5/9/2023,NA,NA,M,11.9,Y,Y,NA,0.41,
SS,RB,Baja,San Miguel,5/9/2023,NA,NA,M,15.35,Y,Y,NA,0.41,
SS,RB,Baja,San Miguel,5/9/2023,NA,NA,M,13.4,Y,Y,NA,0.41,
SS,RB,Baja,San Miguel,5/9/2023,NA,NA,M,15.55,Y,Y,NA,0.41,
SS,RB,Baja,San Miguel,5/9/2023,NA,NA,As,21.75,Y,Y,NA,0.23,
SS,RB,Baja,San Miguel,5/9/2023,NA,NA,As,20.35,Y,Y,NA,0.23,
SS,RB,Baja,San Miguel,5/9/2023,19,16.82,As,NA,Y,N,NA,0.7,Not measured
SS,SR,Baja,Saldamando,5/10/2023,25,6.18,M,26.1,Y,N,NA,0.81,
SS,SR,Baja,Saldamando,5/10/2023,25,1.32,M,25.7,Y,N,NA,1.81,
SS,SR,Baja,Saldamando,5/10/2023,NA,NA,M,26.15,Y,Y,NA,1.23,
SS,SR,Baja,Saldamando,5/10/2023,NA,NA,M,23.55,Y,Y,NA,1.23,
SS,SR,Baja,Saldamando,5/10/2023,NA,NA,M,21.5,Y,Y,NA,1.23,
SS,SR,Baja,Saldamando,5/10/2023,NA,NA,M,34,Y,Y,NA,1.23,
SS,SR,Baja,Saldamando,5/10/2023,NA,NA,M,20.65,Y,Y,NA,1.26,
SS,SR,Baja,Saldamando,5/10/2023,NA,NA,M,20.15,Y,Y,NA,1.26,
SS,SR,Baja,Saldamando,5/10/2023,NA,NA,M,20.7,Y,Y,NA,1.26,
SS,SR,Baja,Saldamando,5/10/2023,NA,NA,M,24.15,Y,Y,NA,1.26,
SS,SR,Baja,Saldamando,5/10/2023,NA,NA,M,22.65,Y,Y,NA,1.26,
SS,SR,Baja,Saldamando,5/10/2023,NA,NA,M,25.15,Y,Y,NA,1.26,
SS,SR,Baja,Saldamando,5/10/2023,NA,NA,M,31.25,Y,Y,NA,0.88,
SS,SR,Baja,Saldamando,5/10/2023,NA,NA,M,25.9,Y,Y,NA,0.88,
SS,SR,Baja,Saldamando,5/10/2023,NA,NA,M,28.2,Y,Y,NA,0.88,
SS,SR,Baja,Saldamando,5/10/2023,NA,NA,M,26.8,Y,Y,NA,0.88,
SS,SR,Baja,Saldamando,5/10/2023,NA,NA,M,33.15,Y,Y,NA,0.88,
SS,SR,Baja,Saldamando,5/10/2023,NA,NA,M,26.85,Y,Y,NA,0.88,
SS,SR,Baja,Saldamando,5/10/2023,NA,NA,M,26.3,Y,Y,NA,0.88,
SS,SR,Baja,Saldamando,5/10/2023,NA,NA,M,28.4,Y,Y,NA,0.88,
SS,SR,Baja,Saldamando,5/10/2023,NA,NA,M,31.1,Y,Y,NA,0.88,
SS,SR,Baja,Saldamando,5/10/2023,NA,NA,M,25.5,Y,Y,NA,0.88,
SS,SR,Baja,Saldamando,5/10/2023,NA,NA,M,23.2,Y,Y,NA,0.88,
SS,SR,Baja,Saldamando,5/10/2023,NA,NA,M,30.6,Y,Y,NA,0.88,
SS,SR,Baja,Saldamando,5/10/2023,NA,NA,M,30.3,Y,Y,NA,0.88,
SS,SR,Baja,Saldamando,5/10/2023,NA,NA,M,27.8,Y,Y,NA,0.88,
SS,SR,Baja,Saldamando,5/10/2023,NA,NA,M,25.8,Y,Y,NA,0.88,
SS,SR,Baja,Saldamando,5/10/2023,NA,NA,M,26.1,Y,Y,NA,0.88,
SS,SR,Baja,Saldamando,5/10/2023,NA,NA,M,20.2,Y,Y,NA,0.88,
SS,SR,Baja,Saldamando,5/10/2023,NA,NA,M,24.3,Y,Y,NA,0.88,
SS,SR,Baja,Saldamando,5/10/2023,NA,NA,M,24.1,Y,Y,NA,0.88,
SS,SR,Baja,Saldamando,5/10/2023,NA,NA,M,24.5,Y,Y,NA,0.88,
SS,SR,Baja,Saldamando,5/10/2023,NA,NA,M,32.65,Y,Y,NA,0.4,
SS,SR,Baja,Saldamando,5/10/2023,NA,NA,M,28.33,Y,Y,NA,0.4,
SS,SR,Baja,Saldamando,5/10/2023,NA,NA,M,32.6,Y,Y,NA,1.02,
SS,SR,Baja,Saldamando,5/10/2023,NA,NA,M,26.7,Y,Y,NA,1.02,
SS,SR,Baja,Saldamando,5/10/2023,NA,NA,M,26.85,Y,Y,NA,1.02,
SS,SR,Baja,Saldamando,5/10/2023,NA,NA,M,24.5,Y,Y,NA,1.02,
SS,SR,Baja,Saldamando,5/10/2023,NA,NA,M,27,Y,Y,NA,1.02,
SS,SR,Baja,Saldamando,5/10/2023,NA,NA,M,26.6,Y,Y,NA,1.02,
SS,SR,Baja,Saldamando,5/10/2023,NA,NA,M,19.6,Y,Y,NA,1.02,
SS,SR,Baja,Saldamando,5/10/2023,NA,NA,M,28.1,Y,Y,NA,1.02,
SS,SR,Baja,Saldamando,5/10/2023,NA,NA,M,21.3,Y,Y,NA,1.02,
SS,SR,Baja,Saldamando,5/10/2023,NA,NA,M,29.35,Y,Y,NA,1.02,
SS,SR,Baja,Saldamando,5/10/2023,NA,NA,M,27.5,Y,Y,NA,1.02,
SS,SR,Baja,Saldamando,5/10/2023,NA,NA,M,23.45,Y,Y,NA,1.02,
SS,SR,Baja,Saldamando,5/10/2023,17,8.32,M,26.4,Y,N,NA,0.61,
SS,EN,Baja,Punta Morro,5/8/2023,6,0,M,21.25,Y,N,NA,0.87,
SS,EN,Baja,Punta Morro,5/8/2023,NA,NA,M,22.9,Y,Y,NA,0.79,
SS,EN,Baja,Punta Morro,5/8/2023,NA,NA,M,25,Y,Y,NA,0.79,
SS,EN,Baja,Punta Morro,5/8/2023,NA,NA,M,23.8,Y,Y,NA,0.79,
SS,EN,Baja,Punta Morro,5/8/2023,NA,NA,M,25.5,Y,Y,NA,0.79,
SS,EN,Baja,Punta Morro,5/8/2023,NA,NA,M,24.5,Y,Y,NA,0.79,
SS,EN,Baja,Punta Morro,5/8/2023,NA,NA,M,23.6,Y,Y,NA,0.79,
SS,EN,Baja,Punta Morro,5/8/2023,NA,NA,M,24.8,Y,Y,NA,0.79,
SS,EN,Baja,Punta Morro,5/8/2023,NA,NA,M,28,Y,Y,NA,0.79,
SS,EN,Baja,Punta Morro,5/8/2023,NA,NA,M,25.9,Y,Y,NA,0.79,
SS,EN,Baja,Punta Morro,5/8/2023,NA,NA,M,23,Y,Y,NA,0.79,
SS,EN,Baja,Punta Morro,5/8/2023,NA,NA,M,18.6,Y,Y,NA,0.79,
SS,EN,Baja,Punta Morro,5/8/2023,NA,NA,M,24,Y,Y,NA,0.79,
SS,EN,Baja,Punta Morro,5/8/2023,NA,NA,M,21.5,Y,Y,NA,0.79,
SS,EN,Baja,Punta Morro,5/8/2023,NA,NA,M,22.2,Y,Y,NA,0.79,
SS,EN,Baja,Punta Morro,5/8/2023,NA,NA,M,22.1,Y,Y,NA,0.79,
SS,EN,Baja,Punta Morro,5/8/2023,NA,NA,M,20.3,Y,Y,NA,0.79,
SS,EN,Baja,Punta Morro,5/8/2023,NA,NA,M,23.2,Y,Y,NA,0.79,
SS,EN,Baja,Punta Morro,5/8/2023,NA,NA,M,20.4,Y,Y,NA,0.79,
SS,EN,Baja,Punta Morro,5/8/2023,NA,NA,M,29.4,Y,Y,NA,0.79,
SS,EN,Baja,Punta Morro,5/8/2023,NA,NA,M,26.6,Y,Y,NA,0.79,
SS,EN,Baja,Punta Morro,5/8/2023,NA,NA,M,22.1,Y,Y,NA,0.79,
SS,EN,Baja,Punta Morro,5/8/2023,NA,NA,M,23.2,Y,Y,NA,0.79,
SS,EN,Baja,Punta Morro,5/8/2023,NA,NA,M,22.9,Y,Y,NA,0.79,
SS,EN,Baja,Punta Morro,5/8/2023,NA,NA,M,22.1,Y,Y,NA,0.79,
SS,EN,Baja,Punta Morro,5/8/2023,NA,NA,M,22.6,Y,Y,NA,0.79,
SS,EN,Baja,Punta Morro,5/8/2023,NA,NA,M,21.8,Y,Y,NA,0.79,
SS,EN,Baja,Punta Morro,5/8/2023,NA,NA,M,22.4,Y,Y,NA,0.79,
SS,EN,Baja,Punta Morro,5/8/2023,NA,NA,M,22,Y,Y,NA,0.79,
SS,EN,Baja,Punta Morro,5/8/2023,NA,NA,M,22.2,Y,Y,NA,0.79,
SS,EN,Baja,Punta Morro,5/8/2023,NA,NA,M,23.1,Y,Y,NA,0.79,
SS,EN,Baja,Punta Morro,5/8/2023,NA,NA,M,21.4,Y,Y,NA,0.79,
SS,EN,Baja,Punta Morro,5/8/2023,NA,NA,M,20.4,Y,Y,NA,0.79,
SS,EN,Baja,Punta Morro,5/8/2023,NA,NA,M,20.5,Y,Y,NA,0.79,
SS,EN,Baja,Punta Morro,5/8/2023,NA,NA,M,20.8,Y,Y,NA,0.79,
SS,EN,Baja,Punta Morro,5/8/2023,NA,NA,M,22.4,Y,Y,NA,0.79,
SS,EN,Baja,Punta Morro,5/8/2023,NA,NA,M,22.2,Y,Y,NA,0.79,
SS,EN,Baja,Punta Morro,5/8/2023,NA,NA,M,20.8,Y,Y,NA,0.79,
SS,EN,Baja,Punta Morro,5/8/2023,NA,NA,M,19.8,Y,Y,NA,0.79,
SS,EN,Baja,Punta Morro,5/8/2023,NA,NA,M,23.8,Y,Y,NA,0.79,
SS,EN,Baja,Punta Morro,5/8/2023,NA,NA,M,22,Y,Y,NA,0.79,
SS,EN,Baja,Punta Morro,5/8/2023,NA,NA,M,23.8,Y,Y,NA,0.79,
SS,EN,Baja,Punta Morro,5/8/2023,NA,NA,M,19.9,Y,Y,NA,0.79,
SS,EN,Baja,Punta Morro,5/8/2023,NA,NA,M,21.4,Y,Y,NA,0.79,
SS,EN,Baja,Punta Morro,5/8/2023,NA,NA,M,19.6,Y,Y,NA,0.79,
SS,EN,Baja,Punta Morro,5/8/2023,NA,NA,M,22.5,Y,Y,NA,0.79,
SS,EN,Baja,Punta Morro,5/8/2023,NA,NA,M,22.2,Y,Y,NA,0.4,
SS,EN,Baja,Punta Morro,5/8/2023,NA,NA,M,25,Y,Y,NA,0.4,
SS,EN,Baja,Punta Morro,5/8/2023,NA,NA,M,24.1,Y,Y,NA,0.4,
SS,EN,Baja,Punta Morro,5/8/2023,NA,NA,M,26.9,Y,Y,NA,0.4,
SS,EN,Baja,Punta Morro,5/8/2023,NA,NA,M,26.5,Y,Y,NA,0.4,
SS,EN,Baja,Punta Morro,5/8/2023,NA,NA,M,23.3,Y,Y,NA,0.4,
SS,EN,Baja,Punta Morro,5/8/2023,NA,NA,M,26.2,Y,Y,NA,0.4,
SS,EN,Baja,Punta Morro,5/8/2023,NA,NA,M,25.9,Y,Y,NA,0.4,
SS,EN,Baja,Punta Morro,5/8/2023,NA,NA,M,25.5,Y,Y,NA,0.4,
SS,EN,Baja,Punta Morro,5/8/2023,NA,NA,M,25.5,Y,Y,NA,0.4,
SS,EN,Baja,Punta Morro,5/8/2023,NA,NA,M,22.1,Y,Y,NA,0.4,
SS,EN,Baja,Punta Morro,5/8/2023,NA,NA,M,23.4,Y,Y,NA,0.54,Adjacent to Mass #6
SS,EN,Baja,Punta Morro,5/8/2023,NA,NA,M,25.8,Y,Y,NA,0.54,
SS,EN,Baja,Punta Morro,5/8/2023,NA,NA,M,24.4,Y,Y,NA,0.54,
SS,EN,Baja,Punta Morro,5/8/2023,NA,NA,M,24.7,Y,Y,NA,0.54,
SS,EN,Baja,Punta Morro,5/8/2023,NA,NA,M,24.5,Y,Y,NA,0.54,
SS,EN,Baja,Punta Morro,5/8/2023,NA,NA,M,25.5,Y,Y,NA,0.54,
SS,EN,Baja,Punta Morro,5/8/2023,NA,NA,M,25.7,Y,Y,NA,0.54,
SS,EN,Baja,Punta Morro,5/8/2023,NA,NA,M,25.5,Y,Y,NA,0.54,
SS,EN,Baja,Punta Morro,5/8/2023,NA,NA,M,22.3,Y,Y,NA,0.54,
SS,EN,Baja,Punta Morro,5/8/2023,NA,NA,M,25.6,Y,Y,NA,0.54,
SS,EN,Baja,Punta Morro,5/8/2023,NA,NA,M,23.8,Y,Y,NA,0.54,
SS,EN,Baja,Punta Morro,5/8/2023,NA,NA,M,23.5,Y,Y,NA,0.54,
SS,EN,Baja,Punta Morro,5/8/2023,NA,NA,M,28.2,Y,Y,NA,0.54,
SS,EN,Baja,Punta Morro,5/8/2023,NA,NA,M,24.4,Y,Y,NA,0.54,
SS,EN,Baja,Punta Morro,5/8/2023,NA,NA,M,21.6,Y,Y,NA,0.54,
SS,EN,Baja,Punta Morro,5/8/2023,NA,NA,M,26.5,Y,Y,NA,0.54,
SS,EN,Baja,Punta Morro,5/8/2023,NA,NA,M,26.1,Y,Y,NA,0.54,
SS,EN,Baja,Punta Morro,5/8/2023,NA,NA,M,27.2,Y,Y,NA,0.54,
SS,EN,Baja,Punta Morro,5/8/2023,NA,NA,M,26.8,Y,Y,NA,0.54,
SS,EN,Baja,Punta Morro,5/8/2023,NA,NA,M,27.6,Y,Y,NA,0.54,
SS,EN,Baja,Punta Morro,5/8/2023,NA,NA,M,23.4,Y,Y,NA,0.54,
SS,EN,Baja,Punta Morro,5/8/2023,NA,NA,M,26.5,Y,Y,NA,0.54,
SS,EN,Baja,Punta Morro,5/8/2023,NA,NA,M,22.5,Y,Y,NA,0.54,
SS,EN,Baja,Punta Morro,5/8/2023,NA,NA,M,24.8,Y,Y,NA,0.54,
SS,EN,Baja,Punta Morro,5/8/2023,NA,NA,M,16.8,Y,Y,NA,0.69,
SS,EN,Baja,Punta Morro,5/8/2023,NA,NA,M,20.1,Y,Y,NA,0.69,
SS,EN,Baja,Punta Morro,5/8/2023,NA,NA,M,17.8,Y,Y,NA,0.69,
SS,EN,Baja,Punta Morro,5/8/2023,NA,NA,M,23.5,Y,Y,NA,0.69,
SS,EN,Baja,Punta Morro,5/8/2023,24,0.82,M,13.4,Y,N,NA,1.14,
SS,EN,Baja,Punta Morro,5/8/2023,24,0.82,M,18.45,Y,N,NA,1.14,
SS,EN,Baja,Punta Morro,5/8/2023,11,1,M,20.8,Y,N,NA,0.8,
SS,EN,Baja,Punta Morro,5/8/2023,11,1,M,20.2,Y,N,NA,0.8,
SS,EN,Baja,Punta Morro,5/8/2023,11,1,M,22.2,Y,N,NA,0.8,
SS,EN,Baja,Punta Morro,5/8/2023,11,1,M,24.5,Y,N,NA,0.8,
SS,EN,Baja,Punta Morro,5/8/2023,11,1,M,19.3,Y,N,NA,0.8,
SS,EN,Baja,Punta Morro,5/8/2023,11,1,M,21.9,Y,N,NA,0.8,
SS,EN,Baja,Punta Morro,5/8/2023,11,1,M,21.9,Y,N,NA,0.8,
SS,EN,Baja,Punta Morro,5/8/2023,11,1,M,25.5,Y,N,NA,0.8,
SS,EN,Baja,Punta Morro,5/8/2023,11,1,M,22.5,Y,N,NA,0.8,
SS,EN,Baja,Punta Morro,5/8/2023,11,1,M,22.9,Y,N,NA,0.8,
SS,EN,Baja,Punta Morro,5/8/2023,11,1,M,20.4,Y,N,NA,0.8,
SS,EN,Baja,Punta Morro,5/8/2023,11,1,M,26.2,Y,N,NA,0.8,
SS,EN,Baja,Punta Morro,5/8/2023,11,1,M,20.8,Y,N,NA,0.8,
SS,EN,Baja,Punta Morro,5/8/2023,11,1,M,21.3,Y,N,NA,0.8,
SS,EN,Baja,Punta Morro,5/8/2023,11,1,M,21.6,Y,N,NA,0.8,
SS,EN,Baja,Punta Morro,5/8/2023,11,1,M,23.6,Y,N,NA,0.8,
SS,EN,Baja,Punta Morro,5/8/2023,11,1,M,22.7,Y,N,NA,0.8,
SS,EN,Baja,Punta Morro,5/8/2023,11,1,M,25.2,Y,N,NA,0.8,
SS,EN,Baja,Punta Morro,5/8/2023,11,1,M,21,Y,N,NA,0.8,
SS,EN,Baja,Punta Morro,5/8/2023,11,1,M,25,Y,N,NA,0.8,
SS,EN,Baja,Punta Morro,5/8/2023,11,1,M,22.3,Y,N,NA,0.8,
SS,EN,Baja,Punta Morro,5/8/2023,11,1,M,20.1,Y,N,NA,0.8,
SS,EN,Baja,Punta Morro,5/8/2023,11,1,M,23.3,Y,N,NA,0.8,
SS,EN,Baja,Punta Morro,5/8/2023,11,1,M,25.7,Y,N,NA,0.8,
SS,EN,Baja,Punta Morro,5/8/2023,11,1,M,23.9,Y,N,NA,0.8,
SS,EN,Baja,Punta Morro,5/8/2023,11,1,M,22.1,Y,N,NA,0.8,
SS,EN,Baja,Punta Morro,5/8/2023,11,1,M,20.6,Y,N,NA,0.8,
SS,EN,Baja,Punta Morro,5/8/2023,11,1,M,24.7,Y,N,NA,0.8,
SS,EN,Baja,Punta Morro,5/8/2023,11,1,M,24.9,Y,N,NA,0.8,
SS,EN,Baja,Punta Morro,5/8/2023,11,1,M,21.5,Y,N,NA,0.8,
SS,EN,Baja,Punta Morro,5/8/2023,11,1,M,21.6,Y,N,NA,0.8,
SS,EN,Baja,Punta Morro,5/8/2023,11,1,M,23.5,Y,N,NA,0.8,
SS,EN,Baja,Punta Morro,5/8/2023,11,1,M,20.3,Y,N,NA,0.8,
SS,EN,Baja,Punta Morro,5/8/2023,11,1,M,19.1,Y,N,NA,0.8,
SS,EN,Baja,Punta Morro,5/8/2023,11,1,M,20,Y,N,NA,0.8,
SS,EN,Baja,Punta Morro,5/8/2023,11,1,M,23.3,Y,N,NA,0.8,
SS,EN,Baja,Punta Morro,5/8/2023,11,1,M,24.1,Y,N,NA,0.8,
SS,EN,Baja,Punta Morro,5/8/2023,11,1,M,21.6,Y,N,NA,0.8,
SS,EN,Baja,Punta Morro,5/8/2023,11,1,M,19.9,Y,N,NA,0.8,
SS,EN,Baja,Punta Morro,5/8/2023,11,1,M,23.2,Y,N,NA,0.8,
SS,EN,Baja,Punta Morro,5/8/2023,11,1,M,23.2,Y,N,NA,0.8,
SS,EN,Baja,Punta Morro,5/8/2023,11,1,M,22.5,Y,N,NA,0.8,
SS,EN,Baja,Punta Morro,5/8/2023,11,1,M,21.5,Y,N,NA,0.8,
SS,EN,Baja,Punta Morro,5/8/2023,11,1,M,19.3,Y,N,NA,0.8,
SS,EN,Baja,Punta Morro,5/8/2023,11,1,M,24.6,Y,N,NA,0.8,
SS,EN,Baja,Punta Morro,5/8/2023,11,1,M,24.9,Y,N,NA,0.8,
SS,EN,Baja,Punta Morro,5/8/2023,11,1,M,21,Y,N,NA,0.8,
SS,EN,Baja,Punta Morro,5/8/2023,11,1,M,20.9,Y,N,NA,0.8,
SS,EN,Baja,Punta Morro,5/8/2023,11,1,M,22.1,Y,N,NA,0.8,
SS,EN,Baja,Punta Morro,5/8/2023,11,1,M,16.9,Y,N,NA,0.8,
SS,EN,Baja,Punta Morro,5/8/2023,11,1,M,23,Y,N,NA,0.8,
SS,EN,Baja,Punta Morro,5/8/2023,11,1,M,23.6,Y,N,NA,0.8,
SS,EN,Baja,Punta Morro,5/8/2023,11,1,M,22.2,Y,N,NA,0.8,
SS,EN,Baja,Punta Morro,5/8/2023,11,1,M,21.6,Y,N,NA,0.8,
SS,EN,Baja,Punta Morro,5/8/2023,11,1,M,24,Y,N,NA,0.8,
SS,EN,Baja,Punta Morro,5/8/2023,11,1,M,23.9,Y,N,NA,0.8,
SS,EN,Baja,Punta Morro,5/8/2023,11,1,M,22,Y,N,NA,0.8,
SS,EN,Baja,Punta Morro,5/8/2023,11,1,M,22,Y,N,NA,0.8,
SS,EN,Baja,Punta Morro,5/8/2023,11,0,M,22.8,Y,N,NA,1.05,
SS,EN,Baja,Punta Morro,5/8/2023,NA,NA,M,19.7,Y,Y,NA,0.69,
SS,EN,Baja,Punta Morro,5/8/2023,NA,NA,M,25,Y,Y,NA,0.69,
SS,EN,Baja,Punta Morro,5/8/2023,NA,NA,M,22.1,Y,Y,NA,0.69,
SS,EN,Baja,Punta Morro,5/8/2023,NA,NA,M,13.5,Y,Y,NA,0.69,
SS,EN,Baja,Punta Morro,5/8/2023,NA,NA,M,14.9,Y,Y,NA,0.69,
SS,EN,Baja,Punta Morro,5/8/2023,NA,NA,M,24.7,Y,Y,NA,0.69,
SS,EN,Baja,Punta Morro,5/8/2023,NA,NA,M,23.8,Y,Y,NA,0.69,
SS,EN,Baja,Punta Morro,5/8/2023,NA,NA,M,23.8,Y,Y,NA,0.69,
SS,EN,Baja,Punta Morro,5/8/2023,NA,NA,M,19.5,Y,Y,NA,0.69,
SS,EN,Baja,Punta Morro,5/8/2023,NA,NA,M,20.6,Y,Y,NA,0.82,
SS,EN,Baja,Punta Morro,5/8/2023,NA,NA,M,20.6,Y,Y,NA,0.82,
SS,EN,Baja,Punta Morro,5/8/2023,NA,NA,M,19.7,Y,Y,NA,0.82,
SS,EN,Baja,Punta Morro,5/8/2023,NA,NA,M,16.5,Y,Y,NA,0.82,
SS,EN,Baja,Punta Morro,5/8/2023,NA,NA,M,22.4,Y,Y,NA,0.82,
SS,EN,Baja,Punta Morro,5/8/2023,NA,NA,M,22.9,Y,Y,NA,0.82,
SS,EN,Baja,Punta Morro,5/8/2023,15,22.67,Rp,20.8,Y,N,NA,0.33,
SS,EN,Baja,Punta Morro,5/8/2023,15,22.67,Rp,20.14,Y,N,NA,0.33,
SS,EN,Baja,Punta Morro,5/8/2023,15,22.67,Rp,20,Y,N,NA,0.33,
SS,EN,Baja,Punta Morro,5/8/2023,15,22.67,Rp,19.5,Y,N,NA,0.33,
SS,EN,Baja,Punta Morro,5/8/2023,15,13.3,As,15.1,Y,N,NA,0.83,All whelks in 13.30 were covering/next to eggs
SS,EN,Baja,Punta Morro,5/8/2023,15,13.3,M,23.8,Y,N,NA,0.83,
SS,EN,Baja,Punta Morro,5/8/2023,15,13.3,M,26.1,Y,N,NA,0.83,
SS,EN,Baja,Punta Morro,5/8/2023,15,13.3,M,28.8,Y,N,NA,0.83,
SS,EN,Baja,Punta Morro,5/8/2023,15,13.3,M,25,Y,N,NA,0.83,
SS,EN,Baja,Punta Morro,5/8/2023,15,13.3,M,26.15,Y,N,NA,0.83,
SS,EN,Baja,Punta Morro,5/8/2023,15,13.3,M,29.4,Y,N,NA,0.83,
SS,EN,Baja,Punta Morro,5/8/2023,15,13.3,M,22.9,Y,N,NA,0.83,
SS,EN,Baja,Punta Morro,5/8/2023,15,13.3,M,26.6,Y,N,NA,0.83,
SS,EN,Baja,Punta Morro,5/8/2023,15,13.3,M,25.6,Y,N,NA,0.83,
SS,EN,Baja,Punta Morro,5/8/2023,15,13.3,M,23.7,Y,N,NA,0.83,
SS,EN,Baja,Punta Morro,5/8/2023,15,13.3,M,22.2,Y,N,NA,0.83,
SS,EN,Baja,Punta Morro,5/8/2023,15,13.3,M,22.9,Y,N,NA,0.83,
SS,EN,Baja,Punta Morro,5/8/2023,15,13.3,M,26.4,Y,N,NA,0.83,
SS,EN,Baja,Punta Morro,5/8/2023,15,13.3,M,24,Y,N,NA,0.83,
SS,EN,Baja,Punta Morro,5/8/2023,15,13.3,M,25.8,Y,N,NA,0.83,
SS,EN,Baja,Punta Morro,5/8/2023,15,13.3,M,26.4,Y,N,NA,0.83,
SS,EN,Baja,Punta Morro,5/8/2023,15,13.3,M,26.2,Y,N,NA,0.83,
SS,EN,Baja,Punta Morro,5/8/2023,15,13.3,M,22.7,Y,N,NA,0.83,
SS,EN,Baja,Punta Morro,5/8/2023,15,13.3,M,23.9,Y,N,NA,0.83,
SS,EN,Baja,Punta Morro,5/8/2023,15,13.3,M,23.95,Y,N,NA,0.83,
SS,EN,Baja,Punta Morro,5/8/2023,15,13.3,M,23.2,Y,N,NA,0.83,
SS,EN,Baja,Punta Morro,5/8/2023,15,13.3,M,25.75,Y,N,NA,0.83,
SS,EN,Baja,Punta Morro,5/8/2023,15,13.3,M,26.3,Y,N,NA,0.83,
SS,EN,Baja,Punta Morro,5/8/2023,15,13.3,M,23.1,Y,N,NA,0.83,
SS,EN,Baja,Punta Morro,5/8/2023,15,13.3,M,27.2,Y,N,NA,0.83,
SS,EN,Baja,Punta Morro,5/8/2023,15,13.3,M,21.85,Y,N,NA,0.83,
SS,EN,Baja,Punta Morro,5/8/2023,15,13.3,M,23.75,Y,N,NA,0.83,
SS,EN,Baja,Punta Morro,5/8/2023,15,13.3,M,27,Y,N,NA,0.83,
SS,EN,Baja,Punta Morro,5/8/2023,15,13.3,M,24.75,Y,N,NA,0.83,
SS,EN,Baja,Punta Morro,5/8/2023,15,13.3,M,24.6,Y,N,NA,0.83,
SS,EN,Baja,Punta Morro,5/8/2023,15,13.3,M,25.25,Y,N,NA,0.83,
SS,EN,Baja,Punta Morro,5/8/2023,15,13.3,M,25.15,Y,N,NA,0.83,
SS,EN,Baja,Punta Morro,5/8/2023,15,13.3,M,24.5,Y,N,NA,0.83,
SS,EN,Baja,Punta Morro,5/8/2023,15,13.3,M,22.1,Y,N,NA,0.83,
SS,EN,Baja,Punta Morro,5/8/2023,15,13.3,M,22.85,Y,N,NA,0.83,
SS,EN,Baja,Punta Morro,5/8/2023,15,13.3,M,23.5,Y,N,NA,0.83,
SS,EN,Baja,Punta Morro,5/8/2023,15,13.3,M,22.95,Y,N,NA,0.83,
SS,EN,Baja,Punta Morro,5/8/2023,15,13.3,M,22.5,Y,N,NA,0.83,
SS,EN,Baja,Punta Morro,5/8/2023,15,13.3,M,22.45,Y,N,NA,0.83,
SS,EN,Baja,Punta Morro,5/8/2023,15,13.3,M,24.1,Y,N,NA,0.83,
SS,EN,Baja,Punta Morro,5/8/2023,15,13.3,M,22.55,Y,N,NA,0.83,
SS,EN,Baja,Punta Morro,5/8/2023,15,13.3,M,22.4,Y,N,NA,0.83,
SS,EN,Baja,Punta Morro,5/8/2023,15,13.3,M,24.2,Y,N,NA,0.83,
SS,EN,Baja,Punta Morro,5/8/2023,15,13.3,M,23.75,Y,N,NA,0.83,
SS,EN,Baja,Punta Morro,5/8/2023,15,13.3,M,26.35,Y,N,NA,0.83,
SS,EN,Baja,Punta Morro,5/8/2023,15,13.3,M,22.25,Y,N,NA,0.83,
SS,EN,Baja,Punta Morro,5/8/2023,15,13.3,M,24.9,Y,N,NA,0.83,
SS,EN,Baja,Punta Morro,5/8/2023,15,13.3,M,25.1,Y,N,NA,0.83,
SS,EN,Baja,Punta Morro,5/8/2023,15,13.3,M,26.4,Y,N,NA,0.83,
SS,EN,Baja,Punta Morro,5/8/2023,15,13.3,M,22.25,Y,N,NA,0.83,
SS,EN,Baja,Punta Morro,5/8/2023,15,13.3,M,22.3,Y,N,NA,0.83,
SS,EN,Baja,Punta Morro,5/8/2023,15,13.3,M,26.2,Y,N,NA,0.83,
SS,EN,Baja,Punta Morro,5/8/2023,15,13.3,M,27,Y,N,NA,0.83,
SS,EN,Baja,Punta Morro,5/8/2023,15,13.3,M,23.15,Y,N,NA,0.83,
SS,EN,Baja,Punta Morro,5/8/2023,15,13.3,M,24.2,Y,N,NA,0.83,
SS,EN,Baja,Punta Morro,5/8/2023,15,13.3,M,22.05,Y,N,NA,0.83,
SS,EN,Baja,Punta Morro,5/8/2023,15,13.3,M,27.1,Y,N,NA,0.83,
SS,EN,Baja,Punta Morro,5/8/2023,15,13.3,M,23.9,Y,N,NA,0.83,
SS,EN,Baja,Punta Morro,5/8/2023,15,13.3,M,25.3,Y,N,NA,0.83,
SS,EN,Baja,Punta Morro,5/8/2023,15,13.3,M,24.9,Y,N,NA,0.83,
SS,EN,Baja,Punta Morro,5/8/2023,15,13.3,M,22.3,Y,N,NA,0.83,
SS,EN,Baja,Punta Morro,5/8/2023,15,13.3,M,22.45,Y,N,NA,0.83,
SS,EN,Baja,Punta Morro,5/8/2023,15,13.3,M,21.65,Y,N,NA,0.83,
SS,EN,Baja,Punta Morro,5/8/2023,15,13.3,M,20.05,Y,N,NA,0.83,
SS,EN,Baja,Punta Morro,5/8/2023,15,13.3,M,22.25,Y,N,NA,0.83,
SS,EN,Baja,Punta Morro,5/8/2023,15,13.3,M,26.4,Y,N,NA,0.83,
SS,EN,Baja,Punta Morro,5/8/2023,15,13.3,M,24.2,Y,N,NA,0.83,
SS,EN,Baja,Punta Morro,5/8/2023,15,13.3,M,24.7,Y,N,NA,0.83,
SS,EN,Baja,Punta Morro,5/8/2023,15,13.3,M,18.85,Y,N,NA,0.83,
SS,EN,Baja,Punta Morro,5/8/2023,15,13.3,M,23.2,Y,N,NA,0.83,
SS,EN,Baja,Punta Morro,5/8/2023,15,13.3,M,25.3,Y,N,NA,0.83,
SS,EN,Baja,Punta Morro,5/8/2023,15,13.3,M,21.5,Y,N,NA,0.83,
SS,EN,Baja,Punta Morro,5/8/2023,15,13.3,M,23.85,Y,N,NA,0.83,
SS,EN,Baja,Punta Morro,5/8/2023,15,13.3,M,22.8,Y,N,NA,0.83,
SS,EN,Baja,Punta Morro,5/8/2023,15,13.3,M,19.55,Y,N,NA,0.83,
SS,EN,Baja,Campo Kennedy,5/11/2023,9,1.75,As,18.2,Y,N,NA,0.5,
SS,EN,Baja,Campo Kennedy,5/11/2023,9,0.5,As,16.3,Y,N,NA,0.75,
SS,EN,Baja,Campo Kennedy,5/11/2023,9,0.5,As,15.8,Y,N,NA,0.75,
SS,EN,Baja,Campo Kennedy,5/11/2023,9,0,Ap,17,Y,N,NA,1,
SS,EN,Baja,Campo Kennedy,5/11/2023,NA,NA,M,22.1,Y,Y,NA,0.76,
SS,EN,Baja,Campo Kennedy,5/11/2023,NA,NA,M,28.65,Y,Y,NA,0.76,
SS,EN,Baja,Campo Kennedy,5/11/2023,NA,NA,M,22.6,Y,Y,NA,0.76,
SS,EN,Baja,Campo Kennedy,5/11/2023,NA,NA,As,18.45,Y,Y,NA,0.76,
SS,EN,Baja,Campo Kennedy,5/11/2023,NA,NA,As,18.15,Y,Y,NA,0.76,
SS,EN,Baja,Campo Kennedy,5/11/2023,NA,NA,As,19.9,Y,Y,NA,0.76,
SS,EN,Baja,Campo Kennedy,5/11/2023,NA,NA,As,18.2,Y,Y,NA,0.76,
SS,EN,Baja,Campo Kennedy,5/11/2023,NA,NA,As,18,Y,Y,NA,0.76,
SS,EN,Baja,Campo Kennedy,5/11/2023,NA,NA,As,17.5,Y,Y,NA,0.76,
SS,EN,Baja,Campo Kennedy,5/11/2023,NA,NA,As,16.2,Y,Y,NA,0.76,
SS,EN,Baja,Campo Kennedy,5/11/2023,NA,NA,As,19.4,Y,Y,NA,0.76,
SS,EN,Baja,Campo Kennedy,5/11/2023,NA,NA,As,19.2,Y,Y,NA,0.76,
SS,EN,Baja,Campo Kennedy,5/11/2023,NA,NA,As,17.6,Y,Y,NA,0.76,
SS,EN,Baja,Campo Kennedy,5/11/2023,NA,NA,As,15.7,Y,Y,NA,0.76,
SS,EN,Baja,Campo Kennedy,5/11/2023,NA,NA,As,17.9,Y,Y,NA,0.76,
SS,EN,Baja,Campo Kennedy,5/11/2023,NA,NA,As,19.8,Y,Y,NA,0.76,
SS,EN,Baja,Campo Kennedy,5/11/2023,NA,NA,M,20.75,Y,Y,NA,0.52,
SS,EN,Baja,Campo Kennedy,5/11/2023,NA,NA,M,22.1,Y,Y,NA,0.52,
SS,EN,Baja,Campo Kennedy,5/11/2023,NA,NA,M,19.4,Y,Y,NA,0.52,
SS,EN,Baja,Campo Kennedy,5/11/2023,NA,NA,M,22,Y,Y,NA,0.52,
SS,EN,Baja,Campo Kennedy,5/11/2023,NA,NA,As,17.3,Y,Y,NA,0.52,
SS,EN,Baja,Campo Kennedy,5/11/2023,NA,NA,As,15.7,Y,Y,NA,0.52,
SS,EN,Baja,Campo Kennedy,5/11/2023,NA,NA,As,11.7,Y,Y,NA,0.52,
SS,EN,Baja,Campo Kennedy,5/11/2023,NA,NA,M,12.9,Y,Y,NA,0.82,
SS,EN,Baja,Campo Kennedy,5/11/2023,NA,NA,M,25.9,Y,Y,NA,0.82,
SS,EN,Baja,Campo Kennedy,5/11/2023,NA,NA,M,22,Y,Y,NA,0.82,
SS,EN,Baja,Campo Kennedy,5/11/2023,NA,NA,M,22.5,Y,Y,NA,0.82,
SS,EN,Baja,Campo Kennedy,5/11/2023,NA,NA,M,25,Y,Y,NA,0.82,
SS,EN,Baja,Campo Kennedy,5/11/2023,NA,NA,M,26.8,Y,Y,NA,0.82,
SS,EN,Baja,Campo Kennedy,5/11/2023,NA,NA,M,29.4,Y,Y,NA,0.82,
SS,EN,Baja,Campo Kennedy,5/11/2023,NA,NA,M,24.75,Y,Y,NA,0.82,
SS,EN,Baja,Campo Kennedy,5/11/2023,NA,NA,M,25.8,Y,Y,NA,0.82,
SS,EN,Baja,Campo Kennedy,5/11/2023,NA,NA,M,23.7,Y,Y,NA,0.82,
SS,EN,Baja,Campo Kennedy,5/11/2023,NA,NA,M,22.7,Y,Y,NA,0.82,
SS,EN,Baja,Campo Kennedy,5/11/2023,NA,NA,M,24.5,Y,Y,NA,0.82,
SS,EN,Baja,Campo Kennedy,5/11/2023,NA,NA,M,23.65,Y,Y,NA,0.82,
SS,EN,Baja,Campo Kennedy,5/11/2023,NA,NA,M,21.1,Y,Y,NA,0.82,
SS,EN,Baja,Campo Kennedy,5/11/2023,NA,NA,M,23.5,Y,Y,NA,0.82,
SS,EN,Baja,Campo Kennedy,5/11/2023,NA,NA,M,25.9,Y,Y,NA,0.82,
SS,EN,Baja,Campo Kennedy,5/11/2023,NA,NA,M,24.4,Y,Y,NA,0.82,
SS,EN,Baja,Campo Kennedy,5/11/2023,NA,NA,M,28.85,Y,Y,NA,0.82,
SS,EN,Baja,Campo Kennedy,5/11/2023,NA,NA,M,26.4,Y,Y,NA,0.82,
SS,EN,Baja,Campo Kennedy,5/11/2023,NA,NA,M,9.8,Y,Y,NA,0.8,
SS,EN,Baja,Campo Kennedy,5/11/2023,NA,NA,M,28,Y,Y,NA,0.8,
SS,EN,Baja,Campo Kennedy,5/11/2023,NA,NA,M,25.7,Y,Y,NA,0.8,
SS,EN,Baja,Campo Kennedy,5/11/2023,NA,NA,M,25.6,Y,Y,NA,0.8,
SS,EN,Baja,Campo Kennedy,5/11/2023,NA,NA,M,23.4,Y,Y,NA,0.8,
SS,EN,Baja,Campo Kennedy,5/11/2023,NA,NA,M,10.95,Y,Y,NA,0.8,
SS,EN,Baja,Campo Kennedy,5/11/2023,NA,NA,M,20.7,Y,Y,NA,0.8,
SS,EN,Baja,Campo Kennedy,5/11/2023,NA,NA,M,11.8,Y,Y,NA,0.8,
SS,EN,Baja,Campo Kennedy,5/11/2023,NA,NA,M,12.45,Y,Y,NA,0.8,
SS,EN,Baja,Campo Kennedy,5/11/2023,NA,NA,M,13.85,Y,Y,NA,0.8,
SS,RB,Baja,La Chorera,5/15/2023,13,9.34,M,22.3,Y,N,NA,1.17,
SS,RB,Baja,La Chorera,5/15/2023,14,7.9,M,20.9,Y,N,NA,1.46,
SS,RB,Baja,La Chorera,5/15/2023,14,7.9,M,23.6,Y,N,NA,1.46,
SS,RB,Baja,La Chorera,5/15/2023,13,7.95,M,16.85,Y,N,NA,1.42,
SS,RB,Baja,La Chorera,5/15/2023,13,7.95,M,18.05,Y,N,NA,1.42,
SS,RB,Baja,La Chorera,5/15/2023,13,7.95,M,16.5,Y,N,NA,1.42,
SS,RB,Baja,La Chorera,5/15/2023,13,7.95,M,15.9,Y,N,NA,1.42,
SS,RB,Baja,La Chorera,5/15/2023,14,2.82,M,17.8,Y,N,NA,1.71,
SS,RB,Baja,La Chorera,5/15/2023,14,2.82,M,17.3,Y,N,NA,1.71,
SS,RB,Baja,La Chorera,5/15/2023,NA,NA,M,18.4,Y,Y,NA,1.77,
SS,RB,Baja,La Chorera,5/15/2023,NA,NA,M,17.5,Y,Y,NA,1.28,
SS,RB,Baja,La Chorera,5/15/2023,NA,NA,M,15.5,Y,Y,NA,1.28,
SS,RB,Baja,La Chorera,5/15/2023,NA,NA,M,16.8,Y,Y,NA,1.28,
SS,RB,Baja,La Chorera,5/15/2023,NA,NA,M,18.1,Y,Y,NA,1.28,
SS,RB,Baja,La Chorera,5/15/2023,NA,NA,M,16.4,Y,Y,NA,1.41,
SS,RB,Baja,La Chorera,5/15/2023,NA,NA,M,17.8,Y,Y,NA,1.41,
SS,RB,Baja,La Chorera,5/15/2023,NA,NA,M,21,Y,Y,NA,1.41,
SS,RB,Baja,La Chorera,5/15/2023,NA,NA,M,15.5,Y,Y,NA,1.43,
SS,RB,Baja,La Chorera,5/15/2023,NA,NA,M,15.3,Y,Y,NA,1.43,
SS,RB,Baja,La Chorera,5/15/2023,NA,NA,M,15.7,Y,Y,NA,1.43,
SS,RB,Baja,La Chorera,5/15/2023,NA,NA,M,14.9,Y,Y,NA,1.43,
SS,RB,Baja,La Chorera,5/15/2023,NA,NA,M,14.2,Y,Y,NA,1.43,
SS,RB,Baja,La Chorera,5/15/2023,NA,NA,M,14,Y,Y,NA,1.17,
SS,RB,Baja,La Chorera,5/15/2023,NA,NA,M,17.4,Y,Y,NA,1.17,
SS,RB,Baja,La Chorera,5/15/2023,NA,NA,M,17.4,Y,Y,NA,1.17,
SS,RB,Baja,La Chorera,5/15/2023,NA,NA,M,16.8,Y,Y,NA,1.17,
SS,RB,Baja,La Chorera,5/15/2023,NA,NA,M,14.6,Y,Y,NA,1.17,
SS,RB,Baja,La Chorera,5/15/2023,NA,NA,M,18.4,Y,Y,NA,1.17,
SS,RB,Baja,La Chorera,5/15/2023,NA,NA,M,17.5,Y,Y,NA,1.17,
SS,RB,Baja,La Chorera,5/15/2023,NA,NA,M,18.2,Y,Y,NA,1.17,
SS,RB,Baja,La Chorera,5/15/2023,NA,NA,M,19,Y,Y,NA,1.17,
SS,RB,Baja,La Chorera,5/15/2023,NA,NA,M,20,Y,Y,NA,1.17,
SS,RB,Baja,La Chorera,5/15/2023,NA,NA,M,15.1,Y,Y,NA,1.13,
SS,RB,Baja,La Chorera,5/15/2023,NA,NA,M,15.3,Y,Y,NA,1.13,
SS,RB,Baja,La Chorera,5/15/2023,NA,NA,M,17.9,Y,Y,NA,1.13,
SS,RB,Baja,La Chorera,5/15/2023,NA,NA,M,16.6,Y,Y,NA,1.13,
SS,RB,Baja,La Chorera,5/15/2023,NA,NA,M,14.5,Y,Y,NA,1.13,
SS,RB,Baja,La Chorera,5/15/2023,NA,NA,M,16.6,Y,Y,NA,1.13,
SS,RB,Baja,La Chorera,5/15/2023,NA,NA,M,13.3,Y,Y,NA,1.39,
SS,RB,Baja,La Chorera,5/15/2023,NA,NA,M,17.4,Y,Y,NA,1.39,
SS,RB,Baja,La Chorera,5/15/2023,NA,NA,M,16.1,Y,Y,NA,1.39,
SS,RB,Baja,La Chorera,5/15/2023,NA,NA,M,17.7,Y,Y,NA,1.57,
SS,RB,Baja,La Chorera,5/15/2023,NA,NA,M,18.8,Y,Y,NA,1.57,
SS,RB,Baja,La Chorera,5/15/2023,NA,NA,M,16.8,Y,Y,NA,1.57,
SS,RB,Baja,La Chorera,5/15/2023,NA,NA,M,16.5,Y,Y,NA,1.57,
SS,RB,Baja,La Chorera,5/15/2023,NA,NA,M,15,Y,Y,NA,1.57,
SS,RB,Baja,La Chorera,5/15/2023,NA,NA,M,18.3,Y,Y,NA,1.75,
SS,RB,Baja,La Chorera,5/15/2023,NA,NA,M,21.3,Y,Y,NA,1.75,
SS,RB,Baja,La Chorera,5/15/2023,NA,NA,M,20.8,Y,Y,NA,1.75,
SS,RB,Baja,La Chorera,5/15/2023,NA,NA,M,18.6,Y,Y,NA,1.75,
SS,RB,Baja,La Chorera,5/15/2023,NA,NA,M,19.2,Y,Y,NA,1.75,
SS,RB,Baja,La Chorera,5/15/2023,NA,NA,M,14.8,Y,Y,NA,1.75,
SS,RB,Baja,La Chorera,5/15/2023,NA,NA,M,18.5,Y,Y,NA,1.22,
SS,RB,Baja,La Chorera,5/15/2023,NA,NA,M,20.2,Y,Y,NA,1.22,
SS,RB,Baja,La Chorera,5/15/2023,NA,NA,M,16.1,Y,Y,NA,1.22,
SS,RB,Baja,La Chorera,5/15/2023,NA,NA,M,28.8,Y,Y,NA,1.23,
SS,RB,Baja,La Chorera,5/15/2023,NA,NA,M,31.4,Y,Y,NA,1.23,
SS,RB,Baja,La Chorera,5/15/2023,8,10.22,M,16.9,Y,N,NA,1.19,
SS,RB,Baja,La Chorera,5/15/2023,8,10.22,M,30,Y,N,NA,1.19,
SS,RB,Baja,La Chorera,5/15/2023,8,10.22,M,16.5,Y,N,NA,1.19,
SS,RB,Baja,La Chorera,5/15/2023,8,10.22,M,13.4,Y,N,NA,1.19,
SS,RB,Baja,La Chorera,5/15/2023,9,10.31,M,17,Y,N,NA,0.83,
SS,RB,Baja,La Chorera,5/15/2023,9,9.2,M,20.3,Y,N,NA,1.08,
SS,RB,Baja,La Chorera,5/15/2023,9,9.2,M,14.6,Y,N,NA,1.08,
SS,RB,Baja,La Chorera,5/15/2023,9,6.2,M,13.9,Y,N,NA,1.33,
SS,RB,Baja,La Chorera,5/15/2023,9,6.2,M,14.1,Y,N,NA,1.33,
SS,RB,Baja,La Chorera,5/15/2023,9,6.2,M,19.9,Y,N,NA,1.33,
SS,RB,Baja,La Chorera,5/15/2023,9,6.2,M,19.1,Y,N,NA,1.33,
SS,RB,Baja,La Chorera,5/15/2023,9,6.2,M,16.6,Y,N,NA,1.33,
SS,RB,Baja,La Chorera,5/15/2023,9,6.2,M,14.4,Y,N,NA,1.33,
SS,RB,Baja,La Chorera,5/15/2023,9,6.2,M,17.3,Y,N,NA,1.33,
SS,RB,Baja,La Chorera,5/15/2023,9,4.61,M,14,Y,N,NA,1.58,
SS,RB,Baja,La Chorera,5/15/2023,9,4.61,M,16.8,Y,N,NA,1.58,
SS,RB,Baja,La Chorera,5/15/2023,9,1.63,M,17,Y,N,NA,1.83,
SS,RB,Baja,La Chorera,5/15/2023,3,0,M,6.5,Y,N,NA,1.41,
SS,RB,Baja,La Chorera,5/15/2023,3,0,M,14.3,Y,N,NA,1.41,
SS,RB,Baja,La Chorera,5/15/2023,3,11.1,M,16.6,Y,N,NA,0.91,
SS,RB,Baja,La Chorera,5/15/2023,8,3,M,15.2,Y,N,NA,1.44,
SS,SR,SoCal,Heisler Park,10/16/2023,NA,NA,M,17.4,Y,Y,NA,1.06,
SS,SR,SoCal,Heisler Park,10/16/2023,NA,NA,M,29,Y,Y,NA,1.06,
SS,SR,SoCal,Heisler Park,10/16/2023,NA,NA,M,22.9,Y,Y,NA,1.06,
SS,SR,SoCal,Heisler Park,10/16/2023,NA,NA,M,30.45,Y,Y,NA,1.66,
SS,SR,SoCal,Heisler Park,10/16/2023,NA,NA,M,29.2,Y,Y,NA,1.66,
SS,SR,SoCal,Heisler Park,10/16/2023,NA,NA,M,29,Y,Y,NA,1.45,
SS,SR,SoCal,Heisler Park,10/16/2023,NA,NA,M,26.2,Y,Y,NA,1.45,
SS,SR,SoCal,Heisler Park,10/16/2023,NA,NA,M,27.4,Y,Y,NA,1.45,
SS,SR,SoCal,Heisler Park,10/16/2023,NA,NA,M,22.4,Y,Y,NA,1.45,
SS,SR,SoCal,Heisler Park,10/16/2023,NA,NA,M,26,Y,Y,NA,1.45,
SS,SR,SoCal,Heisler Park,10/16/2023,NA,NA,M,33.7,Y,Y,NA,1.45,
SS,SR,SoCal,Heisler Park,10/16/2023,NA,NA,M,24.9,Y,Y,NA,1.45,
SS,SR,SoCal,Heisler Park,10/16/2023,NA,NA,M,24.9,Y,Y,NA,1.39,
SS,SR,SoCal,Heisler Park,10/16/2023,NA,NA,M,35.1,Y,Y,NA,1.18,
SS,AM,SoCal,Swami's,10/18/2023,11,5.05,As,15.1,Y,N,NA,1.03,
SS,AM,SoCal,Swami's,10/18/2023,11,5.05,As,20.25,Y,N,NA,1.03,
SS,AM,SoCal,Swami's,10/18/2023,11,5.05,M,28.2,Y,N,NA,1.03,
SS,AM,SoCal,Swami's,10/18/2023,NA,NA,As,18.2,Y,Y,NA,0.85,
SS,AM,SoCal,Swami's,10/18/2023,NA,NA,M,23.5,Y,Y,NA,0.94,
SS,AM,SoCal,Swami's,10/18/2023,NA,NA,M,27.8,Y,Y,NA,0.94,
SS,AM,SoCal,Swami's,10/18/2023,NA,NA,M,30.7,Y,Y,NA,0.94,30
SS,AM,SoCal,Swami's,10/18/2023,NA,NA,M,31.5,Y,Y,NA,0.94,
SS,AM,SoCal,Swami's,10/18/2023,NA,NA,As,17.95,Y,Y,NA,0.94,
SS,AM,SoCal,Swami's,10/18/2023,NA,NA,As,16.1,Y,Y,NA,1.02,
SS,AM,SoCal,Swami's,10/18/2023,NA,NA,M,30,Y,Y,NA,1.02,
SS,AM,SoCal,Swami's,10/18/2023,NA,NA,M,29.8,Y,Y,NA,1.02,
SS,AM,SoCal,Swami's,10/18/2023,NA,NA,M,30.3,Y,Y,NA,1.02,
SS,AM,SoCal,Swami's,10/18/2023,NA,NA,M,27.7,Y,Y,NA,1.02,
SS,AM,SoCal,Swami's,10/18/2023,NA,NA,M,28.3,Y,Y,NA,1.02,
SS,AM,SoCal,Swami's,10/18/2023,NA,NA,M,21.6,Y,Y,NA,1.02,
SS,AM,SoCal,Swami's,10/18/2023,NA,NA,M,28.7,Y,Y,NA,1.03,
SS,AM,SoCal,Swami's,10/18/2023,NA,NA,As,14.8,Y,Y,NA,1.08,
SS,AM,SoCal,Swami's,10/18/2023,NA,NA,M,25.3,Y,Y,NA,1.08,
SS,AM,SoCal,Swami's,10/18/2023,NA,NA,M,25.4,Y,Y,NA,1.08,
SS,AM,SoCal,Swami's,10/18/2023,NA,NA,M,15,Y,Y,NA,1.08,
SS,AM,SoCal,Swami's,10/18/2023,NA,NA,As,16.75,Y,Y,NA,1.05,
SS,AM,SoCal,Swami's,10/18/2023,NA,NA,As,18.6,Y,Y,NA,1.05,
SS,AM,SoCal,Swami's,10/18/2023,NA,NA,M,30.3,Y,Y,NA,1.05,
SS,AM,SoCal,Swami's,10/18/2023,NA,NA,M,20,Y,Y,NA,1.05,
SS,AM,SoCal,Swami's,10/18/2023,NA,NA,As,12.2,Y,Y,NA,0.78,
SS,AM,SoCal,Swami's,10/18/2023,NA,NA,As,17.5,Y,Y,NA,0.78,
SS,AM,SoCal,Swami's,10/18/2023,NA,NA,M,33.8,Y,Y,NA,1.06,
SS,AM,SoCal,Swami's,10/18/2023,NA,NA,M,14.25,Y,Y,NA,1.06,
SS,AM,SoCal,Swami's,10/18/2023,NA,NA,M,30.2,Y,Y,NA,1.06,
SS,AM,SoCal,Swami's,10/19/2023,NA,NA,M,28.5,Y,Y,NA,1.06,
SS,AM,SoCal,Swami's,10/20/2023,NA,NA,As,16.4,Y,Y,NA,1.06,
SS,AM,SoCal,Swami's,10/21/2023,NA,NA,As,16.25,Y,Y,NA,0.74,
SS,AM,SoCal,Swami's,10/21/2023,3,10.94,Rp,17.6,Y,N,NA,0.64,
SS,KS,SoCal,Dana Point,9/30/2023,23,2.52,As,17.65,Y,N,NA,0.65,
SS,KS,SoCal,Dana Point,9/30/2023,23,2.52,As,19.4,Y,N,NA,0.65,
SS,KS,SoCal,Dana Point,9/30/2023,NA,NA,As,20.7,Y,Y,NA,0.62,
SS,KS,SoCal,Dana Point,9/30/2023,NA,NA,As,22.2,Y,Y,NA,0.62,
SS,KS,SoCal,Dana Point,9/30/2023,NA,NA,As,23.35,Y,Y,NA,0.62,
SS,KS,SoCal,Dana Point,9/30/2023,NA,NA,M,32.4,Y,Y,NA,0.82,
SS,KS,SoCal,Dana Point,9/30/2023,NA,NA,M,34.3,Y,Y,NA,0.82,
SS,KS,SoCal,Dana Point,9/30/2023,NA,NA,M,35.5,Y,Y,NA,0.82,
SS,KS,SoCal,Dana Point,9/30/2023,NA,NA,M,36.8,Y,Y,NA,0.82,
SS,KS,SoCal,Dana Point,9/30/2023,NA,NA,M,31.7,Y,Y,NA,0.82,
SS,KS,SoCal,Dana Point,9/30/2023,NA,NA,M,38.4,Y,Y,NA,0.74,
SS,KS,SoCal,Dana Point,9/30/2023,NA,NA,As,23.7,Y,Y,NA,0.83,
SS,KS,SoCal,Dana Point,9/30/2023,NA,NA,M,33.6,Y,Y,NA,1.15,
SS,KS,SoCal,Dana Point,9/30/2023,NA,NA,M,30.1,Y,Y,NA,1.15,
SS,KS,SoCal,Dana Point,9/30/2023,NA,NA,M,31.9,Y,Y,NA,1.03,
SS,KS,SoCal,Dana Point,9/30/2023,NA,NA,M,34.35,Y,Y,NA,0.8,
SS,KS,SoCal,Dana Point,9/30/2023,NA,NA,M,35.1,Y,Y,NA,0.8,
SS,KS,SoCal,Dana Point,9/30/2023,NA,NA,M,36.3,Y,Y,NA,0.8,
SS,KS,SoCal,Dana Point,9/30/2023,NA,NA,M,32.6,Y,Y,NA,0.82,
SS,KS,SoCal,Dana Point,9/30/2023,NA,NA,M,34.8,Y,Y,NA,1.03,
SS,KS,SoCal,Dana Point,9/30/2023,NA,NA,As,17.6,Y,Y,NA,0.59,
SS,KS,SoCal,Dana Point,9/30/2023,NA,NA,As,19.25,Y,Y,NA,0.59,
SS,KS,SoCal,Dana Point,9/30/2023,NA,NA,As,20.1,Y,Y,NA,0.52,
SS,KS,SoCal,Dana Point,9/30/2023,2,0,Ne,30.9,Y,N,NA,1.01,
SS,KS,SoCal,Dana Point,9/30/2023,2,1.5,Rp,NA,Y,N,NA,0.51,Could not be measured
SS,KS,SoCal,Dana Point,9/30/2023,20,2.4,M,39.6,Y,N,NA,0.87,
SS,KS,SoCal,Dana Point,9/30/2023,20,2.4,M,33.1,Y,N,NA,0.87,
SS,KS,SoCal,Dana Point,9/30/2023,20,2.4,M,35.3,Y,N,NA,0.87,
SS,KS,SoCal,Dana Point,9/30/2023,20,2.4,As,22.2,Y,N,NA,0.87,
SS,KS,SoCal,Dana Point,9/30/2023,20,2.4,As,22.6,Y,N,NA,0.87,
KS,SS,SoCal,Dana Point,9/30/2023,20,2.4,M,27.45,Y,N,NA,0.87,
SS,KS,SoCal,Dana Point,9/30/2023,20,2.4,M,36.9,Y,N,NA,0.87,
SS,KS,SoCal,Dana Point,9/30/2023,20,3.39,Ne,26.6,Y,N,NA,0.62,
SS,AM,SoCal,Victoria Beach,10/1/2023,17,0,M,37.2,Y,N,NA,1.75,
SS,AM,SoCal,Victoria Beach,10/1/2023,17,0,M,31.4,Y,N,NA,1.75,
SS,AM,SoCal,Victoria Beach,10/1/2023,17,0,M,31.4,Y,N,NA,1.75,
SS,AM,SoCal,Victoria Beach,10/1/2023,17,0,Ne,21.1,Y,N,NA,1.75,
SS,AM,SoCal,Victoria Beach,10/1/2023,7,6.28,As,11.9,Y,N,NA,1.3,
SS,AM,SoCal,Victoria Beach,10/1/2023,NA,NA,M,32.5,Y,Y,NA,1.59,
SS,AM,SoCal,Victoria Beach,10/1/2023,NA,NA,M,31.2,Y,Y,NA,1.59,
SS,AM,SoCal,Victoria Beach,10/1/2023,NA,NA,M,19.9,Y,Y,NA,1.47,
SS,AM,SoCal,Victoria Beach,10/1/2023,NA,NA,M,25,Y,Y,NA,1.47,
SS,AM,SoCal,Victoria Beach,10/1/2023,NA,NA,Ne,22.35,Y,Y,NA,1.47,
SS,AM,SoCal,Victoria Beach,10/1/2023,NA,NA,M,24.6,Y,Y,NA,1.47,
SS,AM,SoCal,Victoria Beach,10/1/2023,NA,NA,M,34.95,Y,Y,NA,1.49,
SS,AM,SoCal,Victoria Beach,10/1/2023,NA,NA,M,30.7,Y,Y,NA,1.49,
SS,AM,SoCal,Victoria Beach,10/1/2023,NA,NA,M,40.05,Y,Y,NA,1.62,
SS,AM,SoCal,Victoria Beach,10/1/2023,NA,NA,M,30,Y,Y,NA,1.62,
SS,AM,SoCal,Victoria Beach,10/1/2023,NA,NA,M,32.9,Y,Y,NA,1.62,
SS,AM,SoCal,Victoria Beach,10/1/2023,NA,NA,As,14.9,Y,Y,NA,1.53,
SS,AM,SoCal,Victoria Beach,10/1/2023,NA,NA,M,37.7,Y,Y,NA,1.53,
SS,AM,SoCal,Victoria Beach,10/1/2023,NA,NA,M,32.3,Y,Y,NA,1.67,
SS,AM,SoCal,Victoria Beach,10/1/2023,NA,NA,M,29.3,Y,Y,NA,1.67,
SS,AM,SoCal,Victoria Beach,10/1/2023,NA,NA,Ne,12.4,Y,Y,NA,1.67,
SS,AM,SoCal,Victoria Beach,10/1/2023,NA,NA,Ne,19.1,Y,Y,NA,1.67,
SS,AM,SoCal,Victoria Beach,10/1/2023,NA,NA,M,31.2,Y,Y,NA,1.53,
SS,AM,SoCal,Victoria Beach,10/1/2023,NA,NA,M,32.3,Y,Y,NA,1.42,
SS,AM,SoCal,Victoria Beach,10/1/2023,NA,NA,M,37.9,Y,Y,NA,1.64,
SS,AM,SoCal,Victoria Beach,10/1/2023,NA,NA,M,31.15,Y,Y,NA,1.8,
SS,AM,SoCal,Victoria Beach,10/1/2023,NA,NA,As,17.75,Y,Y,NA,1.3,
SS,AM,SoCal,Victoria Beach,10/1/2023,NA,NA,M,37.1,Y,Y,NA,1.43,
SS,AM,SoCal,Victoria Beach,10/1/2023,NA,NA,M,20.2,Y,Y,NA,1.43,
SS,AM,SoCal,Victoria Beach,10/1/2023,NA,NA,M,31.1,Y,Y,NA,1.56,
SS,AM,SoCal,Victoria Beach,10/1/2023,NA,NA,M,31.9,Y,Y,NA,1.44,
SS,AM,SoCal,Victoria Beach,10/1/2023,NA,NA,M,20.3,Y,Y,NA,1.44,
SS,AM,SoCal,Goff Island,10/2/2023,10,8.42,M,24.05,Y,N,NA,1.52,
SS,AM,SoCal,Goff Island,10/2/2023,10,8.42,M,22.5,Y,N,NA,1.52,
SS,AM,SoCal,Goff Island,10/2/2023,10,8.42,M,34.4,Y,N,NA,1.52,
SS,AM,SoCal,Goff Island,10/2/2023,10,8.42,M,22.5,Y,N,NA,1.52,
SS,AM,SoCal,Goff Island,10/2/2023,10,8.42,M,24,Y,N,NA,1.52,
SS,AM,SoCal,Goff Island,10/2/2023,11,8.87,M,30,Y,N,NA,1.41,
SS,AM,SoCal,Goff Island,10/2/2023,15,5.86,M,24.25,Y,N,NA,1.37,
SS,AM,SoCal,Goff Island,10/2/2023,15,4.09,M,19.25,Y,N,NA,1.62,
SS,AM,SoCal,Goff Island,10/2/2023,17,7.6,M,26.4,Y,N,NA,1.14,
SS,AM,SoCal,Goff Island,10/2/2023,17,7.6,M,28,Y,N,NA,1.14,
SS,AM,SoCal,Goff Island,10/2/2023,17,7.6,M,21.55,Y,N,NA,1.14,
SS,AM,SoCal,Goff Island,10/2/2023,17,7.6,M,NA,Y,N,NA,1.14,unable to measure; stuck in crevice
SS,AM,SoCal,Goff Island,10/2/2023,17,7.6,M,23.3,Y,N,NA,1.14,
SS,AM,SoCal,Goff Island,10/2/2023,NA,NA,M,26.7,Y,Y,NA,1.22,
SS,AM,SoCal,Goff Island,10/2/2023,NA,NA,M,35,Y,Y,NA,1.28,
SS,AM,SoCal,Goff Island,10/2/2023,NA,NA,M,27.4,Y,Y,NA,1.28,
SS,AM,SoCal,Goff Island,10/2/2023,NA,NA,M,30.9,Y,Y,NA,1.28,measured as 30.09 in field; actually 30.9 because of the sensitivity of calipers
SS,AM,SoCal,Goff Island,10/2/2023,NA,NA,M,27.5,Y,Y,NA,1.28,
SS,AM,SoCal,Goff Island,10/2/2023,NA,NA,M,30.2,Y,Y,NA,1.28,see above note
SS,AM,SoCal,Goff Island,10/2/2023,NA,NA,M,37,Y,Y,NA,1.38,
SS,AM,SoCal,Goff Island,10/2/2023,NA,NA,M,26.4,Y,Y,NA,1.03,
SS,AM,SoCal,Goff Island,10/2/2023,NA,NA,M,27.9,Y,Y,NA,1.03,
SS,AM,SoCal,Goff Island,10/2/2023,NA,NA,M,26.4,Y,Y,NA,1.03,
SS,AM,SoCal,Goff Island,10/2/2023,NA,NA,M,21.1,Y,Y,NA,1.03,
SS,AM,SoCal,Goff Island,10/2/2023,NA,NA,M,24.3,Y,Y,NA,1.03,
SS,AM,SoCal,Goff Island,10/2/2023,NA,NA,M,24.6,Y,Y,NA,1.03,
SS,AM,SoCal,Goff Island,10/2/2023,NA,NA,M,20.3,Y,Y,NA,1.03,measured as 20.03 in field; actually 20.3 because of sensitivity of calipers
SS,AM,SoCal,Goff Island,10/2/2023,NA,NA,M,32.9,Y,Y,NA,0.89,
SS,AM,SoCal,Goff Island,10/2/2023,NA,NA,M,34.4,Y,Y,NA,0.89,
SS,AM,SoCal,Goff Island,10/2/2023,NA,NA,M,34.9,Y,Y,NA,0.89,
SS,AM,SoCal,Goff Island,10/2/2023,NA,NA,M,36,Y,Y,NA,0.89,
SS,AM,SoCal,Goff Island,10/2/2023,NA,NA,M,34.9,Y,Y,NA,0.89,
SS,AM,SoCal,Goff Island,10/2/2023,NA,NA,M,31.2,Y,Y,NA,0.89,
SS,AM,SoCal,Goff Island,10/2/2023,NA,NA,M,30.6,Y,Y,NA,0.89,same reason as above 30.06 vs. 30.6
SS,AM,SoCal,Goff Island,10/2/2023,NA,NA,M,26.9,Y,Y,NA,0.89,
SS,AM,SoCal,Goff Island,10/2/2023,NA,NA,M,30.1,Y,Y,NA,0.89,
SS,AM,SoCal,Goff Island,10/2/2023,NA,NA,M,31.2,Y,Y,NA,0.89,
SS,AM,SoCal,Goff Island,10/2/2023,NA,NA,M,21.1,Y,Y,NA,0.89,
SS,AM,SoCal,Goff Island,10/2/2023,NA,NA,M,28.4,Y,Y,NA,0.89,
SS,AM,SoCal,Goff Island,10/2/2023,NA,NA,M,21.6,Y,Y,NA,0.89,
SS,AM,SoCal,Goff Island,10/2/2023,NA,NA,M,24.4,Y,Y,NA,0.89,
SS,AM,SoCal,Goff Island,10/2/2023,NA,NA,M,36.6,Y,Y,NA,0.85,
SS,AM,SoCal,Goff Island,10/2/2023,NA,NA,M,31.2,Y,Y,NA,0.86,
SS,AM,SoCal,Goff Island,10/2/2023,NA,NA,M,31.3,Y,Y,NA,0.81,
SS,AM,SoCal,Goff Island,10/2/2023,NA,NA,M,30,Y,Y,NA,0.81,
SS,AM,SoCal,Goff Island,10/2/2023,NA,NA,M,36.4,Y,Y,NA,0.81,
SS,AM,SoCal,Goff Island,10/2/2023,NA,NA,M,33.8,Y,Y,NA,0.8,
SS,AM,SoCal,Goff Island,10/2/2023,NA,NA,M,29.1,Y,Y,NA,0.8,
SS,AM,SoCal,Goff Island,10/2/2023,NA,NA,M,28.9,Y,Y,NA,0.8,
SS,AM,SoCal,Goff Island,10/2/2023,NA,NA,M,24.3,Y,Y,NA,0.8,
SS,AM,SoCal,Goff Island,10/2/2023,NA,NA,M,37.5,Y,Y,NA,0.8,
SS,AM,SoCal,Goff Island,10/2/2023,NA,NA,M,28.3,Y,Y,NA,0.8,
SS,AM,SoCal,Goff Island,10/2/2023,NA,NA,M,24.4,Y,Y,NA,0.96,
SS,AM,SoCal,Goff Island,10/2/2023,NA,NA,M,21.1,Y,Y,NA,0.96,
SS,AM,SoCal,Goff Island,10/2/2023,NA,NA,M,36.9,Y,Y,NA,0.96,
SS,AM,SoCal,Goff Island,10/2/2023,NA,NA,M,27.6,Y,Y,NA,0.96,
SS,AM,SoCal,Goff Island,10/2/2023,NA,NA,M,37,Y,Y,NA,1.38,
SS,SR,SoCal,Shaw's Cove,10/17/2023,19,5.51,Ne,27.75,Y,N,NA,0.9,
SS,SR,SoCal,Shaw's Cove,10/17/2023,19,6.8,Ne,14.55,Y,N,NA,0.65,
SS,SR,SoCal,Shaw's Cove,10/17/2023,22,4.81,Ne,25.7,Y,N,NA,1.05,
SS,SR,SoCal,Shaw's Cove,10/17/2023,10,5.2,As,15.8,Y,N,NA,0.64,
SS,SR,SoCal,Shaw's Cove,10/17/2023,10,6.2,Ne,11.8,Y,N,NA,0.39,
SS,SR,SoCal,Shaw's Cove,10/17/2023,NA,NA,As,16.8,Y,Y,NA,0.58,
SS,SR,SoCal,Shaw's Cove,10/17/2023,NA,NA,As,18.35,Y,Y,NA,0.74,
SS,SR,SoCal,Shaw's Cove,10/17/2023,5,2.4,Ne,17.3,Y,N,NA,1.34,
SS,SR,SoCal,Shaw's Cove,10/17/2023,5,2.4,Ne,16.6,Y,N,NA,1.34,
SS,AM,SoCal,Cardiff,10/26/2023,8,0,M,32.8,Y,N,NA,1.14,
SS,AM,SoCal,Cardiff,10/26/2023,8,0.98,As,20,Y,N,NA,0.64,
SS,AM,SoCal,Cardiff,10/26/2023,12,0.98,Rp,19.2,Y,N,NA,0.68,
SS,AM,SoCal,Cardiff,10/26/2023,NA,NA,M,25.8,Y,Y,NA,1.12,
SS,AM,SoCal,Cardiff,10/26/2023,NA,NA,M,28.4,Y,Y,NA,1.12,
SS,AM,SoCal,Cardiff,10/26/2023,NA,NA,M,25.2,Y,Y,NA,1.12,
SS,AM,SoCal,Cardiff,10/26/2023,NA,NA,M,28,Y,Y,NA,1.12,
SS,AM,SoCal,Cardiff,10/26/2023,NA,NA,M,38.25,Y,Y,NA,1.12,
SS,AM,SoCal,Cardiff,10/26/2023,NA,NA,M,32.1,Y,Y,NA,1.12,
SS,AM,SoCal,Cardiff,10/26/2023,NA,NA,M,27.5,Y,Y,NA,1.12,
SS,AM,SoCal,Cardiff,10/26/2023,NA,NA,M,29.9,Y,Y,NA,1.12,
SS,AM,SoCal,Cardiff,10/26/2023,NA,NA,M,24.1,Y,Y,NA,1.12,
SS,AM,SoCal,Cardiff,10/26/2023,NA,NA,M,24.3,Y,Y,NA,1.12,
SS,AM,SoCal,Cardiff,10/26/2023,NA,NA,M,22.4,Y,Y,NA,1.12,
SS,AM,SoCal,Cardiff,10/26/2023,NA,NA,M,27.5,Y,Y,NA,1.12,
SS,AM,SoCal,Cardiff,10/26/2023,NA,NA,M,28.4,Y,Y,NA,1.12,
SS,AM,SoCal,Cardiff,10/26/2023,NA,NA,M,21.9,Y,Y,NA,1.12,
SS,AM,SoCal,Cardiff,10/26/2023,NA,NA,M,25.6,Y,Y,NA,1.12,
SS,AM,SoCal,Cardiff,10/26/2023,NA,NA,M,26.7,Y,Y,NA,1.12,
SS,AM,SoCal,Cardiff,10/26/2023,NA,NA,M,25.1,Y,Y,NA,1.12,
SS,AM,SoCal,Cardiff,10/26/2023,NA,NA,As,18.2,Y,Y,NA,0.38,
SS,AM,SoCal,Cardiff,10/26/2023,NA,NA,As,18.9,Y,Y,NA,0.38,
SS,AM,SoCal,Cardiff,10/26/2023,NA,NA,M,22.7,Y,Y,NA,1.06,
SS,AM,SoCal,Cardiff,10/26/2023,NA,NA,M,29.1,Y,Y,NA,1.06,
SS,AM,SoCal,Cardiff,10/26/2023,NA,NA,As,21.1,Y,Y,NA,1.06,
SS,AM,SoCal,Cardiff,10/26/2023,NA,NA,M,26.8,Y,Y,NA,1.06,
SS,AM,SoCal,Cardiff,10/26/2023,NA,NA,M,26.2,Y,Y,NA,1.06,
SS,AM,SoCal,Cardiff,10/26/2023,NA,NA,As,28.1,Y,Y,NA,0.42,
SS,AM,SoCal,Cardiff,10/26/2023,NA,NA,As,15.3,Y,Y,NA,0.42,
SS,AM,SoCal,Cardiff,10/26/2023,NA,NA,M,28.2,Y,Y,NA,1.14,
SS,AM,SoCal,Cardiff,10/26/2023,5,0.75,As,14.8,Y,N,NA,0.81,
SS,AM,SoCal,Cardiff,10/26/2023,5,0.75,Rp,22.5,Y,N,NA,0.81,
SS,AM,SoCal,Cardiff,10/26/2023,NA,NA,M,27.7,Y,Y,NA,0.85,
SS,AM,SoCal,Cardiff,10/26/2023,NA,NA,M,36.2,Y,Y,NA,0.85,
SS,AM,SoCal,Cardiff,10/26/2023,NA,NA,M,27.4,Y,Y,NA,0.85,
SS,AM,SoCal,Cardiff,10/26/2023,NA,NA,M,28.1,Y,Y,NA,1.06,
SS,AM,SoCal,Cardiff,10/26/2023,NA,NA,M,28.2,Y,Y,NA,1.04,
SS,AM,SoCal,Cardiff,10/26/2023,NA,NA,M,25.05,Y,Y,NA,0.17,
SS,AM,SoCal,Cardiff,10/26/2023,NA,NA,M,20.8,Y,Y,NA,0.1,
SS,AM,SoCal,Cardiff,10/26/2023,NA,NA,M,24.4,Y,Y,NA,0.1,
SS,AM,SoCal,Cardiff,10/26/2023,NA,NA,M,28.9,Y,Y,NA,0.1,
SS,AM,SoCal,Cardiff,10/26/2023,NA,NA,M,23.4,Y,Y,NA,0.1,
SS,AM,SoCal,Cardiff,10/26/2023,NA,NA,M,30.2,Y,Y,NA,0.1,
SS,EN,SoCal,Little Corona,10/28/2023,6,7.15,Ne,15.6,Y,N,NA,1.14,
SS,EN,SoCal,Little Corona,10/28/2023,NA,NA,As,24.4,Y,Y,NA,0.22,
SS,EN,SoCal,Little Corona,10/28/2023,NA,NA,As,25.1,Y,Y,NA,-0.32,
SS,EN,SoCal,Little Corona,10/28/2023,NA,NA,As,25.4,Y,Y,NA,0.28,
SS,EN,SoCal,Little Corona,10/28/2023,NA,NA,As,25.5,Y,Y,NA,0.47,
SS,EN,SoCal,Little Corona,10/28/2023,NA,NA,As,24.2,Y,Y,NA,0.47,
SS,EN,SoCal,Little Corona,10/28/2023,NA,NA,As,25.2,Y,Y,NA,0.47,
SS,EN,SoCal,Little Corona,10/28/2023,NA,NA,As,28.3,Y,Y,NA,0.47,
SS,EN,SoCal,Little Corona,10/28/2023,NA,NA,As,22.3,Y,Y,NA,0.31,
SS,SR,SoCal,Crystal Cove,10/27/2023,23,3.68,As,18.6,Y,N,NA,1.41,
SS,SR,SoCal,Crystal Cove,10/27/2023,23,3.68,As,20.1,Y,N,NA,1.41,
SS,SR,SoCal,Crystal Cove,10/27/2023,NA,NA,As,19.6,Y,Y,NA,0.78,
SS,SR,SoCal,Crystal Cove,10/27/2023,NA,NA,As,23.2,Y,Y,NA,1.02,
SS,SR,SoCal,Crystal Cove,10/27/2023,NA,NA,As,22.6,Y,Y,NA,1.02,
SS,SR,SoCal,Crystal Cove,10/27/2023,NA,NA,As,21.5,Y,Y,NA,1.02,
SS,SR,SoCal,Crystal Cove,10/27/2023,NA,NA,As,20.4,Y,Y,NA,1.02,
SS,SR,SoCal,Crystal Cove,10/27/2023,NA,NA,As,19.6,Y,Y,NA,1.02,
SS,SR,SoCal,Crystal Cove,10/27/2023,NA,NA,As,19.8,Y,Y,NA,1.02,
SS,SR,SoCal,Crystal Cove,10/27/2023,NA,NA,As,20.3,Y,Y,NA,1.02,
SS,SR,SoCal,Crystal Cove,10/27/2023,NA,NA,As,19.4,Y,Y,NA,1.02,
SS,SR,SoCal,Crystal Cove,10/27/2023,NA,NA,As,17.8,Y,Y,NA,1.02,
SS,SR,SoCal,Crystal Cove,10/27/2023,NA,NA,As,17.5,Y,Y,NA,1.02,
SS,SR,SoCal,Crystal Cove,10/27/2023,NA,NA,As,14.6,Y,Y,NA,1.02,
SS,SR,SoCal,Crystal Cove,10/27/2023,18,0.3,Ne,16.25,Y,N,NA,1.32,
SS,SR,SoCal,Crystal Cove,10/27/2023,18,16.84,As,16.3,Y,N,NA,0.82,
SS,SR,SoCal,Crystal Cove,10/27/2023,0,0,As,NA,Y,N,NA,1.17,Whelk could not be measured - in crevice 
SS,SR,SoCal,Crystal Cove,10/27/2023,NA,NA,As,17.9,Y,Y,NA,1.17,
SS,SR,SoCal,Crystal Cove,10/27/2023,NA,NA,As,19.3,Y,Y,NA,1.17,
SS,SR,SoCal,Crystal Cove,10/27/2023,NA,NA,As,19.8,Y,Y,NA,1.15,
SS,SR,SoCal,Crystal Cove,10/27/2023,NA,NA,As,21.75,Y,Y,NA,1.15,
SS,SR,SoCal,Crystal Cove,10/27/2023,NA,NA,As,18.7,Y,Y,NA,1.17,
SS,SR,SoCal,Crystal Cove,10/27/2023,NA,NA,As,20.3,Y,Y,NA,1.05,
SS,SR,SoCal,Crystal Cove,10/27/2023,NA,NA,As,20.3,Y,Y,NA,0.91,
SS,SR,SoCal,Crystal Cove,10/27/2023,NA,NA,As,20.1,Y,Y,NA,0.91,
SS,SR,SoCal,Crystal Cove,10/27/2023,NA,NA,As,20.8,Y,Y,NA,1.08,
SS,SR,SoCal,Crystal Cove,10/27/2023,NA,NA,As,17,Y,Y,NA,1.08,
SS,SR,SoCal,Crystal Cove,10/27/2023,NA,NA,As,18.7,Y,Y,NA,1.08,
SS,SR,SoCal,Crystal Cove,10/27/2023,NA,NA,As,18.05,Y,Y,NA,1.08,
SS,SR,SoCal,Crystal Cove,10/27/2023,NA,NA,As,20.7,Y,Y,NA,1.08,
SS,SR,SoCal,Crystal Cove,10/27/2023,NA,NA,As,20,Y,Y,NA,0.46,
SS,KS,SoCal,Scripps,10/29/2023,9,3.37,Rp,19.6,Y,N,NA,0.45,
SS,KS,SoCal,Scripps,10/29/2023,9,9.03,As,20.2,Y,N,NA,-0.05,
SS,KS,SoCal,Scripps,10/29/2023,11,13.2,Rp,25.7,Y,N,NA,0.07,
SS,KS,SoCal,Scripps,10/29/2023,11,13.2,As,20.4,Y,N,NA,0.07,
SS,KS,SoCal,Scripps,10/29/2023,11,13.2,As,13.4,Y,N,NA,0.07,
SS,KS,SoCal,Scripps,10/29/2023,11,1.09,Rp,20.5,Y,N,NA,1.07,
SS,KS,SoCal,Scripps,10/29/2023,11,0,M,30.5,Y,N,NA,1.57,
SS,KS,SoCal,Scripps,10/29/2023,11,0,M,27.3,Y,N,NA,1.57,
SS,KS,SoCal,Scripps,10/29/2023,NA,NA,M,28.3,Y,Y,NA,1.16,
SS,KS,SoCal,Scripps,10/29/2023,NA,NA,M,29,Y,Y,NA,1.16,
SS,KS,SoCal,Scripps,10/29/2023,NA,NA,M,35.1,Y,Y,NA,1.16,
SS,KS,SoCal,Scripps,10/29/2023,NA,NA,M,33.2,Y,Y,NA,1.16,
SS,KS,SoCal,Scripps,10/29/2023,NA,NA,M,37.9,Y,Y,NA,1.6,
SS,KS,SoCal,Scripps,10/29/2023,NA,NA,M,28.1,Y,Y,NA,1.6,
SS,KS,SoCal,Scripps,10/29/2023,NA,NA,M,25,Y,Y,NA,1.6,
SS,KS,SoCal,Scripps,10/29/2023,NA,NA,M,27.4,Y,Y,NA,1.6,
SS,KS,SoCal,Scripps,10/29/2023,NA,NA,M,31.8,Y,Y,NA,1.72,
SS,KS,SoCal,Scripps,10/29/2023,NA,NA,As,19.95,Y,Y,NA,0.72,
SS,KS,SoCal,Scripps,10/29/2023,NA,NA,M,28.4,Y,Y,NA,1.51,
SS,KS,SoCal,Scripps,10/29/2023,NA,NA,M,26.1,Y,Y,NA,1.51,
SS,KS,SoCal,Scripps,10/29/2023,NA,NA,M,33,Y,Y,NA,1.51,
SS,KS,SoCal,Scripps,10/29/2023,NA,NA,M,22.3,Y,Y,NA,1.51,
SS,KS,SoCal,Scripps,10/29/2023,NA,NA,M,31.9,Y,Y,NA,1.51,
SS,KS,SoCal,Scripps,10/29/2023,NA,NA,As,17.7,Y,Y,NA,0.15,
SS,KS,SoCal,Scripps,10/29/2023,NA,NA,As,11.5,Y,Y,NA,0.22,
SS,KS,SoCal,Scripps,10/29/2023,NA,NA,As,19.9,Y,Y,NA,0.22,
SS,KS,SoCal,Scripps,10/29/2023,NA,NA,As,17,Y,Y,NA,0.22,
SS,KS,SoCal,Scripps,10/29/2023,NA,NA,As,14.8,Y,Y,NA,0.22,
SS,KS,SoCal,Scripps,10/29/2023,NA,NA,As,21.5,Y,Y,NA,0.05,
SS,KS,SoCal,Scripps,10/29/2023,NA,NA,As,21.1,Y,Y,NA,0.05,
SS,KS,SoCal,Scripps,10/29/2023,NA,NA,As,19.1,Y,Y,NA,0.05,
SS,KS,SoCal,Scripps,10/29/2023,NA,NA,As,19.7,Y,Y,NA,0.04,
SS,KS,SoCal,Scripps,10/29/2023,NA,NA,As,18.6,Y,Y,NA,0.2,
SS,KS,SoCal,Scripps,10/29/2023,NA,NA,As,14.4,Y,Y,NA,0.2,
SS,KS,SoCal,Scripps,10/29/2023,NA,NA,As,16.9,Y,Y,NA,0.2,
SS,KS,SoCal,Scripps,10/29/2023,NA,NA,As,17.4,Y,Y,NA,0.2,
SS,KS,SoCal,Scripps,10/29/2023,15,1.27,As,22.5,Y,N,NA,0.96,
SS,KS,SoCal,Scripps,10/29/2023,15,1.27,M,11.5,Y,N,NA,0.96,
SS,KS,SoCal,Scripps,10/29/2023,15,1.27,M,11.5,Y,N,NA,0.96,
SS,KS,SoCal,Scripps,10/29/2023,15,1.27,M,11.1,Y,N,NA,0.96,
SS,KS,SoCal,Scripps,10/29/2023,15,1.27,As,11.3,Y,N,NA,0.96,
SS,KS,SoCal,Scripps,10/29/2023,15,1.63,As,19.6,Y,N,NA,0.71,
SS,KS,SoCal,Scripps,10/29/2023,15,1.63,As,21,Y,N,NA,0.71,
SS,KS,SoCal,Scripps,10/29/2023,15,1.63,As,18.8,Y,N,NA,0.71,
SS,KS,SoCal,Scripps,10/29/2023,15,8.56,Rp,25.6,Y,N,NA,0.21,
SS,KS,SoCal,Scripps,10/29/2023,15,8.56,As,13.3,Y,N,NA,0.21,
SS,KS,SoCal,Scripps,10/29/2023,16,7.17,As,12.15,Y,N,NA,0.27,
SS,KS,SoCal,Scripps,10/29/2023,16,7.17,As,13,Y,N,NA,0.27,
SS,KS,SoCal,Scripps,10/29/2023,16,7.17,As,17.4,Y,N,NA,0.27,
SS,KS,SoCal,Scripps,10/29/2023,16,7.17,As,13.2,Y,N,NA,0.27,
SS,KS,SoCal,Scripps,10/29/2023,16,7.17,As,13.3,Y,N,NA,0.27,
SS,KS,SoCal,Scripps,10/29/2023,16,7.17,As,12.45,Y,N,NA,0.27,
SS,KS,SoCal,Scripps,10/29/2023,17,1.34,As,13.2,Y,N,NA,0.77,
SS,KS,SoCal,Scripps,10/29/2023,17,1.34,As,10.4,Y,N,NA,0.77,
SS,KS,SoCal,Scripps,10/29/2023,17,1.34,As,18.4,Y,N,NA,0.77,
SS,KS,SoCal,Scripps,10/29/2023,17,1.34,As,16.1,Y,N,NA,0.77,
SS,EN,SoCal,Cabrillo,10/30/2023,5,1.25,M,27.4,Y,N,NA,1.01,
SS,EN,SoCal,Cabrillo,10/30/2023,NA,NA,M,28.3,Y,Y,NA,0.79,
SS,EN,SoCal,Cabrillo,10/30/2023,NA,NA,M,31.9,Y,Y,NA,-0.1,
SS,EN,SoCal,Cabrillo,10/30/2023,NA,NA,M,26.7,Y,Y,NA,0.26,
SS,EN,SoCal,Cabrillo,10/30/2023,NA,NA,M,24.15,Y,Y,NA,0.26,
SS,EN,SoCal,Cabrillo,10/30/2023,NA,NA,M,24.7,Y,Y,NA,0.26,
SS,EN,SoCal,Cabrillo,10/30/2023,NA,NA,M,24.25,Y,Y,NA,0.26,
SS,EN,SoCal,Cabrillo,10/30/2023,NA,NA,M,26.2,Y,Y,NA,0.26,
SS,EN,SoCal,Cabrillo,10/30/2023,NA,NA,M,26.4,Y,Y,NA,0.65,
SS,EN,SoCal,Cabrillo,10/30/2023,NA,NA,M,27,Y,Y,NA,0.65,
SS,EN,SoCal,Cabrillo,10/30/2023,NA,NA,M,25.5,Y,Y,NA,0.65,
SS,EN,SoCal,Cabrillo,10/30/2023,NA,NA,M,32.9,Y,Y,NA,0.97,
SS,EN,SoCal,Cabrillo,10/30/2023,NA,NA,M,32.75,Y,Y,NA,0.97,
SS,EN,SoCal,Cabrillo,10/30/2023,NA,NA,M,34.7,Y,Y,NA,0.97,
SS,EN,SoCal,Cabrillo,10/30/2023,NA,NA,M,29.9,Y,Y,NA,0.4,
SS,EN,SoCal,Cabrillo,10/30/2023,NA,NA,M,26.85,Y,Y,NA,0.4,
SS,EN,SoCal,Cabrillo,10/30/2023,NA,NA,M,27.05,Y,Y,NA,0.4,
SS,EN,SoCal,Cabrillo,10/30/2023,0,0.65,As,27.2,Y,N,NA,0.38,
SS,EN,SoCal,Cabrillo,10/30/2023,0,4.4,As,20.45,Y,N,NA,0.13,
SS,EN,SoCal,Cabrillo,10/30/2023,8,3.9,M,22.9,Y,N,NA,0.57,
SS,EN,SoCal,Cabrillo,10/30/2023,NA,NA,M,29.3,Y,Y,NA,0.2,
SS,EN,SoCal,Cabrillo,10/30/2023,NA,NA,M,35.4,Y,Y,NA,0.2,
SS,EN,SoCal,Cabrillo,10/30/2023,NA,NA,M,29.7,Y,Y,NA,0.2,
SS,EN,SoCal,Cabrillo,10/30/2023,NA,NA,M,26.4,Y,Y,NA,0.2,
SS,EN,SoCal,Cabrillo,10/30/2023,NA,NA,M,23.7,Y,Y,NA,0.16,
SS,EN,SoCal,Cabrillo,10/30/2023,NA,NA,M,26.3,Y,Y,NA,0.26,
SS,EN,SoCal,Cabrillo,10/30/2023,NA,NA,M,27.6,Y,Y,NA,0.36,
SS,EN,SoCal,Cabrillo,10/30/2023,NA,NA,M,28.3,Y,Y,NA,0.36,
SS,EN,SoCal,Cabrillo,10/30/2023,NA,NA,M,30.4,Y,Y,NA,0.36,
SS,EN,SoCal,Cabrillo,10/30/2023,NA,NA,M,31.1,Y,Y,NA,0.36,
SS,EN,SoCal,Cabrillo,10/30/2023,NA,NA,M,26.4,Y,Y,NA,0.36,
SS,EN,SoCal,Cabrillo,10/30/2023,NA,NA,M,30.2,Y,Y,NA,0.36,
SS,EN,SoCal,Cabrillo,10/30/2023,NA,NA,M,28.3,Y,Y,NA,0.36,
SS,EN,SoCal,Cabrillo,10/30/2023,NA,NA,M,33.6,Y,Y,NA,0.43,
SS,EN,SoCal,Cabrillo,10/30/2023,NA,NA,M,29.4,Y,Y,NA,0.43,
SS,EN,SoCal,Cabrillo,10/30/2023,NA,NA,M,29.5,Y,Y,NA,0.54,
SS,EN,SoCal,Cabrillo,10/30/2023,NA,NA,M,31.4,Y,Y,NA,0.54,
SS,EN,SoCal,Cabrillo,10/30/2023,NA,NA,M,30.5,Y,Y,NA,0.54,
SS,RB,SoCal,Venice Breakwater,4/17/2024,NA,NA,As,17.3,Y,Y,NA,NA,Tide height not collected at this site - data collected opportunistically after main survey period
SS,RB,SoCal,Venice Breakwater,4/17/2024,NA,NA,As,16,Y,Y,NA,NA,Tide height not collected at this site - data collected opportunistically after main survey period
SS,RB,SoCal,Venice Breakwater,4/17/2024,NA,NA,As,21,Y,Y,NA,NA,Tide height not collected at this site - data collected opportunistically after main survey period
SS,RB,SoCal,Venice Breakwater,4/17/2024,NA,NA,As,19.2,Y,Y,NA,NA,Tide height not collected at this site - data collected opportunistically after main survey period
SS,RB,SoCal,Venice Breakwater,4/17/2024,NA,NA,As,22.7,Y,Y,NA,NA,Tide height not collected at this site - data collected opportunistically after main survey period
SS,RB,SoCal,Venice Breakwater,4/17/2024,NA,NA,As,24.4,Y,Y,NA,NA,Tide height not collected at this site - data collected opportunistically after main survey period
SS,RB,SoCal,Venice Breakwater,4/17/2024,NA,NA,As,20.9,Y,Y,NA,NA,Tide height not collected at this site - data collected opportunistically after main survey period
SS,RB,SoCal,Venice Breakwater,4/17/2024,NA,NA,M,32,Y,Y,NA,NA,Tide height not collected at this site - data collected opportunistically after main survey period
SS,RB,SoCal,Venice Breakwater,4/17/2024,NA,NA,M,33.8,Y,Y,NA,NA,Tide height not collected at this site - data collected opportunistically after main survey period
SS,RB,SoCal,Venice Breakwater,4/17/2024,NA,NA,M,27.5,Y,Y,NA,NA,Tide height not collected at this site - data collected opportunistically after main survey period
SS,RB,SoCal,Venice Breakwater,4/17/2024,NA,NA,M,33.4,Y,Y,NA,NA,Tide height not collected at this site - data collected opportunistically after main survey period
SS,RB,SoCal,Venice Breakwater,4/17/2024,NA,NA,M,27.7,Y,Y,NA,NA,Tide height not collected at this site - data collected opportunistically after main survey period
SS,RB,SoCal,Venice Breakwater,4/17/2024,NA,NA,M,30.4,Y,Y,NA,NA,Tide height not collected at this site - data collected opportunistically after main survey period
SS,RB,SoCal,Venice Breakwater,4/17/2024,NA,NA,M,29.9,Y,Y,NA,NA,Tide height not collected at this site - data collected opportunistically after main survey period
SS,RB,SoCal,Venice Breakwater,4/17/2024,NA,NA,M,35.7,Y,Y,NA,NA,Tide height not collected at this site - data collected opportunistically after main survey period
SS,RB,SoCal,Venice Breakwater,4/17/2024,NA,NA,M,30.4,Y,Y,NA,NA,Tide height not collected at this site - data collected opportunistically after main survey period
SS,RB,SoCal,Venice Breakwater,4/17/2024,NA,NA,M,28.2,Y,Y,NA,NA,Tide height not collected at this site - data collected opportunistically after main survey period
SS,RB,SoCal,Venice Breakwater,4/17/2024,NA,NA,M,23,Y,Y,NA,NA,Tide height not collected at this site - data collected opportunistically after main survey period
SS,RB,SoCal,Venice Breakwater,4/17/2024,NA,NA,M,27.6,Y,Y,NA,NA,Tide height not collected at this site - data collected opportunistically after main survey period
SS,RB,SoCal,Venice Breakwater,4/17/2024,NA,NA,M,20,Y,Y,NA,NA,Tide height not collected at this site - data collected opportunistically after main survey period
SS,RB,SoCal,Venice Breakwater,4/17/2024,NA,NA,M,18.5,Y,Y,NA,NA,Tide height not collected at this site - data collected opportunistically after main survey period
SS,RB,SoCal,Venice Breakwater,4/17/2024,NA,NA,M,22.5,Y,Y,NA,NA,Tide height not collected at this site - data collected opportunistically after main survey period
SS,RB,SoCal,Venice Breakwater,4/17/2024,NA,NA,As,15.4,Y,Y,NA,NA,Tide height not collected at this site - data collected opportunistically after main survey period
SS,RB,SoCal,Venice Breakwater,4/17/2024,NA,NA,As,16.7,Y,Y,NA,NA,Tide height not collected at this site - data collected opportunistically after main survey period
SS,RB,SoCal,Venice Breakwater,4/17/2024,NA,NA,As,15.5,Y,Y,NA,NA,Tide height not collected at this site - data collected opportunistically after main survey period
SS,RB,SoCal,Venice Breakwater,4/17/2024,NA,NA,As,13.5,Y,Y,NA,NA,Tide height not collected at this site - data collected opportunistically after main survey period
SS,RB,SoCal,Venice Breakwater,4/17/2024,NA,NA,As,16.7,Y,Y,NA,NA,Tide height not collected at this site - data collected opportunistically after main survey period
SS,RB,SoCal,Venice Breakwater,4/17/2024,NA,NA,M,29.5,Y,Y,NA,NA,Tide height not collected at this site - data collected opportunistically after main survey period
SS,RB,SoCal,Venice Breakwater,4/17/2024,NA,NA,As,19.8,Y,Y,NA,NA,Tide height not collected at this site - data collected opportunistically after main survey period
SS,RB,SoCal,Venice Breakwater,4/17/2024,NA,NA,M,28.3,Y,Y,NA,NA,Tide height not collected at this site - data collected opportunistically after main survey period
SS,RB,SoCal,Venice Breakwater,4/17/2024,NA,NA,M,21.8,Y,Y,NA,NA,Tide height not collected at this site - data collected opportunistically after main survey period
SS,RB,SoCal,Venice Breakwater,4/17/2024,NA,NA,M,27.6,Y,Y,NA,NA,Tide height not collected at this site - data collected opportunistically after main survey period
SS,RB,SoCal,Venice Breakwater,4/17/2024,NA,NA,M,28.8,Y,Y,NA,NA,Tide height not collected at this site - data collected opportunistically after main survey period
SS,RB,SoCal,Venice Breakwater,4/17/2024,NA,NA,M,25.7,Y,Y,NA,NA,Tide height not collected at this site - data collected opportunistically after main survey period
SS,RB,SoCal,Venice Breakwater,4/17/2024,NA,NA,M,32.3,Y,Y,NA,NA,Tide height not collected at this site - data collected opportunistically after main survey period
SS,RB,SoCal,Venice Breakwater,4/17/2024,NA,NA,M,29.6,Y,Y,NA,NA,Tide height not collected at this site - data collected opportunistically after main survey period
SS,RB,SoCal,Venice Breakwater,4/17/2024,NA,NA,M,28.8,Y,Y,NA,NA,Tide height not collected at this site - data collected opportunistically after main survey period
SS,RB,SoCal,Venice Breakwater,4/17/2024,NA,NA,M,34.6,Y,Y,NA,NA,Tide height not collected at this site - data collected opportunistically after main survey period
SS,RB,SoCal,Venice Breakwater,4/17/2024,NA,NA,M,18.7,Y,Y,NA,NA,Tide height not collected at this site - data collected opportunistically after main survey period
SS,RB,SoCal,Venice Breakwater,4/17/2024,NA,NA,M,22.7,Y,Y,NA,NA,Tide height not collected at this site - data collected opportunistically after main survey period
SS,RB,SoCal,Venice Breakwater,4/17/2024,NA,NA,M,27.9,Y,Y,NA,NA,Tide height not collected at this site - data collected opportunistically after main survey period
SS,RB,SoCal,Venice Breakwater,4/17/2024,NA,NA,M,24.2,Y,Y,NA,NA,Tide height not collected at this site - data collected opportunistically after main survey period
SS,RB,SoCal,Venice Breakwater,4/17/2024,NA,NA,M,35.2,Y,Y,NA,NA,Tide height not collected at this site - data collected opportunistically after main survey period
SS,RB,SoCal,Venice Breakwater,4/17/2024,NA,NA,M,23.5,Y,Y,NA,NA,Tide height not collected at this site - data collected opportunistically after main survey period
SS,RB,SoCal,Venice Breakwater,4/17/2024,NA,NA,M,36.9,Y,Y,NA,NA,Tide height not collected at this site - data collected opportunistically after main survey period
SS,RB,SoCal,Venice Breakwater,4/17/2024,NA,NA,M,36.6,Y,Y,NA,NA,Tide height not collected at this site - data collected opportunistically after main survey period
SS,RB,SoCal,Venice Breakwater,4/17/2024,NA,NA,M,27.4,Y,Y,NA,NA,Tide height not collected at this site - data collected opportunistically after main survey period
SS,RB,SoCal,Venice Breakwater,4/17/2024,NA,NA,M,34.5,Y,Y,NA,NA,Tide height not collected at this site - data collected opportunistically after main survey period
SS,RB,SoCal,Venice Breakwater,4/17/2024,NA,NA,M,26.9,Y,Y,NA,NA,Tide height not collected at this site - data collected opportunistically after main survey period
SS,RB,SoCal,Venice Breakwater,4/17/2024,NA,NA,M,33.3,Y,Y,NA,NA,Tide height not collected at this site - data collected opportunistically after main survey period
SS,RB,SoCal,Venice Breakwater,4/17/2024,NA,NA,As,19.6,Y,Y,NA,NA,Tide height not collected at this site - data collected opportunistically after main survey period
SS,RB,SoCal,Venice Breakwater,4/17/2024,NA,NA,As,15,Y,Y,NA,NA,Tide height not collected at this site - data collected opportunistically after main survey period
SS,RB,SoCal,Venice Breakwater,4/17/2024,NA,NA,As,20.1,Y,Y,NA,NA,Tide height not collected at this site - data collected opportunistically after main survey period
SS,RB,SoCal,Venice Breakwater,4/17/2024,NA,NA,As,20.1,Y,Y,NA,NA,Tide height not collected at this site - data collected opportunistically after main survey period
SS,RB,SoCal,Venice Breakwater,4/17/2024,NA,NA,As,17.2,Y,Y,NA,NA,Tide height not collected at this site - data collected opportunistically after main survey period
SS,RB,SoCal,Venice Breakwater,4/17/2024,NA,NA,As,22.3,Y,Y,NA,NA,Tide height not collected at this site - data collected opportunistically after main survey period
SS,RB,SoCal,Venice Breakwater,4/17/2024,NA,NA,As,18.9,Y,Y,NA,NA,Tide height not collected at this site - data collected opportunistically after main survey period
SS,RB,SoCal,Venice Breakwater,4/17/2024,NA,NA,As,22.3,Y,Y,NA,NA,Tide height not collected at this site - data collected opportunistically after main survey period
SS,RB,SoCal,Venice Breakwater,4/17/2024,NA,NA,As,12.2,Y,Y,NA,NA,Tide height not collected at this site - data collected opportunistically after main survey period
SS,RB,SoCal,Venice Breakwater,4/17/2024,NA,NA,As,15.6,Y,Y,NA,NA,Tide height not collected at this site - data collected opportunistically after main survey period
SS,RB,SoCal,Venice Breakwater,4/17/2024,NA,NA,As,13.7,Y,Y,NA,NA,Tide height not collected at this site - data collected opportunistically after main survey period
SS,RB,SoCal,Venice Breakwater,4/17/2024,NA,NA,As,14.9,Y,Y,NA,NA,Tide height not collected at this site - data collected opportunistically after main survey period
SS,RB,SoCal,Venice Breakwater,4/17/2024,NA,NA,As,18.5,Y,Y,NA,NA,Tide height not collected at this site - data collected opportunistically after main survey period
SS,RB,SoCal,Venice Breakwater,4/17/2024,NA,NA,As,22.6,Y,Y,NA,NA,Tide height not collected at this site - data collected opportunistically after main survey period
SS,RB,SoCal,Venice Breakwater,4/17/2024,NA,NA,M,18,Y,Y,NA,NA,Tide height not collected at this site - data collected opportunistically after main survey period
SS,RB,SoCal,Venice Breakwater,4/17/2024,NA,NA,M,31.8,Y,Y,NA,NA,Tide height not collected at this site - data collected opportunistically after main survey period
SS,RB,SoCal,Venice Breakwater,4/17/2024,NA,NA,M,26.5,Y,Y,NA,NA,Tide height not collected at this site - data collected opportunistically after main survey period
SS,RB,SoCal,Venice Breakwater,4/17/2024,NA,NA,M,32.9,Y,Y,NA,NA,Tide height not collected at this site - data collected opportunistically after main survey period
SS,RB,SoCal,Venice Breakwater,4/17/2024,NA,NA,M,24.7,Y,Y,NA,NA,Tide height not collected at this site - data collected opportunistically after main survey period
SS,RB,SoCal,Venice Breakwater,4/17/2024,NA,NA,M,29,Y,Y,NA,NA,Tide height not collected at this site - data collected opportunistically after main survey period
SS,RB,SoCal,Venice Breakwater,4/17/2024,NA,NA,M,36.8,Y,Y,NA,NA,Tide height not collected at this site - data collected opportunistically after main survey period
SS,RB,SoCal,Venice Breakwater,4/17/2024,NA,NA,M,19.6,Y,Y,NA,NA,Tide height not collected at this site - data collected opportunistically after main survey period
SS,RB,SoCal,Venice Breakwater,4/17/2024,NA,NA,M,29.4,Y,Y,NA,NA,Tide height not collected at this site - data collected opportunistically after main survey period
SS,RB,SoCal,Venice Breakwater,4/17/2024,NA,NA,M,24.3,Y,Y,NA,NA,Tide height not collected at this site - data collected opportunistically after main survey period
SS,RB,SoCal,Venice Breakwater,4/17/2024,NA,NA,M,21.9,Y,Y,NA,NA,Tide height not collected at this site - data collected opportunistically after main survey period
SS,RB,SoCal,Venice Breakwater,4/17/2024,NA,NA,M,16.5,Y,Y,NA,NA,Tide height not collected at this site - data collected opportunistically after main survey period
SS,RB,SoCal,Venice Breakwater,4/17/2024,NA,NA,As,21.3,Y,Y,NA,NA,Tide height not collected at this site - data collected opportunistically after main survey period
SS,RB,SoCal,Venice Breakwater,4/17/2024,NA,NA,As,16.5,Y,Y,NA,NA,Tide height not collected at this site - data collected opportunistically after main survey period
SS,RB,SoCal,Venice Breakwater,4/17/2024,NA,NA,As,16.1,Y,Y,NA,NA,Tide height not collected at this site - data collected opportunistically after main survey period
SS,RB,SoCal,Venice Breakwater,4/17/2024,NA,NA,As,14.5,Y,Y,NA,NA,Tide height not collected at this site - data collected opportunistically after main survey period
SS,RB,SoCal,Venice Breakwater,4/17/2024,NA,NA,M,27.9,Y,Y,NA,NA,Tide height not collected at this site - data collected opportunistically after main survey period
SS,RB,SoCal,Venice Breakwater,4/17/2024,NA,NA,As,20,Y,Y,NA,NA,Tide height not collected at this site - data collected opportunistically after main survey period
SS,RB,SoCal,Venice Breakwater,4/17/2024,NA,NA,M,31.3,Y,Y,NA,NA,Tide height not collected at this site - data collected opportunistically after main survey period
SS,RB,SoCal,Venice Breakwater,4/17/2024,NA,NA,M,32.6,Y,Y,NA,NA,Tide height not collected at this site - data collected opportunistically after main survey period
SS,RB,SoCal,Venice Breakwater,4/17/2024,NA,NA,M,32.4,Y,Y,NA,NA,Tide height not collected at this site - data collected opportunistically after main survey period
SS,RB,SoCal,Venice Breakwater,4/17/2024,NA,NA,M,28.7,Y,Y,NA,NA,Tide height not collected at this site - data collected opportunistically after main survey period
SS,RB,SoCal,Santa Monica,4/17/2024,NA,NA,M,18.2,Y,Y,NA,NA,Tide height not collected at this site - data collected opportunistically after main survey period
SS,RB,SoCal,Santa Monica,4/17/2024,NA,NA,M,18.2,Y,Y,NA,NA,Tide height not collected at this site - data collected opportunistically after main survey period
SS,RB,SoCal,Santa Monica,4/17/2024,NA,NA,M,28.3,Y,Y,NA,NA,Tide height not collected at this site - data collected opportunistically after main survey period
SS,RB,SoCal,Santa Monica,4/17/2024,NA,NA,M,23.6,Y,Y,NA,NA,Tide height not collected at this site - data collected opportunistically after main survey period
SS,RB,SoCal,Santa Monica,4/17/2024,NA,NA,M,28.5,Y,Y,NA,NA,Tide height not collected at this site - data collected opportunistically after main survey period
SS,RB,SoCal,Santa Monica,4/17/2024,NA,NA,M,17.3,Y,Y,NA,NA,Tide height not collected at this site - data collected opportunistically after main survey period
SS,RB,SoCal,Santa Monica,4/17/2024,NA,NA,M,32.2,Y,Y,NA,NA,Tide height not collected at this site - data collected opportunistically after main survey period
SS,RB,SoCal,Santa Monica,4/17/2024,NA,NA,M,16.4,Y,Y,NA,NA,Tide height not collected at this site - data collected opportunistically after main survey period
SS,RB,SoCal,Santa Monica,4/17/2024,NA,NA,M,17.2,Y,Y,NA,NA,Tide height not collected at this site - data collected opportunistically after main survey period
SS,RB,SoCal,Santa Monica,4/17/2024,NA,NA,M,14.7,Y,Y,NA,NA,Tide height not collected at this site - data collected opportunistically after main survey period
SS,RB,SoCal,Santa Monica,4/17/2024,NA,NA,M,16.5,Y,Y,NA,NA,Tide height not collected at this site - data collected opportunistically after main survey period
SS,RB,SoCal,Santa Monica,4/17/2024,NA,NA,M,14.8,Y,Y,NA,NA,Tide height not collected at this site - data collected opportunistically after main survey period
SS,RB,SoCal,Santa Monica,4/17/2024,NA,NA,M,28.5,Y,Y,NA,NA,Tide height not collected at this site - data collected opportunistically after main survey period
SS,RB,SoCal,Santa Monica,4/17/2024,NA,NA,M,22.8,Y,Y,NA,NA,Tide height not collected at this site - data collected opportunistically after main survey period
SS,RB,SoCal,Santa Monica,4/17/2024,NA,NA,M,26.8,Y,Y,NA,NA,Tide height not collected at this site - data collected opportunistically after main survey period
SS,RB,SoCal,Santa Monica,4/17/2024,NA,NA,M,28.1,Y,Y,NA,NA,Tide height not collected at this site - data collected opportunistically after main survey period
SS,RB,SoCal,Santa Monica,4/17/2024,NA,NA,M,19.6,Y,Y,NA,NA,Tide height not collected at this site - data collected opportunistically after main survey period
SS,RB,SoCal,Santa Monica,4/17/2024,NA,NA,M,14.5,Y,Y,NA,NA,Tide height not collected at this site - data collected opportunistically after main survey period
SS,RB,SoCal,Santa Monica,4/17/2024,NA,NA,M,20,Y,Y,NA,NA,Tide height not collected at this site - data collected opportunistically after main survey period
SS,RB,SoCal,Santa Monica,4/17/2024,NA,NA,M,17.3,Y,Y,NA,NA,Tide height not collected at this site - data collected opportunistically after main survey period
SS,RB,SoCal,Santa Monica,4/17/2024,NA,NA,M,15.9,Y,Y,NA,NA,Tide height not collected at this site - data collected opportunistically after main survey period
SS,RB,SoCal,Santa Monica,4/17/2024,NA,NA,M,16.7,Y,Y,NA,NA,Tide height not collected at this site - data collected opportunistically after main survey period
SS,RB,SoCal,Santa Monica,4/17/2024,NA,NA,M,17.4,Y,Y,NA,NA,Tide height not collected at this site - data collected opportunistically after main survey period
SS,RB,SoCal,Santa Monica,4/17/2024,NA,NA,M,13.8,Y,Y,NA,NA,Tide height not collected at this site - data collected opportunistically after main survey period
SS,RB,SoCal,Santa Monica,4/17/2024,NA,NA,M,14.1,Y,Y,NA,NA,Tide height not collected at this site - data collected opportunistically after main survey period
SS,RB,SoCal,Santa Monica,4/17/2024,NA,NA,M,14.7,Y,Y,NA,NA,Tide height not collected at this site - data collected opportunistically after main survey period
SS,RB,SoCal,Santa Monica,4/17/2024,NA,NA,M,29.3,Y,Y,NA,NA,Tide height not collected at this site - data collected opportunistically after main survey period
SS,RB,SoCal,Santa Monica,4/17/2024,NA,NA,M,30.4,Y,Y,NA,NA,Tide height not collected at this site - data collected opportunistically after main survey period
SS,RB,SoCal,Santa Monica,4/17/2024,NA,NA,M,17.6,Y,Y,NA,NA,Tide height not collected at this site - data collected opportunistically after main survey period
SS,RB,SoCal,Santa Monica,4/17/2024,NA,NA,M,18.6,Y,Y,NA,NA,Tide height not collected at this site - data collected opportunistically after main survey period
SS,RB,SoCal,Santa Monica,4/17/2024,NA,NA,M,19.6,Y,Y,NA,NA,Tide height not collected at this site - data collected opportunistically after main survey period
SS,RB,SoCal,Santa Monica,4/17/2024,NA,NA,M,19.5,Y,Y,NA,NA,Tide height not collected at this site - data collected opportunistically after main survey period
SS,RB,SoCal,Santa Monica,4/17/2024,NA,NA,M,14.6,Y,Y,NA,NA,Tide height not collected at this site - data collected opportunistically after main survey period
SS,RB,SoCal,Santa Monica,4/17/2024,NA,NA,M,11.5,Y,Y,NA,NA,Tide height not collected at this site - data collected opportunistically after main survey period
SS,RB,SoCal,Santa Monica,4/17/2024,NA,NA,M,13.7,Y,Y,NA,NA,Tide height not collected at this site - data collected opportunistically after main survey period
SS,RB,SoCal,Santa Monica,4/17/2024,NA,NA,M,20.9,Y,Y,NA,NA,Tide height not collected at this site - data collected opportunistically after main survey period
SS,RB,SoCal,Santa Monica,4/17/2024,NA,NA,M,17,Y,Y,NA,NA,Tide height not collected at this site - data collected opportunistically after main survey period
SS,RB,SoCal,Santa Monica,4/17/2024,NA,NA,M,14.4,Y,Y,NA,NA,Tide height not collected at this site - data collected opportunistically after main survey period
SS,RB,SoCal,Santa Monica,4/17/2024,NA,NA,M,13.4,Y,Y,NA,NA,Tide height not collected at this site - data collected opportunistically after main survey period
SS,RB,SoCal,Santa Monica,4/17/2024,NA,NA,M,28.7,Y,Y,NA,NA,Tide height not collected at this site - data collected opportunistically after main survey period
SS,RB,SoCal,Santa Monica,4/17/2024,NA,NA,M,16.6,Y,Y,NA,NA,Tide height not collected at this site - data collected opportunistically after main survey period
SS,RB,SoCal,Santa Monica,4/17/2024,NA,NA,M,24.1,Y,Y,NA,NA,Tide height not collected at this site - data collected opportunistically after main survey period
SS,RB,SoCal,Santa Monica,4/17/2024,NA,NA,M,9,Y,Y,NA,NA,Tide height not collected at this site - data collected opportunistically after main survey period
SS,RB,SoCal,Santa Monica,4/17/2024,NA,NA,M,15,Y,Y,NA,NA,Tide height not collected at this site - data collected opportunistically after main survey period
SS,RB,SoCal,Santa Monica,4/17/2024,NA,NA,M,15.1,Y,Y,NA,NA,Tide height not collected at this site - data collected opportunistically after main survey period
SS,RB,SoCal,Santa Monica,4/17/2024,NA,NA,M,24.9,Y,Y,NA,NA,Tide height not collected at this site - data collected opportunistically after main survey period
SS,RB,SoCal,Santa Monica,4/17/2024,NA,NA,M,14.8,Y,Y,NA,NA,Tide height not collected at this site - data collected opportunistically after main survey period
